business_id,reason_type,rank,feature,description,point_contribution
APP-00001,adverse,1,credit_volatility_90d,,-8.504614871755338
APP-00001,adverse,2,fe_negative_balance_days,Number of days with negative balances.,-4.8680569924583885
APP-00001,adverse,3,fe_business_credit_score,Business bureau credit score.,-4.641111845928194
APP-00001,adverse,4,fe_balance_to_monthly_expenses,Average 90-day balance divided by monthly expenses.,-3.524007708420735
APP-00001,adverse,5,num_fees_90d,,-2.8408003994980424
APP-00001,protective,1,fe_free_cash_to_expenses,Free cash flow divided by monthly expenses.,5.962874647672288
APP-00001,protective,2,fe_operational_distress_events,Combined bounced payment and reversed transaction count.,5.437679873886328
APP-00001,protective,3,judgments_count,,2.353047774790244
APP-00001,protective,4,free_cash_flow,,1.8601197511827134
APP-00001,protective,5,fe_debt_to_assets,Total liabilities divided by total assets.,0.8494236917233762
APP-00002,adverse,1,fe_negative_balance_days,Number of days with negative balances.,-7.901692957839125
APP-00002,adverse,2,credit_volatility_90d,,-4.959064187808683
APP-00002,adverse,3,fe_business_arrears_days,Business bureau arrears days.,-4.913208981894471
APP-00002,adverse,4,fe_balance_to_monthly_expenses,Average 90-day balance divided by monthly expenses.,-3.524007708420735
APP-00002,adverse,5,fe_liabilities_to_annual_revenue,Total liabilities divided by annual revenue.,-0.31944842822782704
APP-00002,protective,1,fe_free_cash_to_expenses,Free cash flow divided by monthly expenses.,20.461903057643227
APP-00002,protective,2,fe_operational_distress_events,Combined bounced payment and reversed transaction count.,11.709106573753973
APP-00002,protective,3,fe_business_credit_utilization,Business bureau credit utilization.,10.800529950239342
APP-00002,protective,4,fe_debt_to_assets,Total liabilities divided by total assets.,3.7731027473151086
APP-00002,protective,5,director_credit_utilization,,3.6742448595078656
APP-00003,adverse,1,fe_balance_to_monthly_expenses,Average 90-day balance divided by monthly expenses.,-3.524007708420735
APP-00003,adverse,2,fe_business_arrears_days,Business bureau arrears days.,-1.961162279722023
APP-00003,adverse,3,fe_cash_flow_trend,90-day cash-flow trend.,-1.3260283120975773
APP-00003,adverse,4,fe_min_balance_to_expenses,Minimum 90-day balance divided by monthly expenses.,-0.46218785404960144
APP-00003,adverse,5,free_cash_flow,,-0.20461939731471113
APP-00003,protective,1,fe_free_cash_to_expenses,Free cash flow divided by monthly expenses.,13.650972568238105
APP-00003,protective,2,fe_operational_distress_events,Combined bounced payment and reversed transaction count.,11.709106573753973
APP-00003,protective,3,fe_business_credit_utilization,Business bureau credit utilization.,6.759214482367955
APP-00003,protective,4,fe_negative_balance_days,Number of days with negative balances.,4.254378608742005
APP-00003,protective,5,fe_director_credit_score,Director bureau credit score.,3.1307804035859617
APP-00004,adverse,1,credit_volatility_90d,,-8.504614871755338
APP-00004,adverse,2,fe_negative_balance_days,Number of days with negative balances.,-7.901692957839125
APP-00004,adverse,3,fe_business_arrears_days,Business bureau arrears days.,-4.913208981894471
APP-00004,adverse,4,fe_balance_to_monthly_expenses,Average 90-day balance divided by monthly expenses.,-3.524007708420735
APP-00004,adverse,5,fe_business_credit_score,Business bureau credit score.,-2.3295239519651583
APP-00004,protective,1,fe_free_cash_to_expenses,Free cash flow divided by monthly expenses.,5.962874647672288
APP-00004,protective,2,fe_debt_to_assets,Total liabilities divided by total assets.,3.7731027473151086
APP-00004,protective,3,fe_operational_distress_events,Combined bounced payment and reversed transaction count.,2.4804658329330675
APP-00004,protective,4,judgments_count,,2.353047774790244
APP-00004,protective,5,fe_cash_flow_trend,90-day cash-flow trend.,1.5453704172602027
APP-00005,adverse,1,credit_volatility_90d,,-8.504614871755338
APP-00005,adverse,2,fe_negative_balance_days,Number of days with negative balances.,-7.901692957839125
APP-00005,adverse,3,fe_balance_to_monthly_expenses,Average 90-day balance divided by monthly expenses.,-3.524007708420735
APP-00005,adverse,4,fe_business_arrears_days,Business bureau arrears days.,-1.961162279722023
APP-00005,adverse,5,fe_liabilities_to_annual_revenue,Total liabilities divided by annual revenue.,-1.7592117099978195
APP-00005,protective,1,fe_free_cash_to_expenses,Free cash flow divided by monthly expenses.,9.865010580117987
APP-00005,protective,2,fe_operational_distress_events,Combined bounced payment and reversed transaction count.,2.4804658329330675
APP-00005,protective,3,judgments_count,,2.353047774790244
APP-00005,protective,4,num_fees_90d,,2.010929213010523
APP-00005,protective,5,fe_director_credit_score,Director bureau credit score.,1.6183271295413983
APP-00006,adverse,1,fe_negative_balance_days,Number of days with negative balances.,-13.293998017891731
APP-00006,adverse,2,fe_balance_to_monthly_expenses,Average 90-day balance divided by monthly expenses.,-2.623426313246872
APP-00006,adverse,3,fe_min_balance_to_expenses,Minimum 90-day balance divided by monthly expenses.,-0.46218785404960144
APP-00006,adverse,4,fe_cash_flow_trend,90-day cash-flow trend.,-0.4140000361800056
APP-00006,adverse,5,default_flag_bureau_history,,0.0
APP-00006,protective,1,fe_free_cash_to_expenses,Free cash flow divided by monthly expenses.,20.461903057643227
APP-00006,protective,2,fe_operational_distress_events,Combined bounced payment and reversed transaction count.,11.709106573753973
APP-00006,protective,3,fe_business_credit_score,Business bureau credit score.,7.964291288680055
APP-00006,protective,4,fe_business_credit_utilization,Business bureau credit utilization.,6.759214482367955
APP-00006,protective,5,fe_director_credit_score,Director bureau credit score.,4.954496226162749
APP-00007,adverse,1,fe_negative_balance_days,Number of days with negative balances.,-13.293998017891731
APP-00007,adverse,2,fe_business_credit_score,Business bureau credit score.,-8.683101937907402
APP-00007,adverse,3,credit_volatility_90d,,-8.504614871755338
APP-00007,adverse,4,fe_operational_distress_events,Combined bounced payment and reversed transaction count.,-6.384927681010003
APP-00007,adverse,5,fe_director_credit_score,Director bureau credit score.,-6.237124088835444
APP-00007,protective,1,free_cash_flow,,2.584299699991828
APP-00007,protective,2,judgments_count,,2.353047774790244
APP-00007,protective,3,fe_free_cash_to_expenses,Free cash flow divided by monthly expenses.,1.4632110782236816
APP-00007,protective,4,director_judgments_count,,0.7548546387206513
APP-00007,protective,5,num_fees_90d,,0.32385871610423544
APP-00008,adverse,1,credit_volatility_90d,,-8.504614871755338
APP-00008,adverse,2,fe_business_arrears_days,Business bureau arrears days.,-4.913208981894471
APP-00008,adverse,3,fe_business_credit_score,Business bureau credit score.,-4.641111845928194
APP-00008,adverse,4,fe_director_credit_score,Director bureau credit score.,-2.948467644559505
APP-00008,adverse,5,fe_balance_to_monthly_expenses,Average 90-day balance divided by monthly expenses.,-2.623426313246872
APP-00008,protective,1,num_fees_90d,,4.871993346215178
APP-00008,protective,2,judgments_count,,2.353047774790244
APP-00008,protective,3,free_cash_flow,,1.3491110213688227
APP-00008,protective,4,fe_debt_to_assets,Total liabilities divided by total assets.,0.8494236917233762
APP-00008,protective,5,director_judgments_count,,0.7548546387206513
APP-00009,adverse,1,fe_negative_balance_days,Number of days with negative balances.,-13.293998017891731
APP-00009,adverse,2,credit_volatility_90d,,-2.849189795246395
APP-00009,adverse,3,fe_balance_to_monthly_expenses,Average 90-day balance divided by monthly expenses.,-2.0214135668482074
APP-00009,adverse,4,num_fees_90d,,-1.37740785037345
APP-00009,adverse,5,fe_liabilities_to_annual_revenue,Total liabilities divided by annual revenue.,-0.8937349286576866
APP-00009,protective,1,fe_free_cash_to_expenses,Free cash flow divided by monthly expenses.,20.461903057643227
APP-00009,protective,2,fe_director_credit_score,Director bureau credit score.,8.53713995567958
APP-00009,protective,3,fe_business_credit_score,Business bureau credit score.,7.964291288680055
APP-00009,protective,4,fe_business_credit_utilization,Business bureau credit utilization.,5.013564845187844
APP-00009,protective,5,fe_debt_to_assets,Total liabilities divided by total assets.,3.7731027473151086
APP-00010,adverse,1,fe_negative_balance_days,Number of days with negative balances.,-13.293998017891731
APP-00010,adverse,2,credit_volatility_90d,,-8.504614871755338
APP-00010,adverse,3,fe_business_arrears_days,Business bureau arrears days.,-4.913208981894471
APP-00010,adverse,4,fe_balance_to_monthly_expenses,Average 90-day balance divided by monthly expenses.,-2.623426313246872
APP-00010,adverse,5,fe_business_credit_score,Business bureau credit score.,-2.3295239519651583
APP-00010,protective,1,fe_operational_distress_events,Combined bounced payment and reversed transaction count.,11.709106573753973
APP-00010,protective,2,fe_free_cash_to_expenses,Free cash flow divided by monthly expenses.,5.962874647672288
APP-00010,protective,3,judgments_count,,2.353047774790244
APP-00010,protective,4,num_fees_90d,,2.010929213010523
APP-00010,protective,5,fe_debt_to_assets,Total liabilities divided by total assets.,2.0108985974473534
APP-00011,adverse,1,fe_free_cash_to_expenses,Free cash flow divided by monthly expenses.,-20.554380280673865
APP-00011,adverse,2,fe_negative_balance_days,Number of days with negative balances.,-13.293998017891731
APP-00011,adverse,3,credit_volatility_90d,,-8.504614871755338
APP-00011,adverse,4,num_fees_90d,,-6.2408675297329035
APP-00011,adverse,5,fe_business_arrears_days,Business bureau arrears days.,-4.913208981894471
APP-00011,protective,1,fe_operational_distress_events,Combined bounced payment and reversed transaction count.,5.437679873886328
APP-00011,protective,2,judgments_count,,2.353047774790244
APP-00011,protective,3,director_judgments_count,,0.7548546387206513
APP-00011,protective,4,fe_liabilities_to_annual_revenue,Total liabilities divided by annual revenue.,0.07778567324250389
APP-00011,protective,5,fe_reversed_transaction_count,Cumulative reversed transaction count up to the snapshot date.,0.07366748787542682
APP-00012,adverse,1,fe_negative_balance_days,Number of days with negative balances.,-7.901692957839125
APP-00012,adverse,2,fe_balance_to_monthly_expenses,Average 90-day balance divided by monthly expenses.,-2.623426313246872
APP-00012,adverse,3,credit_volatility_90d,,-1.355380855435798
APP-00012,adverse,4,fe_min_balance_to_expenses,Minimum 90-day balance divided by monthly expenses.,-0.46218785404960144
APP-00012,adverse,5,fe_cash_flow_trend,90-day cash-flow trend.,-0.4140000361800056
APP-00012,protective,1,fe_free_cash_to_expenses,Free cash flow divided by monthly expenses.,34.66293806753898
APP-00012,protective,2,fe_operational_distress_events,Combined bounced payment and reversed transaction count.,11.709106573753973
APP-00012,protective,3,fe_business_credit_utilization,Business bureau credit utilization.,10.800529950239342
APP-00012,protective,4,fe_director_credit_score,Director bureau credit score.,8.53713995567958
APP-00012,protective,5,fe_business_credit_score,Business bureau credit score.,5.075043441117233
APP-00013,adverse,1,fe_negative_balance_days,Number of days with negative balances.,-7.901692957839125
APP-00013,adverse,2,fe_balance_to_monthly_expenses,Average 90-day balance divided by monthly expenses.,-0.780179343592776
APP-00013,adverse,3,fe_min_balance_to_expenses,Minimum 90-day balance divided by monthly expenses.,-0.4657799248479859
APP-00013,adverse,4,default_flag_bureau_history,,0.0
APP-00013,adverse,5,fe_reversed_transaction_count,Cumulative reversed transaction count up to the snapshot date.,0.07366748787542682
APP-00013,protective,1,fe_free_cash_to_expenses,Free cash flow divided by monthly expenses.,34.66293806753898
APP-00013,protective,2,fe_business_credit_score,Business bureau credit score.,12.711852452434304
APP-00013,protective,3,fe_operational_distress_events,Combined bounced payment and reversed transaction count.,11.709106573753973
APP-00013,protective,4,fe_director_credit_score,Director bureau credit score.,8.53713995567958
APP-00013,protective,5,fe_business_credit_utilization,Business bureau credit utilization.,6.759214482367955
APP-00014,adverse,1,judgments_count,,-25.1782604609213
APP-00014,adverse,2,credit_volatility_90d,,-4.959064187808683
APP-00014,adverse,3,fe_business_arrears_days,Business bureau arrears days.,-4.913208981894471
APP-00014,adverse,4,fe_negative_balance_days,Number of days with negative balances.,-4.8680569924583885
APP-00014,adverse,5,fe_balance_to_monthly_expenses,Average 90-day balance divided by monthly expenses.,-3.524007708420735
APP-00014,protective,1,fe_operational_distress_events,Combined bounced payment and reversed transaction count.,2.4804658329330675
APP-00014,protective,2,num_fees_90d,,2.010929213010523
APP-00014,protective,3,fe_free_cash_to_expenses,Free cash flow divided by monthly expenses.,1.4632110782236816
APP-00014,protective,4,free_cash_flow,,1.3491110213688227
APP-00014,protective,5,director_credit_utilization,,1.2579709227977574
APP-00015,adverse,1,director_judgments_count,,-15.549679199311921
APP-00015,adverse,2,credit_volatility_90d,,-8.504614871755338
APP-00015,adverse,3,fe_negative_balance_days,Number of days with negative balances.,-7.901692957839125
APP-00015,adverse,4,fe_balance_to_monthly_expenses,Average 90-day balance divided by monthly expenses.,-3.524007708420735
APP-00015,adverse,5,fe_business_arrears_days,Business bureau arrears days.,-1.961162279722023
APP-00015,protective,1,fe_operational_distress_events,Combined bounced payment and reversed transaction count.,11.709106573753973
APP-00015,protective,2,fe_free_cash_to_expenses,Free cash flow divided by monthly expenses.,5.962874647672288
APP-00015,protective,3,fe_business_credit_score,Business bureau credit score.,5.075043441117233
APP-00015,protective,4,fe_business_credit_utilization,Business bureau credit utilization.,5.013564845187844
APP-00015,protective,5,fe_director_credit_score,Director bureau credit score.,3.1307804035859617
APP-00016,adverse,1,fe_negative_balance_days,Number of days with negative balances.,-7.901692957839125
APP-00016,adverse,2,credit_volatility_90d,,-2.849189795246395
APP-00016,adverse,3,fe_balance_to_monthly_expenses,Average 90-day balance divided by monthly expenses.,-2.623426313246872
APP-00016,adverse,4,fe_cash_flow_trend,90-day cash-flow trend.,-1.3260283120975773
APP-00016,adverse,5,fe_business_arrears_days,Business bureau arrears days.,-1.1968320306744686
APP-00016,protective,1,fe_operational_distress_events,Combined bounced payment and reversed transaction count.,11.709106573753973
APP-00016,protective,2,fe_business_credit_utilization,Business bureau credit utilization.,6.759214482367955
APP-00016,protective,3,fe_business_credit_score,Business bureau credit score.,5.075043441117233
APP-00016,protective,4,fe_debt_to_assets,Total liabilities divided by total assets.,3.7731027473151086
APP-00016,protective,5,judgments_count,,2.353047774790244
APP-00017,adverse,1,judgments_count,,-25.1782604609213
APP-00017,adverse,2,fe_free_cash_to_expenses,Free cash flow divided by monthly expenses.,-20.554380280673865
APP-00017,adverse,3,fe_negative_balance_days,Number of days with negative balances.,-13.293998017891731
APP-00017,adverse,4,num_fees_90d,,-6.2408675297329035
APP-00017,adverse,5,fe_business_arrears_days,Business bureau arrears days.,-4.913208981894471
APP-00017,protective,1,fe_debt_to_assets,Total liabilities divided by total assets.,0.8494236917233762
APP-00017,protective,2,director_judgments_count,,0.7548546387206513
APP-00017,protective,3,free_cash_flow,,0.19804180029385973
APP-00017,protective,4,fe_director_credit_score,Director bureau credit score.,0.09565656539891064
APP-00017,protective,5,fe_reversed_transaction_count,Cumulative reversed transaction count up to the snapshot date.,0.07366748787542682
APP-00018,adverse,1,judgments_count,,-25.1782604609213
APP-00018,adverse,2,fe_negative_balance_days,Number of days with negative balances.,-4.8680569924583885
APP-00018,adverse,3,num_fees_90d,,-2.8408003994980424
APP-00018,adverse,4,fe_balance_to_monthly_expenses,Average 90-day balance divided by monthly expenses.,-0.780179343592776
APP-00018,adverse,5,fe_min_balance_to_expenses,Minimum 90-day balance divided by monthly expenses.,-0.4657799248479859
APP-00018,protective,1,fe_free_cash_to_expenses,Free cash flow divided by monthly expenses.,34.66293806753898
APP-00018,protective,2,fe_business_credit_utilization,Business bureau credit utilization.,10.800529950239342
APP-00018,protective,3,fe_business_credit_score,Business bureau credit score.,7.964291288680055
APP-00018,protective,4,credit_volatility_90d,,7.338033457952572
APP-00018,protective,5,fe_director_credit_score,Director bureau credit score.,4.954496226162749
APP-00019,adverse,1,judgments_count,,-25.1782604609213
APP-00019,adverse,2,fe_negative_balance_days,Number of days with negative balances.,-13.293998017891731
APP-00019,adverse,3,fe_free_cash_to_expenses,Free cash flow divided by monthly expenses.,-11.94586487502594
APP-00019,adverse,4,credit_volatility_90d,,-8.504614871755338
APP-00019,adverse,5,fe_balance_to_monthly_expenses,Average 90-day balance divided by monthly expenses.,-3.524007708420735
APP-00019,protective,1,fe_operational_distress_events,Combined bounced payment and reversed transaction count.,5.437679873886328
APP-00019,protective,2,fe_debt_to_assets,Total liabilities divided by total assets.,0.8494236917233762
APP-00019,protective,3,director_judgments_count,,0.7548546387206513
APP-00019,protective,4,fe_cash_flow_trend,90-day cash-flow trend.,0.547911820625718
APP-00019,protective,5,free_cash_flow,,0.19804180029385973
APP-00020,adverse,1,fe_negative_balance_days,Number of days with negative balances.,-13.293998017891731
APP-00020,adverse,2,fe_business_credit_score,Business bureau credit score.,-8.683101937907402
APP-00020,adverse,3,fe_free_cash_to_expenses,Free cash flow divided by monthly expenses.,-6.755373152878332
APP-00020,adverse,4,fe_business_arrears_days,Business bureau arrears days.,-4.913208981894471
APP-00020,adverse,5,fe_balance_to_monthly_expenses,Average 90-day balance divided by monthly expenses.,-3.524007708420735
APP-00020,protective,1,judgments_count,,2.353047774790244
APP-00020,protective,2,director_judgments_count,,0.7548546387206513
APP-00020,protective,3,num_fees_90d,,0.32385871610423544
APP-00020,protective,4,free_cash_flow,,0.19804180029385973
APP-00020,protective,5,fe_reversed_transaction_count,Cumulative reversed transaction count up to the snapshot date.,0.07366748787542682
APP-00021,adverse,1,credit_volatility_90d,,-8.504614871755338
APP-00021,adverse,2,fe_director_credit_score,Director bureau credit score.,-6.237124088835444
APP-00021,adverse,3,fe_business_arrears_days,Business bureau arrears days.,-4.913208981894471
APP-00021,adverse,4,fe_business_credit_score,Business bureau credit score.,-4.641111845928194
APP-00021,adverse,5,fe_balance_to_monthly_expenses,Average 90-day balance divided by monthly expenses.,-3.524007708420735
APP-00021,protective,1,fe_operational_distress_events,Combined bounced payment and reversed transaction count.,11.709106573753973
APP-00021,protective,2,fe_free_cash_to_expenses,Free cash flow divided by monthly expenses.,5.962874647672288
APP-00021,protective,3,fe_business_credit_utilization,Business bureau credit utilization.,2.722917313142548
APP-00021,protective,4,judgments_count,,2.353047774790244
APP-00021,protective,5,num_fees_90d,,2.010929213010523
APP-00022,adverse,1,fe_free_cash_to_expenses,Free cash flow divided by monthly expenses.,-6.755373152878332
APP-00022,adverse,2,fe_business_arrears_days,Business bureau arrears days.,-4.913208981894471
APP-00022,adverse,3,fe_balance_to_monthly_expenses,Average 90-day balance divided by monthly expenses.,-3.524007708420735
APP-00022,adverse,4,fe_liabilities_to_annual_revenue,Total liabilities divided by annual revenue.,-1.7592117099978195
APP-00022,adverse,5,num_fees_90d,,-1.37740785037345
APP-00022,protective,1,fe_operational_distress_events,Combined bounced payment and reversed transaction count.,11.709106573753973
APP-00022,protective,2,fe_business_credit_utilization,Business bureau credit utilization.,6.759214482367955
APP-00022,protective,3,fe_business_credit_score,Business bureau credit score.,5.075043441117233
APP-00022,protective,4,credit_volatility_90d,,4.511334907155653
APP-00022,protective,5,fe_negative_balance_days,Number of days with negative balances.,4.254378608742005
APP-00023,adverse,1,credit_volatility_90d,,-4.959064187808683
APP-00023,adverse,2,fe_business_arrears_days,Business bureau arrears days.,-4.913208981894471
APP-00023,adverse,3,fe_balance_to_monthly_expenses,Average 90-day balance divided by monthly expenses.,-3.524007708420735
APP-00023,adverse,4,fe_min_balance_to_expenses,Minimum 90-day balance divided by monthly expenses.,-0.1769919980503309
APP-00023,adverse,5,default_flag_bureau_history,,0.0
APP-00023,protective,1,fe_operational_distress_events,Combined bounced payment and reversed transaction count.,11.709106573753973
APP-00023,protective,2,fe_free_cash_to_expenses,Free cash flow divided by monthly expenses.,5.962874647672288
APP-00023,protective,3,fe_business_credit_score,Business bureau credit score.,3.479999779230398
APP-00023,protective,4,fe_director_credit_score,Director bureau credit score.,3.1307804035859617
APP-00023,protective,5,fe_business_credit_utilization,Business bureau credit utilization.,2.722917313142548
APP-00024,adverse,1,credit_volatility_90d,,-8.504614871755338
APP-00024,adverse,2,fe_business_arrears_days,Business bureau arrears days.,-4.913208981894471
APP-00024,adverse,3,fe_balance_to_monthly_expenses,Average 90-day balance divided by monthly expenses.,-3.524007708420735
APP-00024,adverse,4,fe_business_credit_utilization,Business bureau credit utilization.,-2.640733523656876
APP-00024,adverse,5,fe_free_cash_to_expenses,Free cash flow divided by monthly expenses.,-1.9825422756539428
APP-00024,protective,1,fe_operational_distress_events,Combined bounced payment and reversed transaction count.,2.4804658329330675
APP-00024,protective,2,judgments_count,,2.353047774790244
APP-00024,protective,3,fe_negative_balance_days,Number of days with negative balances.,0.9657796669140056
APP-00024,protective,4,director_judgments_count,,0.7548546387206513
APP-00024,protective,5,fe_business_credit_score,Business bureau credit score.,0.2342288456261669
APP-00025,adverse,1,fe_balance_to_monthly_expenses,Average 90-day balance divided by monthly expenses.,-2.0214135668482074
APP-00025,adverse,2,fe_business_arrears_days,Business bureau arrears days.,-1.961162279722023
APP-00025,adverse,3,free_cash_flow,,-0.7839558191105869
APP-00025,adverse,4,fe_min_balance_to_expenses,Minimum 90-day balance divided by monthly expenses.,-0.46218785404960144
APP-00025,adverse,5,default_flag_bureau_history,,0.0
APP-00025,protective,1,fe_free_cash_to_expenses,Free cash flow divided by monthly expenses.,20.461903057643227
APP-00025,protective,2,fe_business_credit_score,Business bureau credit score.,12.711852452434304
APP-00025,protective,3,fe_operational_distress_events,Combined bounced payment and reversed transaction count.,11.709106573753973
APP-00025,protective,4,fe_director_credit_score,Director bureau credit score.,8.53713995567958
APP-00025,protective,5,fe_business_credit_utilization,Business bureau credit utilization.,6.759214482367955
APP-00026,adverse,1,fe_free_cash_to_expenses,Free cash flow divided by monthly expenses.,-20.554380280673865
APP-00026,adverse,2,director_judgments_count,,-15.549679199311921
APP-00026,adverse,3,fe_business_credit_score,Business bureau credit score.,-8.683101937907402
APP-00026,adverse,4,fe_business_credit_utilization,Business bureau credit utilization.,-8.597081687085483
APP-00026,adverse,5,fe_negative_balance_days,Number of days with negative balances.,-7.901692957839125
APP-00026,protective,1,judgments_count,,2.353047774790244
APP-00026,protective,2,fe_liabilities_to_annual_revenue,Total liabilities divided by annual revenue.,0.07778567324250389
APP-00026,protective,3,credit_volatility_90d,,0.0
APP-00026,protective,4,default_flag_bureau_history,,0.0
APP-00026,protective,5,fe_min_balance_to_expenses,Minimum 90-day balance divided by monthly expenses.,-0.1769919980503309
APP-00027,adverse,1,fe_business_credit_score,Business bureau credit score.,-8.683101937907402
APP-00027,adverse,2,credit_volatility_90d,,-8.504614871755338
APP-00027,adverse,3,fe_director_credit_score,Director bureau credit score.,-6.237124088835444
APP-00027,adverse,4,fe_business_arrears_days,Business bureau arrears days.,-4.913208981894471
APP-00027,adverse,5,fe_balance_to_monthly_expenses,Average 90-day balance divided by monthly expenses.,-3.524007708420735
APP-00027,protective,1,judgments_count,,2.353047774790244
APP-00027,protective,2,fe_negative_balance_days,Number of days with negative balances.,0.9657796669140056
APP-00027,protective,3,director_judgments_count,,0.7548546387206513
APP-00027,protective,4,fe_cash_flow_trend,90-day cash-flow trend.,0.547911820625718
APP-00027,protective,5,num_fees_90d,,0.32385871610423544
APP-00028,adverse,1,judgments_count,,-25.1782604609213
APP-00028,adverse,2,fe_negative_balance_days,Number of days with negative balances.,-13.293998017891731
APP-00028,adverse,3,fe_free_cash_to_expenses,Free cash flow divided by monthly expenses.,-11.94586487502594
APP-00028,adverse,4,credit_volatility_90d,,-8.504614871755338
APP-00028,adverse,5,fe_business_arrears_days,Business bureau arrears days.,-4.913208981894471
APP-00028,protective,1,fe_business_credit_utilization,Business bureau credit utilization.,5.013564845187844
APP-00028,protective,2,num_fees_90d,,2.010929213010523
APP-00028,protective,3,free_cash_flow,,1.042465580324365
APP-00028,protective,4,director_judgments_count,,0.7548546387206513
APP-00028,protective,5,fe_debt_to_assets,Total liabilities divided by total assets.,0.5028728142430084
APP-00029,adverse,1,fe_negative_balance_days,Number of days with negative balances.,-13.293998017891731
APP-00029,adverse,2,credit_volatility_90d,,-8.504614871755338
APP-00029,adverse,3,fe_balance_to_monthly_expenses,Average 90-day balance divided by monthly expenses.,-2.547013533874613
APP-00029,adverse,4,fe_liabilities_to_annual_revenue,Total liabilities divided by annual revenue.,-1.7592117099978195
APP-00029,adverse,5,fe_director_credit_score,Director bureau credit score.,-1.3123332573632478
APP-00029,protective,1,fe_free_cash_to_expenses,Free cash flow divided by monthly expenses.,20.461903057643227
APP-00029,protective,2,fe_operational_distress_events,Combined bounced payment and reversed transaction count.,11.709106573753973
APP-00029,protective,3,num_fees_90d,,4.871993346215178
APP-00029,protective,4,judgments_count,,2.353047774790244
APP-00029,protective,5,director_credit_utilization,,2.0461658399828875
APP-00030,adverse,1,director_judgments_count,,-15.549679199311921
APP-00030,adverse,2,credit_volatility_90d,,-8.504614871755338
APP-00030,adverse,3,fe_business_arrears_days,Business bureau arrears days.,-4.913208981894471
APP-00030,adverse,4,fe_negative_balance_days,Number of days with negative balances.,-4.8680569924583885
APP-00030,adverse,5,fe_balance_to_monthly_expenses,Average 90-day balance divided by monthly expenses.,-3.524007708420735
APP-00030,protective,1,fe_free_cash_to_expenses,Free cash flow divided by monthly expenses.,9.865010580117987
APP-00030,protective,2,fe_operational_distress_events,Combined bounced payment and reversed transaction count.,5.437679873886328
APP-00030,protective,3,num_fees_90d,,4.871993346215178
APP-00030,protective,4,fe_business_credit_utilization,Business bureau credit utilization.,2.722917313142548
APP-00030,protective,5,judgments_count,,2.353047774790244
APP-00031,adverse,1,fe_negative_balance_days,Number of days with negative balances.,-4.8680569924583885
APP-00031,adverse,2,fe_balance_to_monthly_expenses,Average 90-day balance divided by monthly expenses.,-2.623426313246872
APP-00031,adverse,3,fe_min_balance_to_expenses,Minimum 90-day balance divided by monthly expenses.,-0.4657799248479859
APP-00031,adverse,4,free_cash_flow,,-0.20461939731471113
APP-00031,adverse,5,default_flag_bureau_history,,0.0
APP-00031,protective,1,fe_free_cash_to_expenses,Free cash flow divided by monthly expenses.,13.650972568238105
APP-00031,protective,2,fe_business_credit_score,Business bureau credit score.,12.711852452434304
APP-00031,protective,3,fe_operational_distress_events,Combined bounced payment and reversed transaction count.,11.709106573753973
APP-00031,protective,4,fe_business_credit_utilization,Business bureau credit utilization.,10.800529950239342
APP-00031,protective,5,fe_director_credit_score,Director bureau credit score.,8.53713995567958
APP-00032,adverse,1,fe_negative_balance_days,Number of days with negative balances.,-13.293998017891731
APP-00032,adverse,2,credit_volatility_90d,,-8.504614871755338
APP-00032,adverse,3,fe_free_cash_to_expenses,Free cash flow divided by monthly expenses.,-6.755373152878332
APP-00032,adverse,4,fe_business_arrears_days,Business bureau arrears days.,-4.913208981894471
APP-00032,adverse,5,fe_balance_to_monthly_expenses,Average 90-day balance divided by monthly expenses.,-3.524007708420735
APP-00032,protective,1,fe_operational_distress_events,Combined bounced payment and reversed transaction count.,11.709106573753973
APP-00032,protective,2,judgments_count,,2.353047774790244
APP-00032,protective,3,fe_debt_to_assets,Total liabilities divided by total assets.,0.8494236917233762
APP-00032,protective,4,director_judgments_count,,0.7548546387206513
APP-00032,protective,5,fe_business_credit_utilization,Business bureau credit utilization.,0.7415335345714789
APP-00033,adverse,1,fe_free_cash_to_expenses,Free cash flow divided by monthly expenses.,-20.554380280673865
APP-00033,adverse,2,director_judgments_count,,-15.549679199311921
APP-00033,adverse,3,fe_negative_balance_days,Number of days with negative balances.,-13.293998017891731
APP-00033,adverse,4,fe_operational_distress_events,Combined bounced payment and reversed transaction count.,-10.874830202790402
APP-00033,adverse,5,fe_business_credit_score,Business bureau credit score.,-8.683101937907402
APP-00033,protective,1,judgments_count,,2.353047774790244
APP-00033,protective,2,fe_business_arrears_days,Business bureau arrears days.,0.49026819706509817
APP-00033,protective,3,default_flag_bureau_history,,0.0
APP-00033,protective,4,credit_volatility_90d,,0.0
APP-00033,protective,5,fe_min_balance_to_expenses,Minimum 90-day balance divided by monthly expenses.,-0.1769919980503309
APP-00034,adverse,1,judgments_count,,-25.1782604609213
APP-00034,adverse,2,fe_negative_balance_days,Number of days with negative balances.,-13.293998017891731
APP-00034,adverse,3,fe_free_cash_to_expenses,Free cash flow divided by monthly expenses.,-11.94586487502594
APP-00034,adverse,4,fe_director_credit_score,Director bureau credit score.,-6.237124088835444
APP-00034,adverse,5,fe_business_arrears_days,Business bureau arrears days.,-4.913208981894471
APP-00034,protective,1,num_fees_90d,,4.871993346215178
APP-00034,protective,2,director_judgments_count,,0.7548546387206513
APP-00034,protective,3,fe_business_credit_utilization,Business bureau credit utilization.,0.7415335345714789
APP-00034,protective,4,fe_reversed_transaction_count,Cumulative reversed transaction count up to the snapshot date.,0.07366748787542682
APP-00034,protective,5,default_flag_bureau_history,,0.0
APP-00035,adverse,1,credit_volatility_90d,,-8.504614871755338
APP-00035,adverse,2,fe_negative_balance_days,Number of days with negative balances.,-7.901692957839125
APP-00035,adverse,3,fe_balance_to_monthly_expenses,Average 90-day balance divided by monthly expenses.,-3.524007708420735
APP-00035,adverse,4,num_fees_90d,,-1.37740785037345
APP-00035,adverse,5,fe_business_arrears_days,Business bureau arrears days.,-1.1968320306744686
APP-00035,protective,1,fe_free_cash_to_expenses,Free cash flow divided by monthly expenses.,13.650972568238105
APP-00035,protective,2,fe_business_credit_utilization,Business bureau credit utilization.,6.759214482367955
APP-00035,protective,3,fe_operational_distress_events,Combined bounced payment and reversed transaction count.,5.437679873886328
APP-00035,protective,4,director_credit_utilization,,3.6742448595078656
APP-00035,protective,5,fe_business_credit_score,Business bureau credit score.,3.479999779230398
APP-00036,adverse,1,credit_volatility_90d,,-8.504614871755338
APP-00036,adverse,2,fe_business_arrears_days,Business bureau arrears days.,-4.913208981894471
APP-00036,adverse,3,fe_balance_to_monthly_expenses,Average 90-day balance divided by monthly expenses.,-3.524007708420735
APP-00036,adverse,4,fe_cash_flow_trend,90-day cash-flow trend.,-1.3260283120975773
APP-00036,adverse,5,fe_business_credit_utilization,Business bureau credit utilization.,-0.6594919906026318
APP-00036,protective,1,fe_operational_distress_events,Combined bounced payment and reversed transaction count.,11.709106573753973
APP-00036,protective,2,fe_free_cash_to_expenses,Free cash flow divided by monthly expenses.,9.865010580117987
APP-00036,protective,3,fe_negative_balance_days,Number of days with negative balances.,8.180879840222024
APP-00036,protective,4,fe_business_credit_score,Business bureau credit score.,3.479999779230398
APP-00036,protective,5,fe_director_credit_score,Director bureau credit score.,3.1307804035859617
APP-00037,adverse,1,fe_negative_balance_days,Number of days with negative balances.,-13.293998017891731
APP-00037,adverse,2,fe_business_arrears_days,Business bureau arrears days.,-4.913208981894471
APP-00037,adverse,3,fe_balance_to_monthly_expenses,Average 90-day balance divided by monthly expenses.,-2.623426313246872
APP-00037,adverse,4,fe_free_cash_to_expenses,Free cash flow divided by monthly expenses.,-1.9825422756539428
APP-00037,adverse,5,fe_liabilities_to_annual_revenue,Total liabilities divided by annual revenue.,-1.7592117099978195
APP-00037,protective,1,fe_business_credit_score,Business bureau credit score.,3.479999779230398
APP-00037,protective,2,fe_business_credit_utilization,Business bureau credit utilization.,2.722917313142548
APP-00037,protective,3,fe_operational_distress_events,Combined bounced payment and reversed transaction count.,2.4804658329330675
APP-00037,protective,4,judgments_count,,2.353047774790244
APP-00037,protective,5,fe_director_credit_score,Director bureau credit score.,1.6183271295413983
APP-00038,adverse,1,fe_negative_balance_days,Number of days with negative balances.,-7.901692957839125
APP-00038,adverse,2,fe_business_arrears_days,Business bureau arrears days.,-4.913208981894471
APP-00038,adverse,3,fe_balance_to_monthly_expenses,Average 90-day balance divided by monthly expenses.,-3.524007708420735
APP-00038,adverse,4,credit_volatility_90d,,-2.849189795246395
APP-00038,adverse,5,num_fees_90d,,-2.8408003994980424
APP-00038,protective,1,fe_business_credit_utilization,Business bureau credit utilization.,6.759214482367955
APP-00038,protective,2,fe_free_cash_to_expenses,Free cash flow divided by monthly expenses.,5.962874647672288
APP-00038,protective,3,fe_operational_distress_events,Combined bounced payment and reversed transaction count.,5.437679873886328
APP-00038,protective,4,fe_director_credit_score,Director bureau credit score.,4.954496226162749
APP-00038,protective,5,fe_business_credit_score,Business bureau credit score.,3.479999779230398
APP-00039,adverse,1,judgments_count,,-25.1782604609213
APP-00039,adverse,2,fe_negative_balance_days,Number of days with negative balances.,-13.293998017891731
APP-00039,adverse,3,credit_volatility_90d,,-8.504614871755338
APP-00039,adverse,4,fe_business_arrears_days,Business bureau arrears days.,-4.913208981894471
APP-00039,adverse,5,fe_balance_to_monthly_expenses,Average 90-day balance divided by monthly expenses.,-3.524007708420735
APP-00039,protective,1,fe_director_credit_score,Director bureau credit score.,4.954496226162749
APP-00039,protective,2,fe_business_credit_score,Business bureau credit score.,3.479999779230398
APP-00039,protective,3,fe_operational_distress_events,Combined bounced payment and reversed transaction count.,2.4804658329330675
APP-00039,protective,4,free_cash_flow,,1.042465580324365
APP-00039,protective,5,director_judgments_count,,0.7548546387206513
APP-00040,adverse,1,fe_negative_balance_days,Number of days with negative balances.,-13.293998017891731
APP-00040,adverse,2,credit_volatility_90d,,-4.959064187808683
APP-00040,adverse,3,fe_balance_to_monthly_expenses,Average 90-day balance divided by monthly expenses.,-2.0214135668482074
APP-00040,adverse,4,fe_business_arrears_days,Business bureau arrears days.,-1.961162279722023
APP-00040,adverse,5,fe_liabilities_to_annual_revenue,Total liabilities divided by annual revenue.,-1.7592117099978195
APP-00040,protective,1,fe_free_cash_to_expenses,Free cash flow divided by monthly expenses.,13.650972568238105
APP-00040,protective,2,fe_operational_distress_events,Combined bounced payment and reversed transaction count.,11.709106573753973
APP-00040,protective,3,fe_business_credit_utilization,Business bureau credit utilization.,6.759214482367955
APP-00040,protective,4,fe_business_credit_score,Business bureau credit score.,5.075043441117233
APP-00040,protective,5,fe_director_credit_score,Director bureau credit score.,4.954496226162749
APP-00041,adverse,1,fe_negative_balance_days,Number of days with negative balances.,-13.293998017891731
APP-00041,adverse,2,credit_volatility_90d,,-8.504614871755338
APP-00041,adverse,3,num_fees_90d,,-6.2408675297329035
APP-00041,adverse,4,fe_balance_to_monthly_expenses,Average 90-day balance divided by monthly expenses.,-3.524007708420735
APP-00041,adverse,5,fe_liabilities_to_annual_revenue,Total liabilities divided by annual revenue.,-1.7592117099978195
APP-00041,protective,1,fe_operational_distress_events,Combined bounced payment and reversed transaction count.,11.709106573753973
APP-00041,protective,2,fe_free_cash_to_expenses,Free cash flow divided by monthly expenses.,9.865010580117987
APP-00041,protective,3,fe_business_credit_utilization,Business bureau credit utilization.,6.759214482367955
APP-00041,protective,4,fe_business_credit_score,Business bureau credit score.,5.075043441117233
APP-00041,protective,5,fe_director_credit_score,Director bureau credit score.,4.954496226162749
APP-00042,adverse,1,fe_negative_balance_days,Number of days with negative balances.,-13.293998017891731
APP-00042,adverse,2,credit_volatility_90d,,-8.504614871755338
APP-00042,adverse,3,fe_free_cash_to_expenses,Free cash flow divided by monthly expenses.,-6.755373152878332
APP-00042,adverse,4,fe_business_credit_score,Business bureau credit score.,-4.641111845928194
APP-00042,adverse,5,fe_director_credit_score,Director bureau credit score.,-2.948467644559505
APP-00042,protective,1,fe_operational_distress_events,Combined bounced payment and reversed transaction count.,5.437679873886328
APP-00042,protective,2,num_fees_90d,,4.871993346215178
APP-00042,protective,3,judgments_count,,2.353047774790244
APP-00042,protective,4,free_cash_flow,,1.3491110213688227
APP-00042,protective,5,director_judgments_count,,0.7548546387206513
APP-00043,adverse,1,fe_negative_balance_days,Number of days with negative balances.,-13.293998017891731
APP-00043,adverse,2,credit_volatility_90d,,-8.504614871755338
APP-00043,adverse,3,fe_free_cash_to_expenses,Free cash flow divided by monthly expenses.,-6.755373152878332
APP-00043,adverse,4,fe_operational_distress_events,Combined bounced payment and reversed transaction count.,-4.486610532400765
APP-00043,adverse,5,fe_balance_to_monthly_expenses,Average 90-day balance divided by monthly expenses.,-3.524007708420735
APP-00043,protective,1,fe_business_credit_utilization,Business bureau credit utilization.,2.722917313142548
APP-00043,protective,2,judgments_count,,2.353047774790244
APP-00043,protective,3,fe_debt_to_assets,Total liabilities divided by total assets.,0.8494236917233762
APP-00043,protective,4,fe_cash_flow_trend,90-day cash-flow trend.,0.7832238196312168
APP-00043,protective,5,director_judgments_count,,0.7548546387206513
APP-00044,adverse,1,fe_negative_balance_days,Number of days with negative balances.,-13.293998017891731
APP-00044,adverse,2,credit_volatility_90d,,-8.504614871755338
APP-00044,adverse,3,fe_balance_to_monthly_expenses,Average 90-day balance divided by monthly expenses.,-2.623426313246872
APP-00044,adverse,4,fe_cash_flow_trend,90-day cash-flow trend.,-0.8860362413701749
APP-00044,adverse,5,fe_min_balance_to_expenses,Minimum 90-day balance divided by monthly expenses.,-0.46218785404960144
APP-00044,protective,1,fe_free_cash_to_expenses,Free cash flow divided by monthly expenses.,34.66293806753898
APP-00044,protective,2,fe_operational_distress_events,Combined bounced payment and reversed transaction count.,11.709106573753973
APP-00044,protective,3,fe_business_credit_score,Business bureau credit score.,7.964291288680055
APP-00044,protective,4,fe_business_credit_utilization,Business bureau credit utilization.,6.759214482367955
APP-00044,protective,5,fe_director_credit_score,Director bureau credit score.,4.954496226162749
APP-00045,adverse,1,fe_negative_balance_days,Number of days with negative balances.,-13.293998017891731
APP-00045,adverse,2,credit_volatility_90d,,-8.504614871755338
APP-00045,adverse,3,fe_business_arrears_days,Business bureau arrears days.,-4.913208981894471
APP-00045,adverse,4,fe_balance_to_monthly_expenses,Average 90-day balance divided by monthly expenses.,-3.524007708420735
APP-00045,adverse,5,fe_free_cash_to_expenses,Free cash flow divided by monthly expenses.,-1.9825422756539428
APP-00045,protective,1,num_fees_90d,,4.871993346215178
APP-00045,protective,2,judgments_count,,2.353047774790244
APP-00045,protective,3,fe_business_credit_score,Business bureau credit score.,1.7247574592181576
APP-00045,protective,4,fe_debt_to_assets,Total liabilities divided by total assets.,0.8494236917233762
APP-00045,protective,5,director_judgments_count,,0.7548546387206513
APP-00046,adverse,1,fe_negative_balance_days,Number of days with negative balances.,-7.901692957839125
APP-00046,adverse,2,fe_free_cash_to_expenses,Free cash flow divided by monthly expenses.,-6.755373152878332
APP-00046,adverse,3,credit_volatility_90d,,-4.959064187808683
APP-00046,adverse,4,fe_balance_to_monthly_expenses,Average 90-day balance divided by monthly expenses.,-2.623426313246872
APP-00046,adverse,5,fe_operational_distress_events,Combined bounced payment and reversed transaction count.,-2.1484411457951076
APP-00046,protective,1,fe_business_credit_utilization,Business bureau credit utilization.,6.759214482367955
APP-00046,protective,2,fe_business_credit_score,Business bureau credit score.,3.479999779230398
APP-00046,protective,3,fe_director_credit_score,Director bureau credit score.,3.1307804035859617
APP-00046,protective,4,judgments_count,,2.353047774790244
APP-00046,protective,5,director_credit_utilization,,2.0461658399828875
APP-00047,adverse,1,credit_volatility_90d,,-8.504614871755338
APP-00047,adverse,2,fe_business_arrears_days,Business bureau arrears days.,-4.913208981894471
APP-00047,adverse,3,fe_business_credit_score,Business bureau credit score.,-4.641111845928194
APP-00047,adverse,4,num_fees_90d,,-2.8408003994980424
APP-00047,adverse,5,fe_balance_to_monthly_expenses,Average 90-day balance divided by monthly expenses.,-2.547013533874613
APP-00047,protective,1,judgments_count,,2.353047774790244
APP-00047,protective,2,free_cash_flow,,1.042465580324365
APP-00047,protective,3,fe_negative_balance_days,Number of days with negative balances.,0.9657796669140056
APP-00047,protective,4,director_judgments_count,,0.7548546387206513
APP-00047,protective,5,director_credit_utilization,,0.14065362664514475
APP-00048,adverse,1,credit_volatility_90d,,-8.504614871755338
APP-00048,adverse,2,fe_free_cash_to_expenses,Free cash flow divided by monthly expenses.,-6.755373152878332
APP-00048,adverse,3,fe_business_arrears_days,Business bureau arrears days.,-4.913208981894471
APP-00048,adverse,4,fe_business_credit_score,Business bureau credit score.,-4.641111845928194
APP-00048,adverse,5,fe_balance_to_monthly_expenses,Average 90-day balance divided by monthly expenses.,-3.524007708420735
APP-00048,protective,1,fe_operational_distress_events,Combined bounced payment and reversed transaction count.,11.709106573753973
APP-00048,protective,2,judgments_count,,2.353047774790244
APP-00048,protective,3,fe_cash_flow_trend,90-day cash-flow trend.,1.5453704172602027
APP-00048,protective,4,director_judgments_count,,0.7548546387206513
APP-00048,protective,5,free_cash_flow,,0.19804180029385973
APP-00049,adverse,1,director_judgments_count,,-15.549679199311921
APP-00049,adverse,2,credit_volatility_90d,,-4.959064187808683
APP-00049,adverse,3,fe_business_arrears_days,Business bureau arrears days.,-4.913208981894471
APP-00049,adverse,4,fe_balance_to_monthly_expenses,Average 90-day balance divided by monthly expenses.,-3.524007708420735
APP-00049,adverse,5,num_fees_90d,,-2.8408003994980424
APP-00049,protective,1,fe_negative_balance_days,Number of days with negative balances.,8.180879840222024
APP-00049,protective,2,fe_business_credit_utilization,Business bureau credit utilization.,5.013564845187844
APP-00049,protective,3,judgments_count,,2.353047774790244
APP-00049,protective,4,fe_debt_to_assets,Total liabilities divided by total assets.,0.8494236917233762
APP-00049,protective,5,director_credit_utilization,,0.14065362664514475
APP-00050,adverse,1,fe_negative_balance_days,Number of days with negative balances.,-13.293998017891731
APP-00050,adverse,2,fe_free_cash_to_expenses,Free cash flow divided by monthly expenses.,-11.94586487502594
APP-00050,adverse,3,credit_volatility_90d,,-8.504614871755338
APP-00050,adverse,4,fe_operational_distress_events,Combined bounced payment and reversed transaction count.,-6.384927681010003
APP-00050,adverse,5,fe_business_arrears_days,Business bureau arrears days.,-4.913208981894471
APP-00050,protective,1,num_fees_90d,,4.871993346215178
APP-00050,protective,2,fe_business_credit_utilization,Business bureau credit utilization.,2.722917313142548
APP-00050,protective,3,judgments_count,,2.353047774790244
APP-00050,protective,4,director_credit_utilization,,2.0461658399828875
APP-00050,protective,5,free_cash_flow,,1.042465580324365
APP-00051,adverse,1,credit_volatility_90d,,-8.504614871755338
APP-00051,adverse,2,fe_negative_balance_days,Number of days with negative balances.,-7.901692957839125
APP-00051,adverse,3,fe_operational_distress_events,Combined bounced payment and reversed transaction count.,-4.486610532400765
APP-00051,adverse,4,fe_balance_to_monthly_expenses,Average 90-day balance divided by monthly expenses.,-3.524007708420735
APP-00051,adverse,5,fe_liabilities_to_annual_revenue,Total liabilities divided by annual revenue.,-1.7592117099978195
APP-00051,protective,1,fe_business_credit_utilization,Business bureau credit utilization.,6.759214482367955
APP-00051,protective,2,fe_free_cash_to_expenses,Free cash flow divided by monthly expenses.,5.962874647672288
APP-00051,protective,3,fe_business_credit_score,Business bureau credit score.,5.075043441117233
APP-00051,protective,4,fe_director_credit_score,Director bureau credit score.,4.954496226162749
APP-00051,protective,5,free_cash_flow,,2.584299699991828
APP-00052,adverse,1,fe_balance_to_monthly_expenses,Average 90-day balance divided by monthly expenses.,-3.524007708420735
APP-00052,adverse,2,fe_cash_flow_trend,90-day cash-flow trend.,-1.3260283120975773
APP-00052,adverse,3,fe_min_balance_to_expenses,Minimum 90-day balance divided by monthly expenses.,-0.46218785404960144
APP-00052,adverse,4,default_flag_bureau_history,,0.0
APP-00052,adverse,5,fe_reversed_transaction_count,Cumulative reversed transaction count up to the snapshot date.,0.07366748787542682
APP-00052,protective,1,fe_free_cash_to_expenses,Free cash flow divided by monthly expenses.,34.66293806753898
APP-00052,protective,2,fe_negative_balance_days,Number of days with negative balances.,8.180879840222024
APP-00052,protective,3,fe_business_credit_utilization,Business bureau credit utilization.,6.759214482367955
APP-00052,protective,4,fe_business_arrears_days,Business bureau arrears days.,3.4901483792830854
APP-00052,protective,5,fe_operational_distress_events,Combined bounced payment and reversed transaction count.,2.4804658329330675
APP-00053,adverse,1,fe_free_cash_to_expenses,Free cash flow divided by monthly expenses.,-20.554380280673865
APP-00053,adverse,2,fe_negative_balance_days,Number of days with negative balances.,-13.293998017891731
APP-00053,adverse,3,fe_business_credit_score,Business bureau credit score.,-8.683101937907402
APP-00053,adverse,4,fe_director_credit_score,Director bureau credit score.,-6.237124088835444
APP-00053,adverse,5,fe_business_arrears_days,Business bureau arrears days.,-4.913208981894471
APP-00053,protective,1,fe_operational_distress_events,Combined bounced payment and reversed transaction count.,2.4804658329330675
APP-00053,protective,2,judgments_count,,2.353047774790244
APP-00053,protective,3,director_judgments_count,,0.7548546387206513
APP-00053,protective,4,fe_cash_flow_trend,90-day cash-flow trend.,0.5428448120117055
APP-00053,protective,5,director_credit_utilization,,0.14065362664514475
APP-00054,adverse,1,fe_negative_balance_days,Number of days with negative balances.,-13.293998017891731
APP-00054,adverse,2,credit_volatility_90d,,-8.504614871755338
APP-00054,adverse,3,fe_business_arrears_days,Business bureau arrears days.,-4.913208981894471
APP-00054,adverse,4,num_fees_90d,,-3.9671378997486717
APP-00054,adverse,5,fe_balance_to_monthly_expenses,Average 90-day balance divided by monthly expenses.,-2.623426313246872
APP-00054,protective,1,fe_free_cash_to_expenses,Free cash flow divided by monthly expenses.,13.650972568238105
APP-00054,protective,2,fe_business_credit_score,Business bureau credit score.,3.479999779230398
APP-00054,protective,3,fe_operational_distress_events,Combined bounced payment and reversed transaction count.,2.4804658329330675
APP-00054,protective,4,judgments_count,,2.353047774790244
APP-00054,protective,5,free_cash_flow,,1.8601197511827134
APP-00055,adverse,1,judgments_count,,-25.1782604609213
APP-00055,adverse,2,fe_negative_balance_days,Number of days with negative balances.,-7.901692957839125
APP-00055,adverse,3,num_fees_90d,,-2.8408003994980424
APP-00055,adverse,4,free_cash_flow,,-2.6760763827861784
APP-00055,adverse,5,credit_volatility_90d,,-1.355380855435798
APP-00055,protective,1,fe_free_cash_to_expenses,Free cash flow divided by monthly expenses.,34.66293806753898
APP-00055,protective,2,fe_operational_distress_events,Combined bounced payment and reversed transaction count.,5.437679873886328
APP-00055,protective,3,fe_director_credit_score,Director bureau credit score.,3.1307804035859617
APP-00055,protective,4,fe_debt_to_assets,Total liabilities divided by total assets.,2.0108985974473534
APP-00055,protective,5,fe_business_credit_score,Business bureau credit score.,1.7247574592181576
APP-00056,adverse,1,fe_negative_balance_days,Number of days with negative balances.,-13.293998017891731
APP-00056,adverse,2,credit_volatility_90d,,-8.504614871755338
APP-00056,adverse,3,fe_business_arrears_days,Business bureau arrears days.,-4.913208981894471
APP-00056,adverse,4,fe_balance_to_monthly_expenses,Average 90-day balance divided by monthly expenses.,-2.623426313246872
APP-00056,adverse,5,fe_liabilities_to_annual_revenue,Total liabilities divided by annual revenue.,-0.31944842822782704
APP-00056,protective,1,fe_director_credit_score,Director bureau credit score.,3.1307804035859617
APP-00056,protective,2,fe_business_credit_utilization,Business bureau credit utilization.,2.722917313142548
APP-00056,protective,3,judgments_count,,2.353047774790244
APP-00056,protective,4,fe_debt_to_assets,Total liabilities divided by total assets.,2.0108985974473534
APP-00056,protective,5,fe_free_cash_to_expenses,Free cash flow divided by monthly expenses.,1.4632110782236816
APP-00057,adverse,1,fe_negative_balance_days,Number of days with negative balances.,-13.293998017891731
APP-00057,adverse,2,credit_volatility_90d,,-8.504614871755338
APP-00057,adverse,3,fe_business_arrears_days,Business bureau arrears days.,-4.913208981894471
APP-00057,adverse,4,fe_operational_distress_events,Combined bounced payment and reversed transaction count.,-4.486610532400765
APP-00057,adverse,5,fe_balance_to_monthly_expenses,Average 90-day balance divided by monthly expenses.,-2.623426313246872
APP-00057,protective,1,fe_free_cash_to_expenses,Free cash flow divided by monthly expenses.,9.865010580117987
APP-00057,protective,2,num_fees_90d,,4.871993346215178
APP-00057,protective,3,fe_business_credit_utilization,Business bureau credit utilization.,2.722917313142548
APP-00057,protective,4,judgments_count,,2.353047774790244
APP-00057,protective,5,director_credit_utilization,,1.2579709227977574
APP-00058,adverse,1,fe_negative_balance_days,Number of days with negative balances.,-13.293998017891731
APP-00058,adverse,2,credit_volatility_90d,,-4.959064187808683
APP-00058,adverse,3,fe_business_arrears_days,Business bureau arrears days.,-4.913208981894471
APP-00058,adverse,4,num_fees_90d,,-2.8408003994980424
APP-00058,adverse,5,fe_balance_to_monthly_expenses,Average 90-day balance divided by monthly expenses.,-2.623426313246872
APP-00058,protective,1,fe_operational_distress_events,Combined bounced payment and reversed transaction count.,11.709106573753973
APP-00058,protective,2,fe_free_cash_to_expenses,Free cash flow divided by monthly expenses.,9.865010580117987
APP-00058,protective,3,fe_business_credit_score,Business bureau credit score.,7.964291288680055
APP-00058,protective,4,fe_business_credit_utilization,Business bureau credit utilization.,5.013564845187844
APP-00058,protective,5,fe_director_credit_score,Director bureau credit score.,4.954496226162749
APP-00059,adverse,1,fe_balance_to_monthly_expenses,Average 90-day balance divided by monthly expenses.,-3.524007708420735
APP-00059,adverse,2,fe_free_cash_to_expenses,Free cash flow divided by monthly expenses.,-1.9825422756539428
APP-00059,adverse,3,fe_cash_flow_trend,90-day cash-flow trend.,-1.3260283120975773
APP-00059,adverse,4,fe_min_balance_to_expenses,Minimum 90-day balance divided by monthly expenses.,-0.46218785404960144
APP-00059,adverse,5,default_flag_bureau_history,,0.0
APP-00059,protective,1,fe_operational_distress_events,Combined bounced payment and reversed transaction count.,11.709106573753973
APP-00059,protective,2,fe_negative_balance_days,Number of days with negative balances.,8.180879840222024
APP-00059,protective,3,fe_business_credit_score,Business bureau credit score.,7.964291288680055
APP-00059,protective,4,fe_business_credit_utilization,Business bureau credit utilization.,6.759214482367955
APP-00059,protective,5,fe_director_credit_score,Director bureau credit score.,4.954496226162749
APP-00060,adverse,1,credit_volatility_90d,,-4.959064187808683
APP-00060,adverse,2,fe_negative_balance_days,Number of days with negative balances.,-4.8680569924583885
APP-00060,adverse,3,fe_balance_to_monthly_expenses,Average 90-day balance divided by monthly expenses.,-2.623426313246872
APP-00060,adverse,4,fe_min_balance_to_expenses,Minimum 90-day balance divided by monthly expenses.,-0.46218785404960144
APP-00060,adverse,5,fe_business_arrears_days,Business bureau arrears days.,-0.3684222556821894
APP-00060,protective,1,fe_free_cash_to_expenses,Free cash flow divided by monthly expenses.,20.461903057643227
APP-00060,protective,2,fe_operational_distress_events,Combined bounced payment and reversed transaction count.,11.709106573753973
APP-00060,protective,3,fe_business_credit_utilization,Business bureau credit utilization.,10.800529950239342
APP-00060,protective,4,fe_business_credit_score,Business bureau credit score.,7.964291288680055
APP-00060,protective,5,fe_director_credit_score,Director bureau credit score.,4.954496226162749
APP-00061,adverse,1,fe_negative_balance_days,Number of days with negative balances.,-13.293998017891731
APP-00061,adverse,2,credit_volatility_90d,,-8.504614871755338
APP-00061,adverse,3,num_fees_90d,,-6.2408675297329035
APP-00061,adverse,4,fe_business_arrears_days,Business bureau arrears days.,-4.913208981894471
APP-00061,adverse,5,fe_balance_to_monthly_expenses,Average 90-day balance divided by monthly expenses.,-3.524007708420735
APP-00061,protective,1,fe_free_cash_to_expenses,Free cash flow divided by monthly expenses.,9.865010580117987
APP-00061,protective,2,fe_director_credit_score,Director bureau credit score.,8.53713995567958
APP-00061,protective,3,fe_business_credit_score,Business bureau credit score.,5.075043441117233
APP-00061,protective,4,fe_business_credit_utilization,Business bureau credit utilization.,2.722917313142548
APP-00061,protective,5,judgments_count,,2.353047774790244
APP-00062,adverse,1,credit_volatility_90d,,-4.959064187808683
APP-00062,adverse,2,fe_balance_to_monthly_expenses,Average 90-day balance divided by monthly expenses.,-2.623426313246872
APP-00062,adverse,3,num_fees_90d,,-1.37740785037345
APP-00062,adverse,4,fe_min_balance_to_expenses,Minimum 90-day balance divided by monthly expenses.,-0.46218785404960144
APP-00062,adverse,5,fe_cash_flow_trend,90-day cash-flow trend.,-0.07198315933626437
APP-00062,protective,1,fe_free_cash_to_expenses,Free cash flow divided by monthly expenses.,34.66293806753898
APP-00062,protective,2,fe_director_credit_score,Director bureau credit score.,8.53713995567958
APP-00062,protective,3,fe_business_credit_utilization,Business bureau credit utilization.,6.759214482367955
APP-00062,protective,4,fe_operational_distress_events,Combined bounced payment and reversed transaction count.,5.437679873886328
APP-00062,protective,5,fe_business_credit_score,Business bureau credit score.,5.075043441117233
APP-00063,adverse,1,fe_balance_to_monthly_expenses,Average 90-day balance divided by monthly expenses.,-3.524007708420735
APP-00063,adverse,2,fe_liabilities_to_annual_revenue,Total liabilities divided by annual revenue.,-1.7592117099978195
APP-00063,adverse,3,fe_cash_flow_trend,90-day cash-flow trend.,-0.8860362413701749
APP-00063,adverse,4,fe_min_balance_to_expenses,Minimum 90-day balance divided by monthly expenses.,-0.1769919980503309
APP-00063,adverse,5,default_flag_bureau_history,,0.0
APP-00063,protective,1,fe_free_cash_to_expenses,Free cash flow divided by monthly expenses.,34.66293806753898
APP-00063,protective,2,fe_operational_distress_events,Combined bounced payment and reversed transaction count.,11.709106573753973
APP-00063,protective,3,fe_business_credit_score,Business bureau credit score.,7.964291288680055
APP-00063,protective,4,fe_business_credit_utilization,Business bureau credit utilization.,5.013564845187844
APP-00063,protective,5,fe_director_credit_score,Director bureau credit score.,4.954496226162749
APP-00064,adverse,1,fe_negative_balance_days,Number of days with negative balances.,-13.293998017891731
APP-00064,adverse,2,num_fees_90d,,-2.8408003994980424
APP-00064,adverse,3,fe_balance_to_monthly_expenses,Average 90-day balance divided by monthly expenses.,-2.0214135668482074
APP-00064,adverse,4,fe_min_balance_to_expenses,Minimum 90-day balance divided by monthly expenses.,-0.4657799248479859
APP-00064,adverse,5,default_flag_bureau_history,,0.0
APP-00064,protective,1,fe_free_cash_to_expenses,Free cash flow divided by monthly expenses.,34.66293806753898
APP-00064,protective,2,fe_business_credit_score,Business bureau credit score.,12.711852452434304
APP-00064,protective,3,fe_operational_distress_events,Combined bounced payment and reversed transaction count.,11.709106573753973
APP-00064,protective,4,credit_volatility_90d,,10.8556401030519
APP-00064,protective,5,fe_business_credit_utilization,Business bureau credit utilization.,10.800529950239342
APP-00065,adverse,1,fe_negative_balance_days,Number of days with negative balances.,-13.293998017891731
APP-00065,adverse,2,credit_volatility_90d,,-8.504614871755338
APP-00065,adverse,3,fe_balance_to_monthly_expenses,Average 90-day balance divided by monthly expenses.,-3.524007708420735
APP-00065,adverse,4,fe_business_arrears_days,Business bureau arrears days.,-1.961162279722023
APP-00065,adverse,5,fe_liabilities_to_annual_revenue,Total liabilities divided by annual revenue.,-1.7592117099978195
APP-00065,protective,1,fe_free_cash_to_expenses,Free cash flow divided by monthly expenses.,9.865010580117987
APP-00065,protective,2,fe_business_credit_score,Business bureau credit score.,3.479999779230398
APP-00065,protective,3,fe_director_credit_score,Director bureau credit score.,3.1307804035859617
APP-00065,protective,4,fe_operational_distress_events,Combined bounced payment and reversed transaction count.,2.4804658329330675
APP-00065,protective,5,judgments_count,,2.353047774790244
APP-00066,adverse,1,fe_negative_balance_days,Number of days with negative balances.,-13.293998017891731
APP-00066,adverse,2,fe_business_credit_score,Business bureau credit score.,-8.683101937907402
APP-00066,adverse,3,credit_volatility_90d,,-8.504614871755338
APP-00066,adverse,4,fe_business_arrears_days,Business bureau arrears days.,-4.913208981894471
APP-00066,adverse,5,fe_business_credit_utilization,Business bureau credit utilization.,-4.858807712052527
APP-00066,protective,1,judgments_count,,2.353047774790244
APP-00066,protective,2,director_judgments_count,,0.7548546387206513
APP-00066,protective,3,free_cash_flow,,0.19804180029385973
APP-00066,protective,4,fe_reversed_transaction_count,Cumulative reversed transaction count up to the snapshot date.,0.07366748787542682
APP-00066,protective,5,default_flag_bureau_history,,0.0
APP-00067,adverse,1,fe_negative_balance_days,Number of days with negative balances.,-13.293998017891731
APP-00067,adverse,2,credit_volatility_90d,,-8.504614871755338
APP-00067,adverse,3,num_fees_90d,,-6.2408675297329035
APP-00067,adverse,4,fe_business_arrears_days,Business bureau arrears days.,-4.913208981894471
APP-00067,adverse,5,fe_balance_to_monthly_expenses,Average 90-day balance divided by monthly expenses.,-3.524007708420735
APP-00067,protective,1,fe_operational_distress_events,Combined bounced payment and reversed transaction count.,11.709106573753973
APP-00067,protective,2,fe_free_cash_to_expenses,Free cash flow divided by monthly expenses.,5.962874647672288
APP-00067,protective,3,judgments_count,,2.353047774790244
APP-00067,protective,4,free_cash_flow,,1.8601197511827134
APP-00067,protective,5,director_judgments_count,,0.7548546387206513
APP-00068,adverse,1,fe_balance_to_monthly_expenses,Average 90-day balance divided by monthly expenses.,-2.623426313246872
APP-00068,adverse,2,fe_business_arrears_days,Business bureau arrears days.,-1.961162279722023
APP-00068,adverse,3,credit_volatility_90d,,-1.355380855435798
APP-00068,adverse,4,fe_min_balance_to_expenses,Minimum 90-day balance divided by monthly expenses.,-0.46218785404960144
APP-00068,adverse,5,default_flag_bureau_history,,0.0
APP-00068,protective,1,fe_free_cash_to_expenses,Free cash flow divided by monthly expenses.,20.461903057643227
APP-00068,protective,2,fe_business_credit_utilization,Business bureau credit utilization.,10.800529950239342
APP-00068,protective,3,fe_operational_distress_events,Combined bounced payment and reversed transaction count.,5.437679873886328
APP-00068,protective,4,fe_business_credit_score,Business bureau credit score.,5.075043441117233
APP-00068,protective,5,fe_director_credit_score,Director bureau credit score.,4.954496226162749
APP-00069,adverse,1,fe_negative_balance_days,Number of days with negative balances.,-13.293998017891731
APP-00069,adverse,2,credit_volatility_90d,,-8.504614871755338
APP-00069,adverse,3,num_fees_90d,,-2.8408003994980424
APP-00069,adverse,4,fe_balance_to_monthly_expenses,Average 90-day balance divided by monthly expenses.,-2.623426313246872
APP-00069,adverse,5,fe_business_arrears_days,Business bureau arrears days.,-1.1968320306744686
APP-00069,protective,1,fe_free_cash_to_expenses,Free cash flow divided by monthly expenses.,20.461903057643227
APP-00069,protective,2,fe_business_credit_utilization,Business bureau credit utilization.,5.013564845187844
APP-00069,protective,3,fe_director_credit_score,Director bureau credit score.,4.954496226162749
APP-00069,protective,4,fe_business_credit_score,Business bureau credit score.,3.479999779230398
APP-00069,protective,5,free_cash_flow,,2.584299699991828
APP-00070,adverse,1,credit_volatility_90d,,-8.504614871755338
APP-00070,adverse,2,fe_business_arrears_days,Business bureau arrears days.,-4.913208981894471
APP-00070,adverse,3,fe_operational_distress_events,Combined bounced payment and reversed transaction count.,-4.486610532400765
APP-00070,adverse,4,fe_balance_to_monthly_expenses,Average 90-day balance divided by monthly expenses.,-3.524007708420735
APP-00070,adverse,5,fe_liabilities_to_annual_revenue,Total liabilities divided by annual revenue.,-1.7592117099978195
APP-00070,protective,1,fe_free_cash_to_expenses,Free cash flow divided by monthly expenses.,13.650972568238105
APP-00070,protective,2,num_fees_90d,,4.871993346215178
APP-00070,protective,3,fe_business_credit_utilization,Business bureau credit utilization.,2.722917313142548
APP-00070,protective,4,judgments_count,,2.353047774790244
APP-00070,protective,5,free_cash_flow,,1.3491110213688227
APP-00071,adverse,1,credit_volatility_90d,,-4.959064187808683
APP-00071,adverse,2,fe_balance_to_monthly_expenses,Average 90-day balance divided by monthly expenses.,-2.623426313246872
APP-00071,adverse,3,fe_business_arrears_days,Business bureau arrears days.,-1.961162279722023
APP-00071,adverse,4,fe_cash_flow_trend,90-day cash-flow trend.,-1.3260283120975773
APP-00071,adverse,5,fe_min_balance_to_expenses,Minimum 90-day balance divided by monthly expenses.,-0.46218785404960144
APP-00071,protective,1,fe_free_cash_to_expenses,Free cash flow divided by monthly expenses.,34.66293806753898
APP-00071,protective,2,fe_operational_distress_events,Combined bounced payment and reversed transaction count.,11.709106573753973
APP-00071,protective,3,fe_business_credit_utilization,Business bureau credit utilization.,5.013564845187844
APP-00071,protective,4,fe_debt_to_assets,Total liabilities divided by total assets.,3.7731027473151086
APP-00071,protective,5,fe_director_credit_score,Director bureau credit score.,3.1307804035859617
APP-00072,adverse,1,fe_negative_balance_days,Number of days with negative balances.,-13.293998017891731
APP-00072,adverse,2,credit_volatility_90d,,-8.504614871755338
APP-00072,adverse,3,fe_business_arrears_days,Business bureau arrears days.,-4.913208981894471
APP-00072,adverse,4,fe_director_credit_score,Director bureau credit score.,-2.948467644559505
APP-00072,adverse,5,fe_balance_to_monthly_expenses,Average 90-day balance divided by monthly expenses.,-2.547013533874613
APP-00072,protective,1,num_fees_90d,,4.871993346215178
APP-00072,protective,2,judgments_count,,2.353047774790244
APP-00072,protective,3,free_cash_flow,,1.8601197511827134
APP-00072,protective,4,fe_cash_flow_trend,90-day cash-flow trend.,1.5453704172602027
APP-00072,protective,5,director_credit_utilization,,1.2579709227977574
APP-00073,adverse,1,credit_volatility_90d,,-8.504614871755338
APP-00073,adverse,2,fe_business_arrears_days,Business bureau arrears days.,-4.913208981894471
APP-00073,adverse,3,fe_negative_balance_days,Number of days with negative balances.,-4.8680569924583885
APP-00073,adverse,4,fe_director_credit_score,Director bureau credit score.,-2.948467644559505
APP-00073,adverse,5,fe_balance_to_monthly_expenses,Average 90-day balance divided by monthly expenses.,-2.623426313246872
APP-00073,protective,1,fe_operational_distress_events,Combined bounced payment and reversed transaction count.,5.437679873886328
APP-00073,protective,2,free_cash_flow,,2.584299699991828
APP-00073,protective,3,judgments_count,,2.353047774790244
APP-00073,protective,4,fe_free_cash_to_expenses,Free cash flow divided by monthly expenses.,1.4632110782236816
APP-00073,protective,5,director_credit_utilization,,1.2579709227977574
APP-00074,adverse,1,director_judgments_count,,-15.549679199311921
APP-00074,adverse,2,fe_negative_balance_days,Number of days with negative balances.,-13.293998017891731
APP-00074,adverse,3,credit_volatility_90d,,-8.504614871755338
APP-00074,adverse,4,fe_free_cash_to_expenses,Free cash flow divided by monthly expenses.,-6.755373152878332
APP-00074,adverse,5,fe_operational_distress_events,Combined bounced payment and reversed transaction count.,-4.486610532400765
APP-00074,protective,1,fe_business_credit_utilization,Business bureau credit utilization.,2.722917313142548
APP-00074,protective,2,judgments_count,,2.353047774790244
APP-00074,protective,3,free_cash_flow,,1.8601197511827134
APP-00074,protective,4,director_credit_utilization,,1.2579709227977574
APP-00074,protective,5,fe_debt_to_assets,Total liabilities divided by total assets.,0.08569171056245785
APP-00075,adverse,1,judgments_count,,-25.1782604609213
APP-00075,adverse,2,fe_free_cash_to_expenses,Free cash flow divided by monthly expenses.,-20.554380280673865
APP-00075,adverse,3,fe_negative_balance_days,Number of days with negative balances.,-13.293998017891731
APP-00075,adverse,4,fe_director_credit_score,Director bureau credit score.,-6.237124088835444
APP-00075,adverse,5,fe_business_arrears_days,Business bureau arrears days.,-4.913208981894471
APP-00075,protective,1,director_judgments_count,,0.7548546387206513
APP-00075,protective,2,default_flag_bureau_history,,0.0
APP-00075,protective,3,credit_volatility_90d,,0.0
APP-00075,protective,4,fe_reversed_transaction_count,Cumulative reversed transaction count up to the snapshot date.,-0.12665090155799164
APP-00075,protective,5,fe_min_balance_to_expenses,Minimum 90-day balance divided by monthly expenses.,-0.1769919980503309
APP-00076,adverse,1,fe_negative_balance_days,Number of days with negative balances.,-13.293998017891731
APP-00076,adverse,2,fe_balance_to_monthly_expenses,Average 90-day balance divided by monthly expenses.,-2.623426313246872
APP-00076,adverse,3,fe_business_arrears_days,Business bureau arrears days.,-1.961162279722023
APP-00076,adverse,4,fe_cash_flow_trend,90-day cash-flow trend.,-0.8860362413701749
APP-00076,adverse,5,fe_min_balance_to_expenses,Minimum 90-day balance divided by monthly expenses.,-0.46218785404960144
APP-00076,protective,1,fe_free_cash_to_expenses,Free cash flow divided by monthly expenses.,20.461903057643227
APP-00076,protective,2,fe_director_credit_score,Director bureau credit score.,8.53713995567958
APP-00076,protective,3,fe_business_credit_score,Business bureau credit score.,7.964291288680055
APP-00076,protective,4,fe_business_credit_utilization,Business bureau credit utilization.,6.759214482367955
APP-00076,protective,5,fe_debt_to_assets,Total liabilities divided by total assets.,3.7731027473151086
APP-00077,adverse,1,director_judgments_count,,-15.549679199311921
APP-00077,adverse,2,credit_volatility_90d,,-8.504614871755338
APP-00077,adverse,3,fe_negative_balance_days,Number of days with negative balances.,-4.8680569924583885
APP-00077,adverse,4,fe_balance_to_monthly_expenses,Average 90-day balance divided by monthly expenses.,-2.623426313246872
APP-00077,adverse,5,fe_liabilities_to_annual_revenue,Total liabilities divided by annual revenue.,-1.7592117099978195
APP-00077,protective,1,fe_free_cash_to_expenses,Free cash flow divided by monthly expenses.,5.962874647672288
APP-00077,protective,2,fe_director_credit_score,Director bureau credit score.,3.1307804035859617
APP-00077,protective,3,fe_business_credit_utilization,Business bureau credit utilization.,2.722917313142548
APP-00077,protective,4,fe_operational_distress_events,Combined bounced payment and reversed transaction count.,2.4804658329330675
APP-00077,protective,5,judgments_count,,2.353047774790244
APP-00078,adverse,1,credit_volatility_90d,,-8.504614871755338
APP-00078,adverse,2,fe_negative_balance_days,Number of days with negative balances.,-7.901692957839125
APP-00078,adverse,3,fe_business_arrears_days,Business bureau arrears days.,-4.913208981894471
APP-00078,adverse,4,fe_balance_to_monthly_expenses,Average 90-day balance divided by monthly expenses.,-2.623426313246872
APP-00078,adverse,5,director_credit_utilization,,-0.7400507908412253
APP-00078,protective,1,fe_free_cash_to_expenses,Free cash flow divided by monthly expenses.,20.461903057643227
APP-00078,protective,2,fe_operational_distress_events,Combined bounced payment and reversed transaction count.,11.709106573753973
APP-00078,protective,3,fe_business_credit_score,Business bureau credit score.,5.075043441117233
APP-00078,protective,4,fe_director_credit_score,Director bureau credit score.,3.1307804035859617
APP-00078,protective,5,judgments_count,,2.353047774790244
APP-00079,adverse,1,num_fees_90d,,-3.9671378997486717
APP-00079,adverse,2,fe_balance_to_monthly_expenses,Average 90-day balance divided by monthly expenses.,-2.623426313246872
APP-00079,adverse,3,fe_operational_distress_events,Combined bounced payment and reversed transaction count.,-2.1484411457951076
APP-00079,adverse,4,fe_business_arrears_days,Business bureau arrears days.,-1.961162279722023
APP-00079,adverse,5,fe_liabilities_to_annual_revenue,Total liabilities divided by annual revenue.,-1.7592117099978195
APP-00079,protective,1,fe_business_credit_score,Business bureau credit score.,7.964291288680055
APP-00079,protective,2,fe_business_credit_utilization,Business bureau credit utilization.,6.759214482367955
APP-00079,protective,3,director_credit_utilization,,3.6742448595078656
APP-00079,protective,4,judgments_count,,2.353047774790244
APP-00079,protective,5,fe_debt_to_assets,Total liabilities divided by total assets.,2.0108985974473534
APP-00080,adverse,1,fe_negative_balance_days,Number of days with negative balances.,-13.293998017891731
APP-00080,adverse,2,credit_volatility_90d,,-4.959064187808683
APP-00080,adverse,3,fe_balance_to_monthly_expenses,Average 90-day balance divided by monthly expenses.,-3.524007708420735
APP-00080,adverse,4,fe_business_arrears_days,Business bureau arrears days.,-1.961162279722023
APP-00080,adverse,5,fe_cash_flow_trend,90-day cash-flow trend.,-1.3260283120975773
APP-00080,protective,1,fe_operational_distress_events,Combined bounced payment and reversed transaction count.,5.437679873886328
APP-00080,protective,2,fe_business_credit_score,Business bureau credit score.,5.075043441117233
APP-00080,protective,3,fe_director_credit_score,Director bureau credit score.,3.1307804035859617
APP-00080,protective,4,fe_business_credit_utilization,Business bureau credit utilization.,2.722917313142548
APP-00080,protective,5,judgments_count,,2.353047774790244
APP-00081,adverse,1,fe_negative_balance_days,Number of days with negative balances.,-13.293998017891731
APP-00081,adverse,2,credit_volatility_90d,,-8.504614871755338
APP-00081,adverse,3,fe_free_cash_to_expenses,Free cash flow divided by monthly expenses.,-6.755373152878332
APP-00081,adverse,4,num_fees_90d,,-6.2408675297329035
APP-00081,adverse,5,fe_business_arrears_days,Business bureau arrears days.,-4.913208981894471
APP-00081,protective,1,fe_operational_distress_events,Combined bounced payment and reversed transaction count.,5.437679873886328
APP-00081,protective,2,judgments_count,,2.353047774790244
APP-00081,protective,3,director_judgments_count,,0.7548546387206513
APP-00081,protective,4,fe_business_credit_utilization,Business bureau credit utilization.,0.7415335345714789
APP-00081,protective,5,fe_debt_to_assets,Total liabilities divided by total assets.,0.5028728142430084
APP-00082,adverse,1,fe_negative_balance_days,Number of days with negative balances.,-13.293998017891731
APP-00082,adverse,2,credit_volatility_90d,,-8.504614871755338
APP-00082,adverse,3,fe_free_cash_to_expenses,Free cash flow divided by monthly expenses.,-6.755373152878332
APP-00082,adverse,4,fe_business_arrears_days,Business bureau arrears days.,-4.913208981894471
APP-00082,adverse,5,fe_business_credit_score,Business bureau credit score.,-4.641111845928194
APP-00082,protective,1,judgments_count,,2.353047774790244
APP-00082,protective,2,fe_cash_flow_trend,90-day cash-flow trend.,1.5453704172602027
APP-00082,protective,3,director_judgments_count,,0.7548546387206513
APP-00082,protective,4,fe_reversed_transaction_count,Cumulative reversed transaction count up to the snapshot date.,0.07366748787542682
APP-00082,protective,5,default_flag_bureau_history,,0.0
APP-00083,adverse,1,judgments_count,,-25.1782604609213
APP-00083,adverse,2,fe_negative_balance_days,Number of days with negative balances.,-13.293998017891731
APP-00083,adverse,3,fe_free_cash_to_expenses,Free cash flow divided by monthly expenses.,-11.94586487502594
APP-00083,adverse,4,fe_business_arrears_days,Business bureau arrears days.,-4.913208981894471
APP-00083,adverse,5,fe_business_credit_score,Business bureau credit score.,-4.641111845928194
APP-00083,protective,1,director_judgments_count,,0.7548546387206513
APP-00083,protective,2,director_credit_utilization,,0.14065362664514475
APP-00083,protective,3,fe_reversed_transaction_count,Cumulative reversed transaction count up to the snapshot date.,0.07366748787542682
APP-00083,protective,4,default_flag_bureau_history,,0.0
APP-00083,protective,5,credit_volatility_90d,,0.0
APP-00084,adverse,1,fe_balance_to_monthly_expenses,Average 90-day balance divided by monthly expenses.,-2.0214135668482074
APP-00084,adverse,2,fe_cash_flow_trend,90-day cash-flow trend.,-1.3260283120975773
APP-00084,adverse,3,fe_min_balance_to_expenses,Minimum 90-day balance divided by monthly expenses.,-0.4657799248479859
APP-00084,adverse,4,default_flag_bureau_history,,0.0
APP-00084,adverse,5,fe_reversed_transaction_count,Cumulative reversed transaction count up to the snapshot date.,0.07366748787542682
APP-00084,protective,1,fe_free_cash_to_expenses,Free cash flow divided by monthly expenses.,34.66293806753898
APP-00084,protective,2,fe_operational_distress_events,Combined bounced payment and reversed transaction count.,11.709106573753973
APP-00084,protective,3,fe_negative_balance_days,Number of days with negative balances.,8.180879840222024
APP-00084,protective,4,fe_business_credit_score,Business bureau credit score.,7.964291288680055
APP-00084,protective,5,fe_business_credit_utilization,Business bureau credit utilization.,5.013564845187844
APP-00085,adverse,1,credit_volatility_90d,,-8.504614871755338
APP-00085,adverse,2,fe_business_arrears_days,Business bureau arrears days.,-4.913208981894471
APP-00085,adverse,3,fe_director_credit_score,Director bureau credit score.,-2.948467644559505
APP-00085,adverse,4,fe_balance_to_monthly_expenses,Average 90-day balance divided by monthly expenses.,-2.547013533874613
APP-00085,adverse,5,fe_liabilities_to_annual_revenue,Total liabilities divided by annual revenue.,-1.7592117099978195
APP-00085,protective,1,fe_free_cash_to_expenses,Free cash flow divided by monthly expenses.,5.962874647672288
APP-00085,protective,2,judgments_count,,2.353047774790244
APP-00085,protective,3,num_fees_90d,,2.010929213010523
APP-00085,protective,4,director_credit_utilization,,1.2579709227977574
APP-00085,protective,5,free_cash_flow,,1.042465580324365
APP-00086,adverse,1,credit_volatility_90d,,-4.959064187808683
APP-00086,adverse,2,fe_balance_to_monthly_expenses,Average 90-day balance divided by monthly expenses.,-2.0214135668482074
APP-00086,adverse,3,fe_business_arrears_days,Business bureau arrears days.,-1.1968320306744686
APP-00086,adverse,4,free_cash_flow,,-0.7839558191105869
APP-00086,adverse,5,fe_min_balance_to_expenses,Minimum 90-day balance divided by monthly expenses.,-0.4657799248479859
APP-00086,protective,1,fe_free_cash_to_expenses,Free cash flow divided by monthly expenses.,20.461903057643227
APP-00086,protective,2,fe_business_credit_utilization,Business bureau credit utilization.,6.759214482367955
APP-00086,protective,3,fe_operational_distress_events,Combined bounced payment and reversed transaction count.,5.437679873886328
APP-00086,protective,4,fe_business_credit_score,Business bureau credit score.,5.075043441117233
APP-00086,protective,5,num_fees_90d,,4.871993346215178
APP-00087,adverse,1,fe_negative_balance_days,Number of days with negative balances.,-13.293998017891731
APP-00087,adverse,2,credit_volatility_90d,,-8.504614871755338
APP-00087,adverse,3,fe_business_arrears_days,Business bureau arrears days.,-4.913208981894471
APP-00087,adverse,4,fe_balance_to_monthly_expenses,Average 90-day balance divided by monthly expenses.,-3.524007708420735
APP-00087,adverse,5,fe_min_balance_to_expenses,Minimum 90-day balance divided by monthly expenses.,-0.46218785404960144
APP-00087,protective,1,fe_free_cash_to_expenses,Free cash flow divided by monthly expenses.,13.650972568238105
APP-00087,protective,2,fe_operational_distress_events,Combined bounced payment and reversed transaction count.,11.709106573753973
APP-00087,protective,3,fe_business_credit_utilization,Business bureau credit utilization.,6.759214482367955
APP-00087,protective,4,fe_business_credit_score,Business bureau credit score.,5.075043441117233
APP-00087,protective,5,fe_director_credit_score,Director bureau credit score.,4.954496226162749
APP-00088,adverse,1,fe_negative_balance_days,Number of days with negative balances.,-13.293998017891731
APP-00088,adverse,2,fe_business_arrears_days,Business bureau arrears days.,-4.913208981894471
APP-00088,adverse,3,fe_balance_to_monthly_expenses,Average 90-day balance divided by monthly expenses.,-2.623426313246872
APP-00088,adverse,4,credit_volatility_90d,,-1.355380855435798
APP-00088,adverse,5,fe_cash_flow_trend,90-day cash-flow trend.,-1.3260283120975773
APP-00088,protective,1,fe_free_cash_to_expenses,Free cash flow divided by monthly expenses.,13.650972568238105
APP-00088,protective,2,fe_operational_distress_events,Combined bounced payment and reversed transaction count.,5.437679873886328
APP-00088,protective,3,fe_business_credit_utilization,Business bureau credit utilization.,5.013564845187844
APP-00088,protective,4,fe_business_credit_score,Business bureau credit score.,3.479999779230398
APP-00088,protective,5,free_cash_flow,,2.584299699991828
APP-00089,adverse,1,judgments_count,,-25.1782604609213
APP-00089,adverse,2,credit_volatility_90d,,-8.504614871755338
APP-00089,adverse,3,fe_business_arrears_days,Business bureau arrears days.,-4.913208981894471
APP-00089,adverse,4,fe_balance_to_monthly_expenses,Average 90-day balance divided by monthly expenses.,-3.524007708420735
APP-00089,adverse,5,fe_free_cash_to_expenses,Free cash flow divided by monthly expenses.,-1.9825422756539428
APP-00089,protective,1,num_fees_90d,,4.871993346215178
APP-00089,protective,2,fe_director_credit_score,Director bureau credit score.,3.1307804035859617
APP-00089,protective,3,fe_operational_distress_events,Combined bounced payment and reversed transaction count.,2.4804658329330675
APP-00089,protective,4,free_cash_flow,,1.042465580324365
APP-00089,protective,5,fe_negative_balance_days,Number of days with negative balances.,0.9657796669140056
APP-00090,adverse,1,judgments_count,,-25.1782604609213
APP-00090,adverse,2,fe_negative_balance_days,Number of days with negative balances.,-13.293998017891731
APP-00090,adverse,3,fe_business_arrears_days,Business bureau arrears days.,-4.913208981894471
APP-00090,adverse,4,fe_balance_to_monthly_expenses,Average 90-day balance divided by monthly expenses.,-3.524007708420735
APP-00090,adverse,5,fe_business_credit_utilization,Business bureau credit utilization.,-2.640733523656876
APP-00090,protective,1,fe_operational_distress_events,Combined bounced payment and reversed transaction count.,11.709106573753973
APP-00090,protective,2,free_cash_flow,,2.584299699991828
APP-00090,protective,3,num_fees_90d,,2.010929213010523
APP-00090,protective,4,director_judgments_count,,0.7548546387206513
APP-00090,protective,5,director_credit_utilization,,0.14065362664514475
APP-00091,adverse,1,fe_free_cash_to_expenses,Free cash flow divided by monthly expenses.,-20.554380280673865
APP-00091,adverse,2,fe_negative_balance_days,Number of days with negative balances.,-13.293998017891731
APP-00091,adverse,3,fe_business_credit_score,Business bureau credit score.,-8.683101937907402
APP-00091,adverse,4,fe_director_credit_score,Director bureau credit score.,-6.237124088835444
APP-00091,adverse,5,fe_business_arrears_days,Business bureau arrears days.,-4.913208981894471
APP-00091,protective,1,free_cash_flow,,2.584299699991828
APP-00091,protective,2,judgments_count,,2.353047774790244
APP-00091,protective,3,num_fees_90d,,2.010929213010523
APP-00091,protective,4,director_judgments_count,,0.7548546387206513
APP-00091,protective,5,director_credit_utilization,,0.14065362664514475
APP-00092,adverse,1,fe_free_cash_to_expenses,Free cash flow divided by monthly expenses.,-20.554380280673865
APP-00092,adverse,2,fe_business_credit_score,Business bureau credit score.,-8.683101937907402
APP-00092,adverse,3,fe_operational_distress_events,Combined bounced payment and reversed transaction count.,-6.384927681010003
APP-00092,adverse,4,fe_director_credit_score,Director bureau credit score.,-6.237124088835444
APP-00092,adverse,5,fe_business_arrears_days,Business bureau arrears days.,-4.913208981894471
APP-00092,protective,1,judgments_count,,2.353047774790244
APP-00092,protective,2,director_judgments_count,,0.7548546387206513
APP-00092,protective,3,director_credit_utilization,,0.14065362664514475
APP-00092,protective,4,default_flag_bureau_history,,0.0
APP-00092,protective,5,fe_negative_balance_days,Number of days with negative balances.,0.0
APP-00093,adverse,1,fe_negative_balance_days,Number of days with negative balances.,-4.8680569924583885
APP-00093,adverse,2,fe_balance_to_monthly_expenses,Average 90-day balance divided by monthly expenses.,-2.0214135668482074
APP-00093,adverse,3,fe_liabilities_to_annual_revenue,Total liabilities divided by annual revenue.,-0.8937349286576866
APP-00093,adverse,4,fe_min_balance_to_expenses,Minimum 90-day balance divided by monthly expenses.,-0.4657799248479859
APP-00093,adverse,5,fe_cash_flow_trend,90-day cash-flow trend.,-0.07198315933626437
APP-00093,protective,1,fe_free_cash_to_expenses,Free cash flow divided by monthly expenses.,34.66293806753898
APP-00093,protective,2,fe_business_credit_score,Business bureau credit score.,12.711852452434304
APP-00093,protective,3,fe_director_credit_score,Director bureau credit score.,8.53713995567958
APP-00093,protective,4,fe_business_credit_utilization,Business bureau credit utilization.,6.759214482367955
APP-00093,protective,5,fe_operational_distress_events,Combined bounced payment and reversed transaction count.,5.437679873886328
APP-00094,adverse,1,credit_volatility_90d,,-8.504614871755338
APP-00094,adverse,2,fe_negative_balance_days,Number of days with negative balances.,-7.901692957839125
APP-00094,adverse,3,fe_balance_to_monthly_expenses,Average 90-day balance divided by monthly expenses.,-3.524007708420735
APP-00094,adverse,4,fe_business_arrears_days,Business bureau arrears days.,-1.961162279722023
APP-00094,adverse,5,num_fees_90d,,-1.37740785037345
APP-00094,protective,1,fe_operational_distress_events,Combined bounced payment and reversed transaction count.,11.709106573753973
APP-00094,protective,2,fe_free_cash_to_expenses,Free cash flow divided by monthly expenses.,9.865010580117987
APP-00094,protective,3,fe_director_credit_score,Director bureau credit score.,8.53713995567958
APP-00094,protective,4,fe_business_credit_score,Business bureau credit score.,7.964291288680055
APP-00094,protective,5,fe_business_credit_utilization,Business bureau credit utilization.,6.759214482367955
APP-00095,adverse,1,credit_volatility_90d,,-8.504614871755338
APP-00095,adverse,2,fe_balance_to_monthly_expenses,Average 90-day balance divided by monthly expenses.,-3.524007708420735
APP-00095,adverse,3,fe_business_arrears_days,Business bureau arrears days.,-1.1968320306744686
APP-00095,adverse,4,fe_liabilities_to_annual_revenue,Total liabilities divided by annual revenue.,-0.8937349286576866
APP-00095,adverse,5,director_credit_utilization,,-0.7400507908412253
APP-00095,protective,1,fe_free_cash_to_expenses,Free cash flow divided by monthly expenses.,20.461903057643227
APP-00095,protective,2,fe_operational_distress_events,Combined bounced payment and reversed transaction count.,5.437679873886328
APP-00095,protective,3,fe_business_credit_score,Business bureau credit score.,5.075043441117233
APP-00095,protective,4,judgments_count,,2.353047774790244
APP-00095,protective,5,num_fees_90d,,2.010929213010523
APP-00096,adverse,1,judgments_count,,-25.1782604609213
APP-00096,adverse,2,fe_free_cash_to_expenses,Free cash flow divided by monthly expenses.,-20.554380280673865
APP-00096,adverse,3,fe_business_credit_score,Business bureau credit score.,-8.683101937907402
APP-00096,adverse,4,fe_director_credit_score,Director bureau credit score.,-6.237124088835444
APP-00096,adverse,5,fe_business_arrears_days,Business bureau arrears days.,-4.913208981894471
APP-00096,protective,1,fe_operational_distress_events,Combined bounced payment and reversed transaction count.,5.437679873886328
APP-00096,protective,2,fe_debt_to_assets,Total liabilities divided by total assets.,0.8494236917233762
APP-00096,protective,3,director_judgments_count,,0.7548546387206513
APP-00096,protective,4,free_cash_flow,,0.5534351988121009
APP-00096,protective,5,fe_liabilities_to_annual_revenue,Total liabilities divided by annual revenue.,0.07778567324250389
APP-00097,adverse,1,fe_negative_balance_days,Number of days with negative balances.,-13.293998017891731
APP-00097,adverse,2,credit_volatility_90d,,-8.504614871755338
APP-00097,adverse,3,fe_balance_to_monthly_expenses,Average 90-day balance divided by monthly expenses.,-2.623426313246872
APP-00097,adverse,4,fe_business_credit_score,Business bureau credit score.,-2.3295239519651583
APP-00097,adverse,5,fe_operational_distress_events,Combined bounced payment and reversed transaction count.,-2.1484411457951076
APP-00097,protective,1,fe_free_cash_to_expenses,Free cash flow divided by monthly expenses.,9.865010580117987
APP-00097,protective,2,fe_director_credit_score,Director bureau credit score.,3.1307804035859617
APP-00097,protective,3,fe_business_credit_utilization,Business bureau credit utilization.,2.722917313142548
APP-00097,protective,4,judgments_count,,2.353047774790244
APP-00097,protective,5,fe_debt_to_assets,Total liabilities divided by total assets.,0.8494236917233762
APP-00098,adverse,1,credit_volatility_90d,,-2.849189795246395
APP-00098,adverse,2,fe_balance_to_monthly_expenses,Average 90-day balance divided by monthly expenses.,-2.623426313246872
APP-00098,adverse,3,fe_business_arrears_days,Business bureau arrears days.,-1.961162279722023
APP-00098,adverse,4,fe_liabilities_to_annual_revenue,Total liabilities divided by annual revenue.,-1.7592117099978195
APP-00098,adverse,5,fe_min_balance_to_expenses,Minimum 90-day balance divided by monthly expenses.,-0.46218785404960144
APP-00098,protective,1,fe_director_credit_score,Director bureau credit score.,8.53713995567958
APP-00098,protective,2,fe_business_credit_score,Business bureau credit score.,7.964291288680055
APP-00098,protective,3,fe_free_cash_to_expenses,Free cash flow divided by monthly expenses.,5.962874647672288
APP-00098,protective,4,fe_operational_distress_events,Combined bounced payment and reversed transaction count.,5.437679873886328
APP-00098,protective,5,fe_business_credit_utilization,Business bureau credit utilization.,2.722917313142548
APP-00099,adverse,1,fe_business_credit_score,Business bureau credit score.,-8.683101937907402
APP-00099,adverse,2,num_fees_90d,,-6.2408675297329035
APP-00099,adverse,3,fe_business_credit_utilization,Business bureau credit utilization.,-4.858807712052527
APP-00099,adverse,4,fe_balance_to_monthly_expenses,Average 90-day balance divided by monthly expenses.,-3.524007708420735
APP-00099,adverse,5,director_credit_utilization,,-3.074295593101301
APP-00099,protective,1,judgments_count,,2.353047774790244
APP-00099,protective,2,fe_negative_balance_days,Number of days with negative balances.,0.9657796669140056
APP-00099,protective,3,director_judgments_count,,0.7548546387206513
APP-00099,protective,4,fe_business_arrears_days,Business bureau arrears days.,0.49026819706509817
APP-00099,protective,5,fe_reversed_transaction_count,Cumulative reversed transaction count up to the snapshot date.,0.07366748787542682
APP-00100,adverse,1,credit_volatility_90d,,-8.504614871755338
APP-00100,adverse,2,fe_business_arrears_days,Business bureau arrears days.,-4.913208981894471
APP-00100,adverse,3,fe_balance_to_monthly_expenses,Average 90-day balance divided by monthly expenses.,-3.524007708420735
APP-00100,adverse,4,num_fees_90d,,-1.37740785037345
APP-00100,adverse,5,fe_min_balance_to_expenses,Minimum 90-day balance divided by monthly expenses.,-0.46218785404960144
APP-00100,protective,1,fe_business_credit_score,Business bureau credit score.,7.964291288680055
APP-00100,protective,2,fe_free_cash_to_expenses,Free cash flow divided by monthly expenses.,5.962874647672288
APP-00100,protective,3,fe_operational_distress_events,Combined bounced payment and reversed transaction count.,5.437679873886328
APP-00100,protective,4,fe_director_credit_score,Director bureau credit score.,3.1307804035859617
APP-00100,protective,5,fe_business_credit_utilization,Business bureau credit utilization.,2.722917313142548
APP-00101,adverse,1,credit_volatility_90d,,-8.504614871755338
APP-00101,adverse,2,fe_business_arrears_days,Business bureau arrears days.,-4.913208981894471
APP-00101,adverse,3,fe_balance_to_monthly_expenses,Average 90-day balance divided by monthly expenses.,-2.0214135668482074
APP-00101,adverse,4,fe_liabilities_to_annual_revenue,Total liabilities divided by annual revenue.,-0.8937349286576866
APP-00101,adverse,5,fe_min_balance_to_expenses,Minimum 90-day balance divided by monthly expenses.,-0.4657799248479859
APP-00101,protective,1,fe_free_cash_to_expenses,Free cash flow divided by monthly expenses.,34.66293806753898
APP-00101,protective,2,fe_operational_distress_events,Combined bounced payment and reversed transaction count.,11.709106573753973
APP-00101,protective,3,fe_business_credit_utilization,Business bureau credit utilization.,10.800529950239342
APP-00101,protective,4,fe_director_credit_score,Director bureau credit score.,8.53713995567958
APP-00101,protective,5,fe_negative_balance_days,Number of days with negative balances.,8.180879840222024
APP-00102,adverse,1,fe_liabilities_to_annual_revenue,Total liabilities divided by annual revenue.,-0.8937349286576866
APP-00102,adverse,2,fe_balance_to_monthly_expenses,Average 90-day balance divided by monthly expenses.,-0.780179343592776
APP-00102,adverse,3,fe_min_balance_to_expenses,Minimum 90-day balance divided by monthly expenses.,-0.31430848511378734
APP-00102,adverse,4,free_cash_flow,,-0.20461939731471113
APP-00102,adverse,5,default_flag_bureau_history,,0.0
APP-00102,protective,1,fe_free_cash_to_expenses,Free cash flow divided by monthly expenses.,34.66293806753898
APP-00102,protective,2,fe_business_credit_score,Business bureau credit score.,12.711852452434304
APP-00102,protective,3,fe_operational_distress_events,Combined bounced payment and reversed transaction count.,11.709106573753973
APP-00102,protective,4,fe_director_credit_score,Director bureau credit score.,8.53713995567958
APP-00102,protective,5,fe_business_credit_utilization,Business bureau credit utilization.,6.759214482367955
APP-00103,adverse,1,judgments_count,,-25.1782604609213
APP-00103,adverse,2,fe_negative_balance_days,Number of days with negative balances.,-13.293998017891731
APP-00103,adverse,3,credit_volatility_90d,,-8.504614871755338
APP-00103,adverse,4,fe_business_arrears_days,Business bureau arrears days.,-4.913208981894471
APP-00103,adverse,5,fe_balance_to_monthly_expenses,Average 90-day balance divided by monthly expenses.,-3.524007708420735
APP-00103,protective,1,fe_operational_distress_events,Combined bounced payment and reversed transaction count.,11.709106573753973
APP-00103,protective,2,fe_cash_flow_trend,90-day cash-flow trend.,1.5453704172602027
APP-00103,protective,3,fe_debt_to_assets,Total liabilities divided by total assets.,0.8494236917233762
APP-00103,protective,4,director_judgments_count,,0.7548546387206513
APP-00103,protective,5,fe_business_credit_utilization,Business bureau credit utilization.,0.6226063250127287
APP-00104,adverse,1,judgments_count,,-25.1782604609213
APP-00104,adverse,2,fe_negative_balance_days,Number of days with negative balances.,-13.293998017891731
APP-00104,adverse,3,credit_volatility_90d,,-8.504614871755338
APP-00104,adverse,4,fe_business_arrears_days,Business bureau arrears days.,-4.913208981894471
APP-00104,adverse,5,fe_balance_to_monthly_expenses,Average 90-day balance divided by monthly expenses.,-3.524007708420735
APP-00104,protective,1,fe_operational_distress_events,Combined bounced payment and reversed transaction count.,11.709106573753973
APP-00104,protective,2,fe_business_credit_utilization,Business bureau credit utilization.,2.722917313142548
APP-00104,protective,3,free_cash_flow,,1.3491110213688227
APP-00104,protective,4,fe_debt_to_assets,Total liabilities divided by total assets.,0.8494236917233762
APP-00104,protective,5,director_judgments_count,,0.7548546387206513
APP-00105,adverse,1,fe_balance_to_monthly_expenses,Average 90-day balance divided by monthly expenses.,-2.623426313246872
APP-00105,adverse,2,fe_min_balance_to_expenses,Minimum 90-day balance divided by monthly expenses.,-0.4657799248479859
APP-00105,adverse,3,fe_cash_flow_trend,90-day cash-flow trend.,-0.12835445394705575
APP-00105,adverse,4,default_flag_bureau_history,,0.0
APP-00105,adverse,5,fe_reversed_transaction_count,Cumulative reversed transaction count up to the snapshot date.,0.07366748787542682
APP-00105,protective,1,fe_free_cash_to_expenses,Free cash flow divided by monthly expenses.,34.66293806753898
APP-00105,protective,2,fe_business_credit_score,Business bureau credit score.,12.711852452434304
APP-00105,protective,3,fe_operational_distress_events,Combined bounced payment and reversed transaction count.,11.709106573753973
APP-00105,protective,4,fe_director_credit_score,Director bureau credit score.,8.53713995567958
APP-00105,protective,5,credit_volatility_90d,,7.338033457952572
APP-00106,adverse,1,judgments_count,,-25.1782604609213
APP-00106,adverse,2,fe_free_cash_to_expenses,Free cash flow divided by monthly expenses.,-20.554380280673865
APP-00106,adverse,3,fe_business_credit_score,Business bureau credit score.,-8.683101937907402
APP-00106,adverse,4,credit_volatility_90d,,-8.504614871755338
APP-00106,adverse,5,fe_negative_balance_days,Number of days with negative balances.,-7.901692957839125
APP-00106,protective,1,fe_operational_distress_events,Combined bounced payment and reversed transaction count.,2.4804658329330675
APP-00106,protective,2,director_judgments_count,,0.7548546387206513
APP-00106,protective,3,fe_business_credit_utilization,Business bureau credit utilization.,0.6226063250127287
APP-00106,protective,4,num_fees_90d,,0.32385871610423544
APP-00106,protective,5,fe_director_credit_score,Director bureau credit score.,0.09565656539891064
APP-00107,adverse,1,credit_volatility_90d,,-8.504614871755338
APP-00107,adverse,2,fe_business_arrears_days,Business bureau arrears days.,-4.913208981894471
APP-00107,adverse,3,fe_balance_to_monthly_expenses,Average 90-day balance divided by monthly expenses.,-3.524007708420735
APP-00107,adverse,4,fe_negative_balance_days,Number of days with negative balances.,-1.9109674332830326
APP-00107,adverse,5,fe_liabilities_to_annual_revenue,Total liabilities divided by annual revenue.,-1.7592117099978195
APP-00107,protective,1,fe_free_cash_to_expenses,Free cash flow divided by monthly expenses.,13.650972568238105
APP-00107,protective,2,fe_operational_distress_events,Combined bounced payment and reversed transaction count.,5.437679873886328
APP-00107,protective,3,num_fees_90d,,4.871993346215178
APP-00107,protective,4,fe_business_credit_utilization,Business bureau credit utilization.,2.722917313142548
APP-00107,protective,5,judgments_count,,2.353047774790244
APP-00108,adverse,1,fe_negative_balance_days,Number of days with negative balances.,-13.293998017891731
APP-00108,adverse,2,credit_volatility_90d,,-8.504614871755338
APP-00108,adverse,3,fe_free_cash_to_expenses,Free cash flow divided by monthly expenses.,-6.755373152878332
APP-00108,adverse,4,fe_business_arrears_days,Business bureau arrears days.,-4.913208981894471
APP-00108,adverse,5,fe_business_credit_score,Business bureau credit score.,-4.641111845928194
APP-00108,protective,1,judgments_count,,2.353047774790244
APP-00108,protective,2,fe_debt_to_assets,Total liabilities divided by total assets.,0.8494236917233762
APP-00108,protective,3,director_judgments_count,,0.7548546387206513
APP-00108,protective,4,director_credit_utilization,,0.03894481681141416
APP-00108,protective,5,default_flag_bureau_history,,0.0
APP-00109,adverse,1,judgments_count,,-25.1782604609213
APP-00109,adverse,2,credit_volatility_90d,,-8.504614871755338
APP-00109,adverse,3,fe_negative_balance_days,Number of days with negative balances.,-7.901692957839125
APP-00109,adverse,4,fe_free_cash_to_expenses,Free cash flow divided by monthly expenses.,-6.755373152878332
APP-00109,adverse,5,fe_business_arrears_days,Business bureau arrears days.,-4.913208981894471
APP-00109,protective,1,fe_operational_distress_events,Combined bounced payment and reversed transaction count.,5.437679873886328
APP-00109,protective,2,num_fees_90d,,2.010929213010523
APP-00109,protective,3,director_credit_utilization,,1.2579709227977574
APP-00109,protective,4,director_judgments_count,,0.7548546387206513
APP-00109,protective,5,fe_business_credit_utilization,Business bureau credit utilization.,0.7415335345714789
APP-00110,adverse,1,fe_negative_balance_days,Number of days with negative balances.,-13.293998017891731
APP-00110,adverse,2,credit_volatility_90d,,-4.959064187808683
APP-00110,adverse,3,fe_balance_to_monthly_expenses,Average 90-day balance divided by monthly expenses.,-2.623426313246872
APP-00110,adverse,4,fe_cash_flow_trend,90-day cash-flow trend.,-1.3260283120975773
APP-00110,adverse,5,fe_min_balance_to_expenses,Minimum 90-day balance divided by monthly expenses.,-0.46218785404960144
APP-00110,protective,1,fe_free_cash_to_expenses,Free cash flow divided by monthly expenses.,9.865010580117987
APP-00110,protective,2,num_fees_90d,,4.871993346215178
APP-00110,protective,3,fe_operational_distress_events,Combined bounced payment and reversed transaction count.,2.4804658329330675
APP-00110,protective,4,judgments_count,,2.353047774790244
APP-00110,protective,5,fe_business_arrears_days,Business bureau arrears days.,2.212283061098245
APP-00111,adverse,1,credit_volatility_90d,,-8.504614871755338
APP-00111,adverse,2,fe_balance_to_monthly_expenses,Average 90-day balance divided by monthly expenses.,-3.524007708420735
APP-00111,adverse,3,fe_business_arrears_days,Business bureau arrears days.,-1.961162279722023
APP-00111,adverse,4,num_fees_90d,,-1.37740785037345
APP-00111,adverse,5,fe_liabilities_to_annual_revenue,Total liabilities divided by annual revenue.,-0.8937349286576866
APP-00111,protective,1,fe_free_cash_to_expenses,Free cash flow divided by monthly expenses.,34.66293806753898
APP-00111,protective,2,fe_business_credit_utilization,Business bureau credit utilization.,6.759214482367955
APP-00111,protective,3,fe_director_credit_score,Director bureau credit score.,3.1307804035859617
APP-00111,protective,4,fe_operational_distress_events,Combined bounced payment and reversed transaction count.,2.4804658329330675
APP-00111,protective,5,judgments_count,,2.353047774790244
APP-00112,adverse,1,fe_negative_balance_days,Number of days with negative balances.,-13.293998017891731
APP-00112,adverse,2,credit_volatility_90d,,-8.504614871755338
APP-00112,adverse,3,fe_free_cash_to_expenses,Free cash flow divided by monthly expenses.,-6.755373152878332
APP-00112,adverse,4,fe_business_arrears_days,Business bureau arrears days.,-4.913208981894471
APP-00112,adverse,5,fe_balance_to_monthly_expenses,Average 90-day balance divided by monthly expenses.,-3.524007708420735
APP-00112,protective,1,fe_operational_distress_events,Combined bounced payment and reversed transaction count.,5.437679873886328
APP-00112,protective,2,fe_business_credit_utilization,Business bureau credit utilization.,2.722917313142548
APP-00112,protective,3,judgments_count,,2.353047774790244
APP-00112,protective,4,fe_business_credit_score,Business bureau credit score.,1.7247574592181576
APP-00112,protective,5,free_cash_flow,,1.3491110213688227
APP-00113,adverse,1,fe_negative_balance_days,Number of days with negative balances.,-13.293998017891731
APP-00113,adverse,2,fe_balance_to_monthly_expenses,Average 90-day balance divided by monthly expenses.,-3.524007708420735
APP-00113,adverse,3,fe_business_arrears_days,Business bureau arrears days.,-1.961162279722023
APP-00113,adverse,4,fe_min_balance_to_expenses,Minimum 90-day balance divided by monthly expenses.,-0.46218785404960144
APP-00113,adverse,5,default_flag_bureau_history,,0.0
APP-00113,protective,1,fe_free_cash_to_expenses,Free cash flow divided by monthly expenses.,13.650972568238105
APP-00113,protective,2,fe_business_credit_score,Business bureau credit score.,7.964291288680055
APP-00113,protective,3,fe_business_credit_utilization,Business bureau credit utilization.,6.759214482367955
APP-00113,protective,4,fe_operational_distress_events,Combined bounced payment and reversed transaction count.,5.437679873886328
APP-00113,protective,5,fe_director_credit_score,Director bureau credit score.,4.954496226162749
APP-00114,adverse,1,fe_negative_balance_days,Number of days with negative balances.,-13.293998017891731
APP-00114,adverse,2,credit_volatility_90d,,-8.504614871755338
APP-00114,adverse,3,fe_operational_distress_events,Combined bounced payment and reversed transaction count.,-6.384927681010003
APP-00114,adverse,4,fe_business_arrears_days,Business bureau arrears days.,-4.913208981894471
APP-00114,adverse,5,fe_business_credit_score,Business bureau credit score.,-4.641111845928194
APP-00114,protective,1,fe_business_credit_utilization,Business bureau credit utilization.,5.013564845187844
APP-00114,protective,2,judgments_count,,2.353047774790244
APP-00114,protective,3,num_fees_90d,,2.010929213010523
APP-00114,protective,4,fe_free_cash_to_expenses,Free cash flow divided by monthly expenses.,1.4632110782236816
APP-00114,protective,5,free_cash_flow,,1.042465580324365
APP-00115,adverse,1,num_fees_90d,,-6.2408675297329035
APP-00115,adverse,2,fe_balance_to_monthly_expenses,Average 90-day balance divided by monthly expenses.,-2.0214135668482074
APP-00115,adverse,3,fe_liabilities_to_annual_revenue,Total liabilities divided by annual revenue.,-0.8937349286576866
APP-00115,adverse,4,fe_min_balance_to_expenses,Minimum 90-day balance divided by monthly expenses.,-0.46218785404960144
APP-00115,adverse,5,fe_business_arrears_days,Business bureau arrears days.,-0.3684222556821894
APP-00115,protective,1,fe_free_cash_to_expenses,Free cash flow divided by monthly expenses.,34.66293806753898
APP-00115,protective,2,fe_operational_distress_events,Combined bounced payment and reversed transaction count.,11.709106573753973
APP-00115,protective,3,fe_business_credit_utilization,Business bureau credit utilization.,10.800529950239342
APP-00115,protective,4,fe_negative_balance_days,Number of days with negative balances.,8.180879840222024
APP-00115,protective,5,fe_business_credit_score,Business bureau credit score.,5.075043441117233
APP-00116,adverse,1,fe_negative_balance_days,Number of days with negative balances.,-4.8680569924583885
APP-00116,adverse,2,fe_balance_to_monthly_expenses,Average 90-day balance divided by monthly expenses.,-2.623426313246872
APP-00116,adverse,3,fe_business_arrears_days,Business bureau arrears days.,-1.961162279722023
APP-00116,adverse,4,fe_cash_flow_trend,90-day cash-flow trend.,-0.8860362413701749
APP-00116,adverse,5,fe_min_balance_to_expenses,Minimum 90-day balance divided by monthly expenses.,-0.46218785404960144
APP-00116,protective,1,fe_free_cash_to_expenses,Free cash flow divided by monthly expenses.,34.66293806753898
APP-00116,protective,2,fe_operational_distress_events,Combined bounced payment and reversed transaction count.,11.709106573753973
APP-00116,protective,3,fe_business_credit_utilization,Business bureau credit utilization.,6.759214482367955
APP-00116,protective,4,credit_volatility_90d,,4.511334907155653
APP-00116,protective,5,fe_debt_to_assets,Total liabilities divided by total assets.,3.7731027473151086
APP-00117,adverse,1,judgments_count,,-25.1782604609213
APP-00117,adverse,2,credit_volatility_90d,,-8.504614871755338
APP-00117,adverse,3,fe_business_arrears_days,Business bureau arrears days.,-4.913208981894471
APP-00117,adverse,4,fe_balance_to_monthly_expenses,Average 90-day balance divided by monthly expenses.,-3.524007708420735
APP-00117,adverse,5,fe_business_credit_utilization,Business bureau credit utilization.,-2.640733523656876
APP-00117,protective,1,fe_free_cash_to_expenses,Free cash flow divided by monthly expenses.,5.962874647672288
APP-00117,protective,2,num_fees_90d,,4.871993346215178
APP-00117,protective,3,fe_liabilities_to_annual_revenue,Total liabilities divided by annual revenue.,2.035740170027491
APP-00117,protective,4,fe_negative_balance_days,Number of days with negative balances.,0.9657796669140056
APP-00117,protective,5,director_judgments_count,,0.7548546387206513
APP-00118,adverse,1,fe_negative_balance_days,Number of days with negative balances.,-13.293998017891731
APP-00118,adverse,2,credit_volatility_90d,,-8.504614871755338
APP-00118,adverse,3,fe_balance_to_monthly_expenses,Average 90-day balance divided by monthly expenses.,-3.524007708420735
APP-00118,adverse,4,fe_business_credit_score,Business bureau credit score.,-2.3295239519651583
APP-00118,adverse,5,fe_liabilities_to_annual_revenue,Total liabilities divided by annual revenue.,-1.7592117099978195
APP-00118,protective,1,fe_operational_distress_events,Combined bounced payment and reversed transaction count.,11.709106573753973
APP-00118,protective,2,judgments_count,,2.353047774790244
APP-00118,protective,3,free_cash_flow,,1.8601197511827134
APP-00118,protective,4,fe_free_cash_to_expenses,Free cash flow divided by monthly expenses.,1.4632110782236816
APP-00118,protective,5,director_credit_utilization,,1.2579709227977574
APP-00119,adverse,1,fe_balance_to_monthly_expenses,Average 90-day balance divided by monthly expenses.,-3.524007708420735
APP-00119,adverse,2,credit_volatility_90d,,-1.355380855435798
APP-00119,adverse,3,fe_cash_flow_trend,90-day cash-flow trend.,-1.3260283120975773
APP-00119,adverse,4,fe_business_arrears_days,Business bureau arrears days.,-1.1968320306744686
APP-00119,adverse,5,fe_liabilities_to_annual_revenue,Total liabilities divided by annual revenue.,-0.8937349286576866
APP-00119,protective,1,fe_free_cash_to_expenses,Free cash flow divided by monthly expenses.,34.66293806753898
APP-00119,protective,2,fe_business_credit_score,Business bureau credit score.,12.711852452434304
APP-00119,protective,3,fe_operational_distress_events,Combined bounced payment and reversed transaction count.,11.709106573753973
APP-00119,protective,4,fe_director_credit_score,Director bureau credit score.,8.53713995567958
APP-00119,protective,5,fe_business_credit_utilization,Business bureau credit utilization.,6.759214482367955
APP-00120,adverse,1,fe_negative_balance_days,Number of days with negative balances.,-13.293998017891731
APP-00120,adverse,2,credit_volatility_90d,,-8.504614871755338
APP-00120,adverse,3,fe_business_arrears_days,Business bureau arrears days.,-4.913208981894471
APP-00120,adverse,4,fe_balance_to_monthly_expenses,Average 90-day balance divided by monthly expenses.,-2.623426313246872
APP-00120,adverse,5,fe_cash_flow_trend,90-day cash-flow trend.,-1.3260283120975773
APP-00120,protective,1,fe_free_cash_to_expenses,Free cash flow divided by monthly expenses.,13.650972568238105
APP-00120,protective,2,fe_operational_distress_events,Combined bounced payment and reversed transaction count.,5.437679873886328
APP-00120,protective,3,fe_business_credit_utilization,Business bureau credit utilization.,2.722917313142548
APP-00120,protective,4,judgments_count,,2.353047774790244
APP-00120,protective,5,free_cash_flow,,1.3491110213688227
APP-00121,adverse,1,fe_negative_balance_days,Number of days with negative balances.,-13.293998017891731
APP-00121,adverse,2,credit_volatility_90d,,-8.504614871755338
APP-00121,adverse,3,fe_business_arrears_days,Business bureau arrears days.,-4.913208981894471
APP-00121,adverse,4,fe_balance_to_monthly_expenses,Average 90-day balance divided by monthly expenses.,-2.623426313246872
APP-00121,adverse,5,fe_cash_flow_trend,90-day cash-flow trend.,-1.3260283120975773
APP-00121,protective,1,fe_free_cash_to_expenses,Free cash flow divided by monthly expenses.,13.650972568238105
APP-00121,protective,2,fe_business_credit_utilization,Business bureau credit utilization.,6.759214482367955
APP-00121,protective,3,fe_operational_distress_events,Combined bounced payment and reversed transaction count.,5.437679873886328
APP-00121,protective,4,num_fees_90d,,4.871993346215178
APP-00121,protective,5,director_credit_utilization,,3.6742448595078656
APP-00122,adverse,1,fe_free_cash_to_expenses,Free cash flow divided by monthly expenses.,-20.554380280673865
APP-00122,adverse,2,fe_business_credit_score,Business bureau credit score.,-8.683101937907402
APP-00122,adverse,3,credit_volatility_90d,,-8.504614871755338
APP-00122,adverse,4,fe_negative_balance_days,Number of days with negative balances.,-7.901692957839125
APP-00122,adverse,5,fe_director_credit_score,Director bureau credit score.,-6.237124088835444
APP-00122,protective,1,num_fees_90d,,4.871993346215178
APP-00122,protective,2,judgments_count,,2.353047774790244
APP-00122,protective,3,director_judgments_count,,0.7548546387206513
APP-00122,protective,4,fe_debt_to_assets,Total liabilities divided by total assets.,0.5028728142430084
APP-00122,protective,5,free_cash_flow,,0.19804180029385973
APP-00123,adverse,1,judgments_count,,-25.1782604609213
APP-00123,adverse,2,fe_free_cash_to_expenses,Free cash flow divided by monthly expenses.,-20.554380280673865
APP-00123,adverse,3,fe_operational_distress_events,Combined bounced payment and reversed transaction count.,-6.384927681010003
APP-00123,adverse,4,fe_director_credit_score,Director bureau credit score.,-6.237124088835444
APP-00123,adverse,5,fe_business_arrears_days,Business bureau arrears days.,-4.913208981894471
APP-00123,protective,1,free_cash_flow,,1.042465580324365
APP-00123,protective,2,director_judgments_count,,0.7548546387206513
APP-00123,protective,3,fe_business_credit_score,Business bureau credit score.,0.2342288456261669
APP-00123,protective,4,fe_reversed_transaction_count,Cumulative reversed transaction count up to the snapshot date.,0.07366748787542682
APP-00123,protective,5,fe_negative_balance_days,Number of days with negative balances.,0.0
APP-00124,adverse,1,fe_negative_balance_days,Number of days with negative balances.,-13.293998017891731
APP-00124,adverse,2,fe_balance_to_monthly_expenses,Average 90-day balance divided by monthly expenses.,-3.524007708420735
APP-00124,adverse,3,credit_volatility_90d,,-2.849189795246395
APP-00124,adverse,4,fe_business_arrears_days,Business bureau arrears days.,-1.961162279722023
APP-00124,adverse,5,fe_liabilities_to_annual_revenue,Total liabilities divided by annual revenue.,-1.7592117099978195
APP-00124,protective,1,fe_free_cash_to_expenses,Free cash flow divided by monthly expenses.,13.650972568238105
APP-00124,protective,2,fe_operational_distress_events,Combined bounced payment and reversed transaction count.,11.709106573753973
APP-00124,protective,3,fe_business_credit_score,Business bureau credit score.,5.075043441117233
APP-00124,protective,4,fe_director_credit_score,Director bureau credit score.,4.954496226162749
APP-00124,protective,5,free_cash_flow,,2.584299699991828
APP-00125,adverse,1,fe_balance_to_monthly_expenses,Average 90-day balance divided by monthly expenses.,-2.623426313246872
APP-00125,adverse,2,fe_liabilities_to_annual_revenue,Total liabilities divided by annual revenue.,-1.7592117099978195
APP-00125,adverse,3,num_fees_90d,,-1.37740785037345
APP-00125,adverse,4,fe_min_balance_to_expenses,Minimum 90-day balance divided by monthly expenses.,-0.4657799248479859
APP-00125,adverse,5,default_flag_bureau_history,,0.0
APP-00125,protective,1,fe_free_cash_to_expenses,Free cash flow divided by monthly expenses.,13.650972568238105
APP-00125,protective,2,fe_business_credit_score,Business bureau credit score.,12.711852452434304
APP-00125,protective,3,fe_negative_balance_days,Number of days with negative balances.,8.180879840222024
APP-00125,protective,4,fe_business_credit_utilization,Business bureau credit utilization.,6.759214482367955
APP-00125,protective,5,fe_operational_distress_events,Combined bounced payment and reversed transaction count.,5.437679873886328
APP-00126,adverse,1,judgments_count,,-25.1782604609213
APP-00126,adverse,2,fe_negative_balance_days,Number of days with negative balances.,-13.293998017891731
APP-00126,adverse,3,fe_free_cash_to_expenses,Free cash flow divided by monthly expenses.,-11.94586487502594
APP-00126,adverse,4,fe_business_credit_score,Business bureau credit score.,-8.683101937907402
APP-00126,adverse,5,credit_volatility_90d,,-8.504614871755338
APP-00126,protective,1,free_cash_flow,,1.3491110213688227
APP-00126,protective,2,director_judgments_count,,0.7548546387206513
APP-00126,protective,3,default_flag_bureau_history,,0.0
APP-00126,protective,4,fe_reversed_transaction_count,Cumulative reversed transaction count up to the snapshot date.,-0.06242419073481043
APP-00126,protective,5,fe_cash_flow_trend,90-day cash-flow trend.,-0.07198315933626437
APP-00127,adverse,1,director_judgments_count,,-15.549679199311921
APP-00127,adverse,2,credit_volatility_90d,,-8.504614871755338
APP-00127,adverse,3,fe_business_arrears_days,Business bureau arrears days.,-4.913208981894471
APP-00127,adverse,4,fe_balance_to_monthly_expenses,Average 90-day balance divided by monthly expenses.,-3.524007708420735
APP-00127,adverse,5,fe_negative_balance_days,Number of days with negative balances.,-1.9109674332830326
APP-00127,protective,1,fe_free_cash_to_expenses,Free cash flow divided by monthly expenses.,5.962874647672288
APP-00127,protective,2,num_fees_90d,,4.871993346215178
APP-00127,protective,3,judgments_count,,2.353047774790244
APP-00127,protective,4,free_cash_flow,,1.042465580324365
APP-00127,protective,5,fe_business_credit_utilization,Business bureau credit utilization.,0.7415335345714789
APP-00128,adverse,1,credit_volatility_90d,,-4.959064187808683
APP-00128,adverse,2,fe_liabilities_to_annual_revenue,Total liabilities divided by annual revenue.,-1.7592117099978195
APP-00128,adverse,3,num_fees_90d,,-1.37740785037345
APP-00128,adverse,4,fe_cash_flow_trend,90-day cash-flow trend.,-1.3260283120975773
APP-00128,adverse,5,fe_balance_to_monthly_expenses,Average 90-day balance divided by monthly expenses.,-0.780179343592776
APP-00128,protective,1,fe_free_cash_to_expenses,Free cash flow divided by monthly expenses.,20.461903057643227
APP-00128,protective,2,fe_business_credit_score,Business bureau credit score.,12.711852452434304
APP-00128,protective,3,fe_operational_distress_events,Combined bounced payment and reversed transaction count.,11.709106573753973
APP-00128,protective,4,fe_director_credit_score,Director bureau credit score.,8.53713995567958
APP-00128,protective,5,fe_business_credit_utilization,Business bureau credit utilization.,5.013564845187844
APP-00129,adverse,1,credit_volatility_90d,,-8.504614871755338
APP-00129,adverse,2,fe_business_arrears_days,Business bureau arrears days.,-4.913208981894471
APP-00129,adverse,3,fe_balance_to_monthly_expenses,Average 90-day balance divided by monthly expenses.,-3.524007708420735
APP-00129,adverse,4,num_fees_90d,,-1.37740785037345
APP-00129,adverse,5,fe_liabilities_to_annual_revenue,Total liabilities divided by annual revenue.,-0.8937349286576866
APP-00129,protective,1,fe_free_cash_to_expenses,Free cash flow divided by monthly expenses.,20.461903057643227
APP-00129,protective,2,fe_operational_distress_events,Combined bounced payment and reversed transaction count.,11.709106573753973
APP-00129,protective,3,fe_business_credit_score,Business bureau credit score.,5.075043441117233
APP-00129,protective,4,fe_business_credit_utilization,Business bureau credit utilization.,5.013564845187844
APP-00129,protective,5,judgments_count,,2.353047774790244
APP-00130,adverse,1,fe_negative_balance_days,Number of days with negative balances.,-13.293998017891731
APP-00130,adverse,2,credit_volatility_90d,,-8.504614871755338
APP-00130,adverse,3,fe_business_arrears_days,Business bureau arrears days.,-4.913208981894471
APP-00130,adverse,4,fe_balance_to_monthly_expenses,Average 90-day balance divided by monthly expenses.,-2.623426313246872
APP-00130,adverse,5,fe_liabilities_to_annual_revenue,Total liabilities divided by annual revenue.,-1.7592117099978195
APP-00130,protective,1,fe_free_cash_to_expenses,Free cash flow divided by monthly expenses.,13.650972568238105
APP-00130,protective,2,num_fees_90d,,4.871993346215178
APP-00130,protective,3,fe_business_credit_utilization,Business bureau credit utilization.,2.722917313142548
APP-00130,protective,4,judgments_count,,2.353047774790244
APP-00130,protective,5,fe_debt_to_assets,Total liabilities divided by total assets.,0.8494236917233762
APP-00131,adverse,1,credit_volatility_90d,,-4.959064187808683
APP-00131,adverse,2,fe_balance_to_monthly_expenses,Average 90-day balance divided by monthly expenses.,-2.623426313246872
APP-00131,adverse,3,fe_operational_distress_events,Combined bounced payment and reversed transaction count.,-2.1484411457951076
APP-00131,adverse,4,fe_business_arrears_days,Business bureau arrears days.,-1.961162279722023
APP-00131,adverse,5,fe_liabilities_to_annual_revenue,Total liabilities divided by annual revenue.,-1.7592117099978195
APP-00131,protective,1,fe_free_cash_to_expenses,Free cash flow divided by monthly expenses.,9.865010580117987
APP-00131,protective,2,fe_business_credit_utilization,Business bureau credit utilization.,5.013564845187844
APP-00131,protective,3,fe_negative_balance_days,Number of days with negative balances.,4.254378608742005
APP-00131,protective,4,free_cash_flow,,2.584299699991828
APP-00131,protective,5,judgments_count,,2.353047774790244
APP-00132,adverse,1,fe_negative_balance_days,Number of days with negative balances.,-4.8680569924583885
APP-00132,adverse,2,fe_balance_to_monthly_expenses,Average 90-day balance divided by monthly expenses.,-3.524007708420735
APP-00132,adverse,3,fe_liabilities_to_annual_revenue,Total liabilities divided by annual revenue.,-1.7592117099978195
APP-00132,adverse,4,fe_min_balance_to_expenses,Minimum 90-day balance divided by monthly expenses.,-0.1769919980503309
APP-00132,adverse,5,default_flag_bureau_history,,0.0
APP-00132,protective,1,fe_free_cash_to_expenses,Free cash flow divided by monthly expenses.,13.650972568238105
APP-00132,protective,2,fe_operational_distress_events,Combined bounced payment and reversed transaction count.,11.709106573753973
APP-00132,protective,3,fe_business_credit_score,Business bureau credit score.,5.075043441117233
APP-00132,protective,4,fe_director_credit_score,Director bureau credit score.,3.1307804035859617
APP-00132,protective,5,fe_business_credit_utilization,Business bureau credit utilization.,2.722917313142548
APP-00133,adverse,1,director_judgments_count,,-15.549679199311921
APP-00133,adverse,2,fe_negative_balance_days,Number of days with negative balances.,-13.293998017891731
APP-00133,adverse,3,credit_volatility_90d,,-4.959064187808683
APP-00133,adverse,4,fe_business_arrears_days,Business bureau arrears days.,-4.913208981894471
APP-00133,adverse,5,fe_balance_to_monthly_expenses,Average 90-day balance divided by monthly expenses.,-2.547013533874613
APP-00133,protective,1,fe_free_cash_to_expenses,Free cash flow divided by monthly expenses.,5.962874647672288
APP-00133,protective,2,fe_business_credit_utilization,Business bureau credit utilization.,5.013564845187844
APP-00133,protective,3,fe_operational_distress_events,Combined bounced payment and reversed transaction count.,2.4804658329330675
APP-00133,protective,4,judgments_count,,2.353047774790244
APP-00133,protective,5,director_credit_utilization,,2.0461658399828875
APP-00134,adverse,1,fe_free_cash_to_expenses,Free cash flow divided by monthly expenses.,-20.554380280673865
APP-00134,adverse,2,fe_business_arrears_days,Business bureau arrears days.,-4.913208981894471
APP-00134,adverse,3,fe_balance_to_monthly_expenses,Average 90-day balance divided by monthly expenses.,-3.524007708420735
APP-00134,adverse,4,fe_business_credit_score,Business bureau credit score.,-2.3295239519651583
APP-00134,adverse,5,fe_liabilities_to_annual_revenue,Total liabilities divided by annual revenue.,-1.7592117099978195
APP-00134,protective,1,judgments_count,,2.353047774790244
APP-00134,protective,2,fe_debt_to_assets,Total liabilities divided by total assets.,0.8494236917233762
APP-00134,protective,3,director_judgments_count,,0.7548546387206513
APP-00134,protective,4,num_fees_90d,,0.32385871610423544
APP-00134,protective,5,fe_director_credit_score,Director bureau credit score.,0.09565656539891064
APP-00135,adverse,1,fe_negative_balance_days,Number of days with negative balances.,-13.293998017891731
APP-00135,adverse,2,credit_volatility_90d,,-8.504614871755338
APP-00135,adverse,3,fe_business_arrears_days,Business bureau arrears days.,-4.913208981894471
APP-00135,adverse,4,fe_balance_to_monthly_expenses,Average 90-day balance divided by monthly expenses.,-3.524007708420735
APP-00135,adverse,5,fe_director_credit_score,Director bureau credit score.,-2.948467644559505
APP-00135,protective,1,fe_business_credit_utilization,Business bureau credit utilization.,2.722917313142548
APP-00135,protective,2,fe_operational_distress_events,Combined bounced payment and reversed transaction count.,2.4804658329330675
APP-00135,protective,3,judgments_count,,2.353047774790244
APP-00135,protective,4,num_fees_90d,,2.010929213010523
APP-00135,protective,5,fe_debt_to_assets,Total liabilities divided by total assets.,0.8494236917233762
APP-00136,adverse,1,fe_negative_balance_days,Number of days with negative balances.,-13.293998017891731
APP-00136,adverse,2,fe_operational_distress_events,Combined bounced payment and reversed transaction count.,-6.384927681010003
APP-00136,adverse,3,credit_volatility_90d,,-2.849189795246395
APP-00136,adverse,4,fe_balance_to_monthly_expenses,Average 90-day balance divided by monthly expenses.,-2.623426313246872
APP-00136,adverse,5,fe_business_arrears_days,Business bureau arrears days.,-1.961162279722023
APP-00136,protective,1,fe_free_cash_to_expenses,Free cash flow divided by monthly expenses.,13.650972568238105
APP-00136,protective,2,fe_business_credit_utilization,Business bureau credit utilization.,6.759214482367955
APP-00136,protective,3,fe_business_credit_score,Business bureau credit score.,3.479999779230398
APP-00136,protective,4,fe_director_credit_score,Director bureau credit score.,3.1307804035859617
APP-00136,protective,5,free_cash_flow,,2.584299699991828
APP-00137,adverse,1,fe_negative_balance_days,Number of days with negative balances.,-7.901692957839125
APP-00137,adverse,2,credit_volatility_90d,,-4.959064187808683
APP-00137,adverse,3,fe_balance_to_monthly_expenses,Average 90-day balance divided by monthly expenses.,-2.0214135668482074
APP-00137,adverse,4,fe_business_arrears_days,Business bureau arrears days.,-1.1968320306744686
APP-00137,adverse,5,fe_min_balance_to_expenses,Minimum 90-day balance divided by monthly expenses.,-0.4657799248479859
APP-00137,protective,1,fe_free_cash_to_expenses,Free cash flow divided by monthly expenses.,34.66293806753898
APP-00137,protective,2,fe_business_credit_utilization,Business bureau credit utilization.,6.759214482367955
APP-00137,protective,3,fe_operational_distress_events,Combined bounced payment and reversed transaction count.,5.437679873886328
APP-00137,protective,4,director_credit_utilization,,3.6742448595078656
APP-00137,protective,5,judgments_count,,2.353047774790244
APP-00138,adverse,1,credit_volatility_90d,,-8.504614871755338
APP-00138,adverse,2,fe_operational_distress_events,Combined bounced payment and reversed transaction count.,-6.384927681010003
APP-00138,adverse,3,fe_business_arrears_days,Business bureau arrears days.,-4.913208981894471
APP-00138,adverse,4,fe_balance_to_monthly_expenses,Average 90-day balance divided by monthly expenses.,-3.524007708420735
APP-00138,adverse,5,fe_business_credit_score,Business bureau credit score.,-2.3295239519651583
APP-00138,protective,1,fe_free_cash_to_expenses,Free cash flow divided by monthly expenses.,9.865010580117987
APP-00138,protective,2,judgments_count,,2.353047774790244
APP-00138,protective,3,num_fees_90d,,2.010929213010523
APP-00138,protective,4,fe_director_credit_score,Director bureau credit score.,1.6183271295413983
APP-00138,protective,5,fe_cash_flow_trend,90-day cash-flow trend.,1.5453704172602027
APP-00139,adverse,1,credit_volatility_90d,,-8.504614871755338
APP-00139,adverse,2,fe_balance_to_monthly_expenses,Average 90-day balance divided by monthly expenses.,-3.524007708420735
APP-00139,adverse,3,fe_business_arrears_days,Business bureau arrears days.,-1.961162279722023
APP-00139,adverse,4,fe_liabilities_to_annual_revenue,Total liabilities divided by annual revenue.,-1.7592117099978195
APP-00139,adverse,5,fe_cash_flow_trend,90-day cash-flow trend.,-1.3260283120975773
APP-00139,protective,1,fe_negative_balance_days,Number of days with negative balances.,15.752340130605875
APP-00139,protective,2,fe_operational_distress_events,Combined bounced payment and reversed transaction count.,11.709106573753973
APP-00139,protective,3,fe_free_cash_to_expenses,Free cash flow divided by monthly expenses.,9.865010580117987
APP-00139,protective,4,fe_business_credit_score,Business bureau credit score.,5.075043441117233
APP-00139,protective,5,fe_business_credit_utilization,Business bureau credit utilization.,2.722917313142548
APP-00140,adverse,1,credit_volatility_90d,,-8.504614871755338
APP-00140,adverse,2,fe_balance_to_monthly_expenses,Average 90-day balance divided by monthly expenses.,-2.547013533874613
APP-00140,adverse,3,fe_business_arrears_days,Business bureau arrears days.,-1.961162279722023
APP-00140,adverse,4,fe_liabilities_to_annual_revenue,Total liabilities divided by annual revenue.,-0.8937349286576866
APP-00140,adverse,5,fe_cash_flow_trend,90-day cash-flow trend.,-0.8860362413701749
APP-00140,protective,1,fe_free_cash_to_expenses,Free cash flow divided by monthly expenses.,20.461903057643227
APP-00140,protective,2,fe_business_credit_utilization,Business bureau credit utilization.,6.759214482367955
APP-00140,protective,3,fe_operational_distress_events,Combined bounced payment and reversed transaction count.,5.437679873886328
APP-00140,protective,4,fe_negative_balance_days,Number of days with negative balances.,4.254378608742005
APP-00140,protective,5,director_credit_utilization,,3.6742448595078656
APP-00141,adverse,1,fe_negative_balance_days,Number of days with negative balances.,-13.293998017891731
APP-00141,adverse,2,fe_balance_to_monthly_expenses,Average 90-day balance divided by monthly expenses.,-2.0214135668482074
APP-00141,adverse,3,fe_cash_flow_trend,90-day cash-flow trend.,-1.3260283120975773
APP-00141,adverse,4,fe_min_balance_to_expenses,Minimum 90-day balance divided by monthly expenses.,-0.4657799248479859
APP-00141,adverse,5,fe_liabilities_to_annual_revenue,Total liabilities divided by annual revenue.,-0.31944842822782704
APP-00141,protective,1,fe_free_cash_to_expenses,Free cash flow divided by monthly expenses.,34.66293806753898
APP-00141,protective,2,fe_business_credit_score,Business bureau credit score.,12.711852452434304
APP-00141,protective,3,fe_operational_distress_events,Combined bounced payment and reversed transaction count.,11.709106573753973
APP-00141,protective,4,fe_director_credit_score,Director bureau credit score.,8.53713995567958
APP-00141,protective,5,credit_volatility_90d,,7.338033457952572
APP-00142,adverse,1,fe_negative_balance_days,Number of days with negative balances.,-13.293998017891731
APP-00142,adverse,2,credit_volatility_90d,,-8.504614871755338
APP-00142,adverse,3,fe_balance_to_monthly_expenses,Average 90-day balance divided by monthly expenses.,-3.524007708420735
APP-00142,adverse,4,fe_cash_flow_trend,90-day cash-flow trend.,-0.8860362413701749
APP-00142,adverse,5,free_cash_flow,,-0.20461939731471113
APP-00142,protective,1,fe_free_cash_to_expenses,Free cash flow divided by monthly expenses.,13.650972568238105
APP-00142,protective,2,fe_operational_distress_events,Combined bounced payment and reversed transaction count.,11.709106573753973
APP-00142,protective,3,fe_business_credit_score,Business bureau credit score.,5.075043441117233
APP-00142,protective,4,fe_business_credit_utilization,Business bureau credit utilization.,5.013564845187844
APP-00142,protective,5,fe_director_credit_score,Director bureau credit score.,4.954496226162749
APP-00143,adverse,1,fe_balance_to_monthly_expenses,Average 90-day balance divided by monthly expenses.,-2.0214135668482074
APP-00143,adverse,2,fe_liabilities_to_annual_revenue,Total liabilities divided by annual revenue.,-1.7592117099978195
APP-00143,adverse,3,free_cash_flow,,-1.385662352008622
APP-00143,adverse,4,num_fees_90d,,-1.37740785037345
APP-00143,adverse,5,fe_business_arrears_days,Business bureau arrears days.,-1.1968320306744686
APP-00143,protective,1,fe_free_cash_to_expenses,Free cash flow divided by monthly expenses.,34.66293806753898
APP-00143,protective,2,fe_operational_distress_events,Combined bounced payment and reversed transaction count.,11.709106573753973
APP-00143,protective,3,fe_business_credit_score,Business bureau credit score.,5.075043441117233
APP-00143,protective,4,fe_business_credit_utilization,Business bureau credit utilization.,5.013564845187844
APP-00143,protective,5,fe_director_credit_score,Director bureau credit score.,4.954496226162749
APP-00144,adverse,1,fe_balance_to_monthly_expenses,Average 90-day balance divided by monthly expenses.,-2.0214135668482074
APP-00144,adverse,2,fe_negative_balance_days,Number of days with negative balances.,-1.9109674332830326
APP-00144,adverse,3,fe_liabilities_to_annual_revenue,Total liabilities divided by annual revenue.,-1.7592117099978195
APP-00144,adverse,4,fe_cash_flow_trend,90-day cash-flow trend.,-1.3260283120975773
APP-00144,adverse,5,fe_min_balance_to_expenses,Minimum 90-day balance divided by monthly expenses.,-0.46218785404960144
APP-00144,protective,1,fe_free_cash_to_expenses,Free cash flow divided by monthly expenses.,34.66293806753898
APP-00144,protective,2,fe_director_credit_score,Director bureau credit score.,8.53713995567958
APP-00144,protective,3,fe_operational_distress_events,Combined bounced payment and reversed transaction count.,5.437679873886328
APP-00144,protective,4,fe_business_credit_score,Business bureau credit score.,5.075043441117233
APP-00144,protective,5,num_fees_90d,,4.871993346215178
APP-00145,adverse,1,judgments_count,,-25.1782604609213
APP-00145,adverse,2,fe_negative_balance_days,Number of days with negative balances.,-13.293998017891731
APP-00145,adverse,3,credit_volatility_90d,,-8.504614871755338
APP-00145,adverse,4,fe_free_cash_to_expenses,Free cash flow divided by monthly expenses.,-6.755373152878332
APP-00145,adverse,5,fe_business_arrears_days,Business bureau arrears days.,-4.913208981894471
APP-00145,protective,1,fe_operational_distress_events,Combined bounced payment and reversed transaction count.,11.709106573753973
APP-00145,protective,2,director_credit_utilization,,3.6742448595078656
APP-00145,protective,3,director_judgments_count,,0.7548546387206513
APP-00145,protective,4,fe_business_credit_utilization,Business bureau credit utilization.,0.7415335345714789
APP-00145,protective,5,free_cash_flow,,0.19804180029385973
APP-00146,adverse,1,judgments_count,,-25.1782604609213
APP-00146,adverse,2,fe_negative_balance_days,Number of days with negative balances.,-13.293998017891731
APP-00146,adverse,3,credit_volatility_90d,,-8.504614871755338
APP-00146,adverse,4,fe_business_arrears_days,Business bureau arrears days.,-4.913208981894471
APP-00146,adverse,5,fe_balance_to_monthly_expenses,Average 90-day balance divided by monthly expenses.,-2.623426313246872
APP-00146,protective,1,fe_operational_distress_events,Combined bounced payment and reversed transaction count.,5.437679873886328
APP-00146,protective,2,fe_business_credit_utilization,Business bureau credit utilization.,5.013564845187844
APP-00146,protective,3,num_fees_90d,,2.010929213010523
APP-00146,protective,4,fe_free_cash_to_expenses,Free cash flow divided by monthly expenses.,1.4632110782236816
APP-00146,protective,5,director_credit_utilization,,1.2579709227977574
APP-00147,adverse,1,fe_negative_balance_days,Number of days with negative balances.,-13.293998017891731
APP-00147,adverse,2,fe_balance_to_monthly_expenses,Average 90-day balance divided by monthly expenses.,-2.0214135668482074
APP-00147,adverse,3,free_cash_flow,,-1.385662352008622
APP-00147,adverse,4,fe_cash_flow_trend,90-day cash-flow trend.,-1.3260283120975773
APP-00147,adverse,5,fe_liabilities_to_annual_revenue,Total liabilities divided by annual revenue.,-0.8937349286576866
APP-00147,protective,1,fe_free_cash_to_expenses,Free cash flow divided by monthly expenses.,34.66293806753898
APP-00147,protective,2,fe_operational_distress_events,Combined bounced payment and reversed transaction count.,11.709106573753973
APP-00147,protective,3,fe_business_credit_utilization,Business bureau credit utilization.,6.759214482367955
APP-00147,protective,4,fe_business_credit_score,Business bureau credit score.,5.075043441117233
APP-00147,protective,5,fe_director_credit_score,Director bureau credit score.,4.954496226162749
APP-00148,adverse,1,director_judgments_count,,-15.549679199311921
APP-00148,adverse,2,fe_free_cash_to_expenses,Free cash flow divided by monthly expenses.,-11.94586487502594
APP-00148,adverse,3,credit_volatility_90d,,-8.504614871755338
APP-00148,adverse,4,fe_negative_balance_days,Number of days with negative balances.,-7.901692957839125
APP-00148,adverse,5,fe_operational_distress_events,Combined bounced payment and reversed transaction count.,-6.384927681010003
APP-00148,protective,1,judgments_count,,2.353047774790244
APP-00148,protective,2,free_cash_flow,,1.042465580324365
APP-00148,protective,3,fe_debt_to_assets,Total liabilities divided by total assets.,0.08569171056245785
APP-00148,protective,4,director_credit_utilization,,0.03894481681141416
APP-00148,protective,5,default_flag_bureau_history,,0.0
APP-00149,adverse,1,fe_negative_balance_days,Number of days with negative balances.,-13.293998017891731
APP-00149,adverse,2,fe_balance_to_monthly_expenses,Average 90-day balance divided by monthly expenses.,-3.524007708420735
APP-00149,adverse,3,fe_cash_flow_trend,90-day cash-flow trend.,-1.3260283120975773
APP-00149,adverse,4,fe_liabilities_to_annual_revenue,Total liabilities divided by annual revenue.,-0.8937349286576866
APP-00149,adverse,5,fe_min_balance_to_expenses,Minimum 90-day balance divided by monthly expenses.,-0.46218785404960144
APP-00149,protective,1,fe_free_cash_to_expenses,Free cash flow divided by monthly expenses.,20.461903057643227
APP-00149,protective,2,fe_business_credit_score,Business bureau credit score.,7.964291288680055
APP-00149,protective,3,fe_business_credit_utilization,Business bureau credit utilization.,6.759214482367955
APP-00149,protective,4,fe_operational_distress_events,Combined bounced payment and reversed transaction count.,5.437679873886328
APP-00149,protective,5,fe_director_credit_score,Director bureau credit score.,4.954496226162749
APP-00150,adverse,1,fe_negative_balance_days,Number of days with negative balances.,-13.293998017891731
APP-00150,adverse,2,credit_volatility_90d,,-8.504614871755338
APP-00150,adverse,3,fe_business_arrears_days,Business bureau arrears days.,-4.913208981894471
APP-00150,adverse,4,fe_business_credit_score,Business bureau credit score.,-4.641111845928194
APP-00150,adverse,5,fe_balance_to_monthly_expenses,Average 90-day balance divided by monthly expenses.,-3.524007708420735
APP-00150,protective,1,fe_free_cash_to_expenses,Free cash flow divided by monthly expenses.,5.962874647672288
APP-00150,protective,2,judgments_count,,2.353047774790244
APP-00150,protective,3,fe_debt_to_assets,Total liabilities divided by total assets.,0.8494236917233762
APP-00150,protective,4,director_judgments_count,,0.7548546387206513
APP-00150,protective,5,fe_business_credit_utilization,Business bureau credit utilization.,0.6226063250127287
APP-00151,adverse,1,fe_balance_to_monthly_expenses,Average 90-day balance divided by monthly expenses.,-3.524007708420735
APP-00151,adverse,2,credit_volatility_90d,,-2.849189795246395
APP-00151,adverse,3,fe_business_arrears_days,Business bureau arrears days.,-1.961162279722023
APP-00151,adverse,4,fe_cash_flow_trend,90-day cash-flow trend.,-1.3260283120975773
APP-00151,adverse,5,fe_min_balance_to_expenses,Minimum 90-day balance divided by monthly expenses.,-0.46218785404960144
APP-00151,protective,1,fe_free_cash_to_expenses,Free cash flow divided by monthly expenses.,13.650972568238105
APP-00151,protective,2,fe_business_credit_utilization,Business bureau credit utilization.,6.759214482367955
APP-00151,protective,3,fe_operational_distress_events,Combined bounced payment and reversed transaction count.,5.437679873886328
APP-00151,protective,4,fe_business_credit_score,Business bureau credit score.,5.075043441117233
APP-00151,protective,5,num_fees_90d,,4.871993346215178
APP-00152,adverse,1,fe_negative_balance_days,Number of days with negative balances.,-13.293998017891731
APP-00152,adverse,2,fe_free_cash_to_expenses,Free cash flow divided by monthly expenses.,-11.94586487502594
APP-00152,adverse,3,credit_volatility_90d,,-8.504614871755338
APP-00152,adverse,4,fe_business_arrears_days,Business bureau arrears days.,-4.913208981894471
APP-00152,adverse,5,fe_balance_to_monthly_expenses,Average 90-day balance divided by monthly expenses.,-3.524007708420735
APP-00152,protective,1,fe_operational_distress_events,Combined bounced payment and reversed transaction count.,5.437679873886328
APP-00152,protective,2,judgments_count,,2.353047774790244
APP-00152,protective,3,num_fees_90d,,2.010929213010523
APP-00152,protective,4,fe_debt_to_assets,Total liabilities divided by total assets.,0.8494236917233762
APP-00152,protective,5,director_judgments_count,,0.7548546387206513
APP-00153,adverse,1,credit_volatility_90d,,-8.504614871755338
APP-00153,adverse,2,fe_balance_to_monthly_expenses,Average 90-day balance divided by monthly expenses.,-3.524007708420735
APP-00153,adverse,3,fe_liabilities_to_annual_revenue,Total liabilities divided by annual revenue.,-1.7592117099978195
APP-00153,adverse,4,fe_business_arrears_days,Business bureau arrears days.,-1.1968320306744686
APP-00153,adverse,5,fe_min_balance_to_expenses,Minimum 90-day balance divided by monthly expenses.,-0.46218785404960144
APP-00153,protective,1,fe_free_cash_to_expenses,Free cash flow divided by monthly expenses.,20.461903057643227
APP-00153,protective,2,fe_operational_distress_events,Combined bounced payment and reversed transaction count.,11.709106573753973
APP-00153,protective,3,fe_negative_balance_days,Number of days with negative balances.,8.180879840222024
APP-00153,protective,4,fe_business_credit_score,Business bureau credit score.,7.964291288680055
APP-00153,protective,5,fe_business_credit_utilization,Business bureau credit utilization.,6.759214482367955
APP-00154,adverse,1,credit_volatility_90d,,-8.504614871755338
APP-00154,adverse,2,fe_negative_balance_days,Number of days with negative balances.,-7.901692957839125
APP-00154,adverse,3,fe_balance_to_monthly_expenses,Average 90-day balance divided by monthly expenses.,-3.524007708420735
APP-00154,adverse,4,fe_business_arrears_days,Business bureau arrears days.,-1.961162279722023
APP-00154,adverse,5,fe_liabilities_to_annual_revenue,Total liabilities divided by annual revenue.,-0.8937349286576866
APP-00154,protective,1,fe_operational_distress_events,Combined bounced payment and reversed transaction count.,11.709106573753973
APP-00154,protective,2,fe_business_credit_score,Business bureau credit score.,3.479999779230398
APP-00154,protective,3,fe_business_credit_utilization,Business bureau credit utilization.,2.722917313142548
APP-00154,protective,4,judgments_count,,2.353047774790244
APP-00154,protective,5,fe_director_credit_score,Director bureau credit score.,1.6183271295413983
APP-00155,adverse,1,fe_negative_balance_days,Number of days with negative balances.,-7.901692957839125
APP-00155,adverse,2,credit_volatility_90d,,-2.849189795246395
APP-00155,adverse,3,fe_balance_to_monthly_expenses,Average 90-day balance divided by monthly expenses.,-2.623426313246872
APP-00155,adverse,4,fe_business_arrears_days,Business bureau arrears days.,-1.961162279722023
APP-00155,adverse,5,fe_liabilities_to_annual_revenue,Total liabilities divided by annual revenue.,-1.7592117099978195
APP-00155,protective,1,fe_business_credit_utilization,Business bureau credit utilization.,10.800529950239342
APP-00155,protective,2,fe_free_cash_to_expenses,Free cash flow divided by monthly expenses.,9.865010580117987
APP-00155,protective,3,fe_operational_distress_events,Combined bounced payment and reversed transaction count.,5.437679873886328
APP-00155,protective,4,fe_business_credit_score,Business bureau credit score.,5.075043441117233
APP-00155,protective,5,fe_director_credit_score,Director bureau credit score.,4.954496226162749
APP-00156,adverse,1,fe_negative_balance_days,Number of days with negative balances.,-13.293998017891731
APP-00156,adverse,2,num_fees_90d,,-2.8408003994980424
APP-00156,adverse,3,fe_balance_to_monthly_expenses,Average 90-day balance divided by monthly expenses.,-2.623426313246872
APP-00156,adverse,4,fe_business_arrears_days,Business bureau arrears days.,-1.961162279722023
APP-00156,adverse,5,fe_liabilities_to_annual_revenue,Total liabilities divided by annual revenue.,-0.8937349286576866
APP-00156,protective,1,fe_business_credit_utilization,Business bureau credit utilization.,10.800529950239342
APP-00156,protective,2,credit_volatility_90d,,7.338033457952572
APP-00156,protective,3,fe_free_cash_to_expenses,Free cash flow divided by monthly expenses.,5.962874647672288
APP-00156,protective,4,fe_operational_distress_events,Combined bounced payment and reversed transaction count.,5.437679873886328
APP-00156,protective,5,fe_business_credit_score,Business bureau credit score.,5.075043441117233
APP-00157,adverse,1,fe_negative_balance_days,Number of days with negative balances.,-13.293998017891731
APP-00157,adverse,2,credit_volatility_90d,,-8.504614871755338
APP-00157,adverse,3,fe_business_credit_utilization,Business bureau credit utilization.,-4.858807712052527
APP-00157,adverse,4,fe_business_credit_score,Business bureau credit score.,-4.641111845928194
APP-00157,adverse,5,num_fees_90d,,-3.9671378997486717
APP-00157,protective,1,fe_operational_distress_events,Combined bounced payment and reversed transaction count.,5.437679873886328
APP-00157,protective,2,judgments_count,,2.353047774790244
APP-00157,protective,3,free_cash_flow,,1.3491110213688227
APP-00157,protective,4,director_judgments_count,,0.7548546387206513
APP-00157,protective,5,fe_business_arrears_days,Business bureau arrears days.,0.49026819706509817
APP-00158,adverse,1,judgments_count,,-25.1782604609213
APP-00158,adverse,2,fe_free_cash_to_expenses,Free cash flow divided by monthly expenses.,-20.554380280673865
APP-00158,adverse,3,fe_negative_balance_days,Number of days with negative balances.,-13.293998017891731
APP-00158,adverse,4,fe_business_credit_score,Business bureau credit score.,-8.683101937907402
APP-00158,adverse,5,fe_director_credit_score,Director bureau credit score.,-6.237124088835444
APP-00158,protective,1,fe_operational_distress_events,Combined bounced payment and reversed transaction count.,2.4804658329330675
APP-00158,protective,2,director_judgments_count,,0.7548546387206513
APP-00158,protective,3,fe_reversed_transaction_count,Cumulative reversed transaction count up to the snapshot date.,0.07366748787542682
APP-00158,protective,4,default_flag_bureau_history,,0.0
APP-00158,protective,5,credit_volatility_90d,,0.0
APP-00159,adverse,1,judgments_count,,-25.1782604609213
APP-00159,adverse,2,fe_negative_balance_days,Number of days with negative balances.,-13.293998017891731
APP-00159,adverse,3,fe_free_cash_to_expenses,Free cash flow divided by monthly expenses.,-11.94586487502594
APP-00159,adverse,4,fe_business_credit_score,Business bureau credit score.,-8.683101937907402
APP-00159,adverse,5,fe_business_arrears_days,Business bureau arrears days.,-4.913208981894471
APP-00159,protective,1,free_cash_flow,,1.042465580324365
APP-00159,protective,2,director_judgments_count,,0.7548546387206513
APP-00159,protective,3,fe_reversed_transaction_count,Cumulative reversed transaction count up to the snapshot date.,0.07366748787542682
APP-00159,protective,4,default_flag_bureau_history,,0.0
APP-00159,protective,5,credit_volatility_90d,,0.0
APP-00160,adverse,1,director_judgments_count,,-15.549679199311921
APP-00160,adverse,2,fe_negative_balance_days,Number of days with negative balances.,-13.293998017891731
APP-00160,adverse,3,fe_business_arrears_days,Business bureau arrears days.,-4.913208981894471
APP-00160,adverse,4,fe_business_credit_utilization,Business bureau credit utilization.,-4.858807712052527
APP-00160,adverse,5,fe_business_credit_score,Business bureau credit score.,-4.641111845928194
APP-00160,protective,1,judgments_count,,2.353047774790244
APP-00160,protective,2,free_cash_flow,,0.19804180029385973
APP-00160,protective,3,fe_director_credit_score,Director bureau credit score.,0.09565656539891064
APP-00160,protective,4,director_credit_utilization,,0.03894481681141416
APP-00160,protective,5,credit_volatility_90d,,0.0
APP-00161,adverse,1,fe_negative_balance_days,Number of days with negative balances.,-13.293998017891731
APP-00161,adverse,2,credit_volatility_90d,,-8.504614871755338
APP-00161,adverse,3,fe_business_arrears_days,Business bureau arrears days.,-4.913208981894471
APP-00161,adverse,4,fe_balance_to_monthly_expenses,Average 90-day balance divided by monthly expenses.,-3.524007708420735
APP-00161,adverse,5,num_fees_90d,,-2.8408003994980424
APP-00161,protective,1,fe_operational_distress_events,Combined bounced payment and reversed transaction count.,5.437679873886328
APP-00161,protective,2,judgments_count,,2.353047774790244
APP-00161,protective,3,fe_free_cash_to_expenses,Free cash flow divided by monthly expenses.,1.4632110782236816
APP-00161,protective,4,fe_debt_to_assets,Total liabilities divided by total assets.,0.8494236917233762
APP-00161,protective,5,director_judgments_count,,0.7548546387206513
APP-00162,adverse,1,credit_volatility_90d,,-8.504614871755338
APP-00162,adverse,2,fe_negative_balance_days,Number of days with negative balances.,-4.8680569924583885
APP-00162,adverse,3,fe_balance_to_monthly_expenses,Average 90-day balance divided by monthly expenses.,-3.524007708420735
APP-00162,adverse,4,fe_business_arrears_days,Business bureau arrears days.,-1.961162279722023
APP-00162,adverse,5,fe_liabilities_to_annual_revenue,Total liabilities divided by annual revenue.,-1.7592117099978195
APP-00162,protective,1,fe_director_credit_score,Director bureau credit score.,8.53713995567958
APP-00162,protective,2,fe_business_credit_score,Business bureau credit score.,7.964291288680055
APP-00162,protective,3,fe_free_cash_to_expenses,Free cash flow divided by monthly expenses.,5.962874647672288
APP-00162,protective,4,fe_operational_distress_events,Combined bounced payment and reversed transaction count.,5.437679873886328
APP-00162,protective,5,free_cash_flow,,2.584299699991828
APP-00163,adverse,1,fe_balance_to_monthly_expenses,Average 90-day balance divided by monthly expenses.,-2.623426313246872
APP-00163,adverse,2,credit_volatility_90d,,-1.355380855435798
APP-00163,adverse,3,fe_business_arrears_days,Business bureau arrears days.,-1.1968320306744686
APP-00163,adverse,4,fe_min_balance_to_expenses,Minimum 90-day balance divided by monthly expenses.,-0.46218785404960144
APP-00163,adverse,5,fe_reversed_transaction_count,Cumulative reversed transaction count up to the snapshot date.,-0.20629750608545222
APP-00163,protective,1,fe_free_cash_to_expenses,Free cash flow divided by monthly expenses.,13.650972568238105
APP-00163,protective,2,fe_negative_balance_days,Number of days with negative balances.,8.180879840222024
APP-00163,protective,3,fe_business_credit_utilization,Business bureau credit utilization.,6.759214482367955
APP-00163,protective,4,num_fees_90d,,4.871993346215178
APP-00163,protective,5,judgments_count,,2.353047774790244
APP-00164,adverse,1,director_judgments_count,,-15.549679199311921
APP-00164,adverse,2,fe_negative_balance_days,Number of days with negative balances.,-13.293998017891731
APP-00164,adverse,3,fe_business_arrears_days,Business bureau arrears days.,-4.913208981894471
APP-00164,adverse,4,fe_business_credit_score,Business bureau credit score.,-4.641111845928194
APP-00164,adverse,5,fe_operational_distress_events,Combined bounced payment and reversed transaction count.,-4.486610532400765
APP-00164,protective,1,judgments_count,,2.353047774790244
APP-00164,protective,2,fe_debt_to_assets,Total liabilities divided by total assets.,0.8494236917233762
APP-00164,protective,3,director_credit_utilization,,0.03894481681141416
APP-00164,protective,4,default_flag_bureau_history,,0.0
APP-00164,protective,5,credit_volatility_90d,,0.0
APP-00165,adverse,1,credit_volatility_90d,,-8.504614871755338
APP-00165,adverse,2,fe_business_arrears_days,Business bureau arrears days.,-4.913208981894471
APP-00165,adverse,3,fe_balance_to_monthly_expenses,Average 90-day balance divided by monthly expenses.,-3.524007708420735
APP-00165,adverse,4,fe_free_cash_to_expenses,Free cash flow divided by monthly expenses.,-1.9825422756539428
APP-00165,adverse,5,fe_liabilities_to_annual_revenue,Total liabilities divided by annual revenue.,-1.7592117099978195
APP-00165,protective,1,num_fees_90d,,4.871993346215178
APP-00165,protective,2,fe_operational_distress_events,Combined bounced payment and reversed transaction count.,2.4804658329330675
APP-00165,protective,3,judgments_count,,2.353047774790244
APP-00165,protective,4,fe_director_credit_score,Director bureau credit score.,1.6183271295413983
APP-00165,protective,5,free_cash_flow,,1.042465580324365
APP-00166,adverse,1,judgments_count,,-25.1782604609213
APP-00166,adverse,2,fe_negative_balance_days,Number of days with negative balances.,-13.293998017891731
APP-00166,adverse,3,credit_volatility_90d,,-8.504614871755338
APP-00166,adverse,4,num_fees_90d,,-6.2408675297329035
APP-00166,adverse,5,fe_business_arrears_days,Business bureau arrears days.,-4.913208981894471
APP-00166,protective,1,fe_free_cash_to_expenses,Free cash flow divided by monthly expenses.,9.865010580117987
APP-00166,protective,2,fe_business_credit_utilization,Business bureau credit utilization.,5.013564845187844
APP-00166,protective,3,director_credit_utilization,,3.6742448595078656
APP-00166,protective,4,fe_operational_distress_events,Combined bounced payment and reversed transaction count.,2.4804658329330675
APP-00166,protective,5,director_judgments_count,,0.7548546387206513
APP-00167,adverse,1,director_judgments_count,,-15.549679199311921
APP-00167,adverse,2,credit_volatility_90d,,-8.504614871755338
APP-00167,adverse,3,fe_director_credit_score,Director bureau credit score.,-6.237124088835444
APP-00167,adverse,4,fe_business_arrears_days,Business bureau arrears days.,-4.913208981894471
APP-00167,adverse,5,fe_business_credit_score,Business bureau credit score.,-4.641111845928194
APP-00167,protective,1,fe_free_cash_to_expenses,Free cash flow divided by monthly expenses.,5.962874647672288
APP-00167,protective,2,fe_negative_balance_days,Number of days with negative balances.,4.254378608742005
APP-00167,protective,3,judgments_count,,2.353047774790244
APP-00167,protective,4,fe_debt_to_assets,Total liabilities divided by total assets.,2.0108985974473534
APP-00167,protective,5,fe_cash_flow_trend,90-day cash-flow trend.,0.7832238196312168
APP-00168,adverse,1,fe_negative_balance_days,Number of days with negative balances.,-13.293998017891731
APP-00168,adverse,2,fe_balance_to_monthly_expenses,Average 90-day balance divided by monthly expenses.,-3.524007708420735
APP-00168,adverse,3,fe_business_arrears_days,Business bureau arrears days.,-1.961162279722023
APP-00168,adverse,4,fe_liabilities_to_annual_revenue,Total liabilities divided by annual revenue.,-0.8937349286576866
APP-00168,adverse,5,fe_min_balance_to_expenses,Minimum 90-day balance divided by monthly expenses.,-0.46218785404960144
APP-00168,protective,1,fe_free_cash_to_expenses,Free cash flow divided by monthly expenses.,9.865010580117987
APP-00168,protective,2,fe_director_credit_score,Director bureau credit score.,8.53713995567958
APP-00168,protective,3,fe_business_credit_utilization,Business bureau credit utilization.,6.759214482367955
APP-00168,protective,4,fe_operational_distress_events,Combined bounced payment and reversed transaction count.,5.437679873886328
APP-00168,protective,5,fe_business_credit_score,Business bureau credit score.,5.075043441117233
APP-00169,adverse,1,fe_negative_balance_days,Number of days with negative balances.,-13.293998017891731
APP-00169,adverse,2,credit_volatility_90d,,-8.504614871755338
APP-00169,adverse,3,fe_free_cash_to_expenses,Free cash flow divided by monthly expenses.,-6.755373152878332
APP-00169,adverse,4,fe_operational_distress_events,Combined bounced payment and reversed transaction count.,-6.384927681010003
APP-00169,adverse,5,num_fees_90d,,-6.2408675297329035
APP-00169,protective,1,judgments_count,,2.353047774790244
APP-00169,protective,2,fe_debt_to_assets,Total liabilities divided by total assets.,0.8494236917233762
APP-00169,protective,3,director_judgments_count,,0.7548546387206513
APP-00169,protective,4,fe_cash_flow_trend,90-day cash-flow trend.,0.5428448120117055
APP-00169,protective,5,fe_business_credit_score,Business bureau credit score.,0.2342288456261669
APP-00170,adverse,1,director_judgments_count,,-15.549679199311921
APP-00170,adverse,2,fe_negative_balance_days,Number of days with negative balances.,-13.293998017891731
APP-00170,adverse,3,credit_volatility_90d,,-4.959064187808683
APP-00170,adverse,4,fe_business_arrears_days,Business bureau arrears days.,-4.913208981894471
APP-00170,adverse,5,num_fees_90d,,-3.9671378997486717
APP-00170,protective,1,fe_operational_distress_events,Combined bounced payment and reversed transaction count.,2.4804658329330675
APP-00170,protective,2,judgments_count,,2.353047774790244
APP-00170,protective,3,director_credit_utilization,,2.0461658399828875
APP-00170,protective,4,free_cash_flow,,1.042465580324365
APP-00170,protective,5,fe_debt_to_assets,Total liabilities divided by total assets.,0.8494236917233762
APP-00171,adverse,1,fe_negative_balance_days,Number of days with negative balances.,-13.293998017891731
APP-00171,adverse,2,credit_volatility_90d,,-8.504614871755338
APP-00171,adverse,3,fe_business_arrears_days,Business bureau arrears days.,-4.913208981894471
APP-00171,adverse,4,fe_balance_to_monthly_expenses,Average 90-day balance divided by monthly expenses.,-3.524007708420735
APP-00171,adverse,5,fe_business_credit_score,Business bureau credit score.,-2.3295239519651583
APP-00171,protective,1,fe_free_cash_to_expenses,Free cash flow divided by monthly expenses.,13.650972568238105
APP-00171,protective,2,fe_operational_distress_events,Combined bounced payment and reversed transaction count.,11.709106573753973
APP-00171,protective,3,num_fees_90d,,4.871993346215178
APP-00171,protective,4,fe_business_credit_utilization,Business bureau credit utilization.,2.722917313142548
APP-00171,protective,5,free_cash_flow,,2.584299699991828
APP-00172,adverse,1,judgments_count,,-25.1782604609213
APP-00172,adverse,2,fe_free_cash_to_expenses,Free cash flow divided by monthly expenses.,-20.554380280673865
APP-00172,adverse,3,fe_negative_balance_days,Number of days with negative balances.,-13.293998017891731
APP-00172,adverse,4,fe_business_credit_score,Business bureau credit score.,-8.683101937907402
APP-00172,adverse,5,fe_director_credit_score,Director bureau credit score.,-6.237124088835444
APP-00172,protective,1,fe_operational_distress_events,Combined bounced payment and reversed transaction count.,5.437679873886328
APP-00172,protective,2,director_judgments_count,,0.7548546387206513
APP-00172,protective,3,fe_reversed_transaction_count,Cumulative reversed transaction count up to the snapshot date.,0.07366748787542682
APP-00172,protective,4,default_flag_bureau_history,,0.0
APP-00172,protective,5,credit_volatility_90d,,0.0
APP-00173,adverse,1,fe_free_cash_to_expenses,Free cash flow divided by monthly expenses.,-20.554380280673865
APP-00173,adverse,2,fe_operational_distress_events,Combined bounced payment and reversed transaction count.,-10.874830202790402
APP-00173,adverse,3,num_fees_90d,,-6.2408675297329035
APP-00173,adverse,4,fe_business_arrears_days,Business bureau arrears days.,-4.913208981894471
APP-00173,adverse,5,fe_negative_balance_days,Number of days with negative balances.,-4.8680569924583885
APP-00173,protective,1,judgments_count,,2.353047774790244
APP-00173,protective,2,director_judgments_count,,0.7548546387206513
APP-00173,protective,3,free_cash_flow,,0.5534351988121009
APP-00173,protective,4,fe_director_credit_score,Director bureau credit score.,0.09565656539891064
APP-00173,protective,5,fe_reversed_transaction_count,Cumulative reversed transaction count up to the snapshot date.,0.07366748787542682
APP-00174,adverse,1,judgments_count,,-25.1782604609213
APP-00174,adverse,2,fe_free_cash_to_expenses,Free cash flow divided by monthly expenses.,-20.554380280673865
APP-00174,adverse,3,director_judgments_count,,-15.549679199311921
APP-00174,adverse,4,fe_negative_balance_days,Number of days with negative balances.,-13.293998017891731
APP-00174,adverse,5,fe_business_arrears_days,Business bureau arrears days.,-4.913208981894471
APP-00174,protective,1,fe_operational_distress_events,Combined bounced payment and reversed transaction count.,2.4804658329330675
APP-00174,protective,2,num_fees_90d,,2.010929213010523
APP-00174,protective,3,fe_director_credit_score,Director bureau credit score.,0.09565656539891064
APP-00174,protective,4,fe_reversed_transaction_count,Cumulative reversed transaction count up to the snapshot date.,0.07366748787542682
APP-00174,protective,5,credit_volatility_90d,,0.0
APP-00175,adverse,1,fe_negative_balance_days,Number of days with negative balances.,-13.293998017891731
APP-00175,adverse,2,credit_volatility_90d,,-8.504614871755338
APP-00175,adverse,3,fe_business_arrears_days,Business bureau arrears days.,-4.913208981894471
APP-00175,adverse,4,fe_balance_to_monthly_expenses,Average 90-day balance divided by monthly expenses.,-3.524007708420735
APP-00175,adverse,5,fe_director_credit_score,Director bureau credit score.,-2.948467644559505
APP-00175,protective,1,fe_free_cash_to_expenses,Free cash flow divided by monthly expenses.,5.962874647672288
APP-00175,protective,2,num_fees_90d,,4.871993346215178
APP-00175,protective,3,judgments_count,,2.353047774790244
APP-00175,protective,4,director_credit_utilization,,1.2579709227977574
APP-00175,protective,5,director_judgments_count,,0.7548546387206513
APP-00176,adverse,1,fe_negative_balance_days,Number of days with negative balances.,-13.293998017891731
APP-00176,adverse,2,fe_business_credit_score,Business bureau credit score.,-8.683101937907402
APP-00176,adverse,3,credit_volatility_90d,,-8.504614871755338
APP-00176,adverse,4,fe_free_cash_to_expenses,Free cash flow divided by monthly expenses.,-6.755373152878332
APP-00176,adverse,5,fe_business_arrears_days,Business bureau arrears days.,-4.913208981894471
APP-00176,protective,1,judgments_count,,2.353047774790244
APP-00176,protective,2,director_judgments_count,,0.7548546387206513
APP-00176,protective,3,fe_business_credit_utilization,Business bureau credit utilization.,0.6226063250127287
APP-00176,protective,4,free_cash_flow,,0.5534351988121009
APP-00176,protective,5,fe_debt_to_assets,Total liabilities divided by total assets.,0.08569171056245785
APP-00177,adverse,1,fe_balance_to_monthly_expenses,Average 90-day balance divided by monthly expenses.,-2.623426313246872
APP-00177,adverse,2,fe_business_arrears_days,Business bureau arrears days.,-1.961162279722023
APP-00177,adverse,3,fe_liabilities_to_annual_revenue,Total liabilities divided by annual revenue.,-1.7592117099978195
APP-00177,adverse,4,credit_volatility_90d,,-1.355380855435798
APP-00177,adverse,5,fe_min_balance_to_expenses,Minimum 90-day balance divided by monthly expenses.,-0.46218785404960144
APP-00177,protective,1,fe_free_cash_to_expenses,Free cash flow divided by monthly expenses.,13.650972568238105
APP-00177,protective,2,fe_business_credit_score,Business bureau credit score.,5.075043441117233
APP-00177,protective,3,fe_director_credit_score,Director bureau credit score.,4.954496226162749
APP-00177,protective,4,fe_business_credit_utilization,Business bureau credit utilization.,2.722917313142548
APP-00177,protective,5,fe_operational_distress_events,Combined bounced payment and reversed transaction count.,2.4804658329330675
APP-00178,adverse,1,fe_negative_balance_days,Number of days with negative balances.,-13.293998017891731
APP-00178,adverse,2,fe_business_credit_score,Business bureau credit score.,-8.683101937907402
APP-00178,adverse,3,fe_free_cash_to_expenses,Free cash flow divided by monthly expenses.,-6.755373152878332
APP-00178,adverse,4,fe_director_credit_score,Director bureau credit score.,-6.237124088835444
APP-00178,adverse,5,fe_business_arrears_days,Business bureau arrears days.,-4.913208981894471
APP-00178,protective,1,fe_operational_distress_events,Combined bounced payment and reversed transaction count.,2.4804658329330675
APP-00178,protective,2,judgments_count,,2.353047774790244
APP-00178,protective,3,free_cash_flow,,1.8601197511827134
APP-00178,protective,4,director_judgments_count,,0.7548546387206513
APP-00178,protective,5,num_fees_90d,,0.32385871610423544
APP-00179,adverse,1,fe_negative_balance_days,Number of days with negative balances.,-13.293998017891731
APP-00179,adverse,2,credit_volatility_90d,,-8.504614871755338
APP-00179,adverse,3,fe_balance_to_monthly_expenses,Average 90-day balance divided by monthly expenses.,-2.623426313246872
APP-00179,adverse,4,fe_business_arrears_days,Business bureau arrears days.,-1.961162279722023
APP-00179,adverse,5,fe_liabilities_to_annual_revenue,Total liabilities divided by annual revenue.,-1.7592117099978195
APP-00179,protective,1,fe_free_cash_to_expenses,Free cash flow divided by monthly expenses.,13.650972568238105
APP-00179,protective,2,fe_operational_distress_events,Combined bounced payment and reversed transaction count.,5.437679873886328
APP-00179,protective,3,fe_business_credit_score,Business bureau credit score.,5.075043441117233
APP-00179,protective,4,judgments_count,,2.353047774790244
APP-00179,protective,5,fe_debt_to_assets,Total liabilities divided by total assets.,2.0108985974473534
APP-00180,adverse,1,fe_balance_to_monthly_expenses,Average 90-day balance divided by monthly expenses.,-2.623426313246872
APP-00180,adverse,2,fe_min_balance_to_expenses,Minimum 90-day balance divided by monthly expenses.,-0.4657799248479859
APP-00180,adverse,3,default_flag_bureau_history,,0.0
APP-00180,adverse,4,fe_reversed_transaction_count,Cumulative reversed transaction count up to the snapshot date.,0.07366748787542682
APP-00180,adverse,5,fe_cash_flow_trend,90-day cash-flow trend.,0.5428448120117055
APP-00180,protective,1,fe_free_cash_to_expenses,Free cash flow divided by monthly expenses.,20.461903057643227
APP-00180,protective,2,fe_negative_balance_days,Number of days with negative balances.,15.752340130605875
APP-00180,protective,3,fe_business_credit_score,Business bureau credit score.,12.711852452434304
APP-00180,protective,4,fe_operational_distress_events,Combined bounced payment and reversed transaction count.,11.709106573753973
APP-00180,protective,5,fe_director_credit_score,Director bureau credit score.,8.53713995567958
APP-00181,adverse,1,judgments_count,,-25.1782604609213
APP-00181,adverse,2,fe_free_cash_to_expenses,Free cash flow divided by monthly expenses.,-20.554380280673865
APP-00181,adverse,3,fe_business_credit_score,Business bureau credit score.,-8.683101937907402
APP-00181,adverse,4,fe_director_credit_score,Director bureau credit score.,-6.237124088835444
APP-00181,adverse,5,fe_business_arrears_days,Business bureau arrears days.,-4.913208981894471
APP-00181,protective,1,director_judgments_count,,0.7548546387206513
APP-00181,protective,2,default_flag_bureau_history,,0.0
APP-00181,protective,3,credit_volatility_90d,,0.0
APP-00181,protective,4,fe_negative_balance_days,Number of days with negative balances.,0.0
APP-00181,protective,5,fe_reversed_transaction_count,Cumulative reversed transaction count up to the snapshot date.,-0.06242419073481043
APP-00182,adverse,1,fe_balance_to_monthly_expenses,Average 90-day balance divided by monthly expenses.,-2.623426313246872
APP-00182,adverse,2,fe_business_arrears_days,Business bureau arrears days.,-1.961162279722023
APP-00182,adverse,3,fe_liabilities_to_annual_revenue,Total liabilities divided by annual revenue.,-1.7592117099978195
APP-00182,adverse,4,num_fees_90d,,-1.37740785037345
APP-00182,adverse,5,fe_min_balance_to_expenses,Minimum 90-day balance divided by monthly expenses.,-0.46218785404960144
APP-00182,protective,1,fe_free_cash_to_expenses,Free cash flow divided by monthly expenses.,34.66293806753898
APP-00182,protective,2,fe_negative_balance_days,Number of days with negative balances.,15.752340130605875
APP-00182,protective,3,fe_operational_distress_events,Combined bounced payment and reversed transaction count.,11.709106573753973
APP-00182,protective,4,credit_volatility_90d,,10.8556401030519
APP-00182,protective,5,fe_business_credit_utilization,Business bureau credit utilization.,10.800529950239342
APP-00183,adverse,1,judgments_count,,-25.1782604609213
APP-00183,adverse,2,credit_volatility_90d,,-8.504614871755338
APP-00183,adverse,3,fe_business_arrears_days,Business bureau arrears days.,-4.913208981894471
APP-00183,adverse,4,fe_director_credit_score,Director bureau credit score.,-2.948467644559505
APP-00183,adverse,5,fe_balance_to_monthly_expenses,Average 90-day balance divided by monthly expenses.,-2.623426313246872
APP-00183,protective,1,fe_operational_distress_events,Combined bounced payment and reversed transaction count.,5.437679873886328
APP-00183,protective,2,fe_negative_balance_days,Number of days with negative balances.,4.254378608742005
APP-00183,protective,3,num_fees_90d,,2.010929213010523
APP-00183,protective,4,fe_debt_to_assets,Total liabilities divided by total assets.,0.8494236917233762
APP-00183,protective,5,director_judgments_count,,0.7548546387206513
APP-00184,adverse,1,fe_negative_balance_days,Number of days with negative balances.,-13.293998017891731
APP-00184,adverse,2,credit_volatility_90d,,-4.959064187808683
APP-00184,adverse,3,fe_business_arrears_days,Business bureau arrears days.,-4.913208981894471
APP-00184,adverse,4,fe_balance_to_monthly_expenses,Average 90-day balance divided by monthly expenses.,-3.524007708420735
APP-00184,adverse,5,fe_free_cash_to_expenses,Free cash flow divided by monthly expenses.,-1.9825422756539428
APP-00184,protective,1,fe_operational_distress_events,Combined bounced payment and reversed transaction count.,5.437679873886328
APP-00184,protective,2,fe_business_credit_score,Business bureau credit score.,5.075043441117233
APP-00184,protective,3,fe_director_credit_score,Director bureau credit score.,4.954496226162749
APP-00184,protective,4,fe_business_credit_utilization,Business bureau credit utilization.,2.722917313142548
APP-00184,protective,5,judgments_count,,2.353047774790244
APP-00185,adverse,1,fe_balance_to_monthly_expenses,Average 90-day balance divided by monthly expenses.,-2.0214135668482074
APP-00185,adverse,2,num_fees_90d,,-1.37740785037345
APP-00185,adverse,3,fe_min_balance_to_expenses,Minimum 90-day balance divided by monthly expenses.,-0.4657799248479859
APP-00185,adverse,4,default_flag_bureau_history,,0.0
APP-00185,adverse,5,fe_reversed_transaction_count,Cumulative reversed transaction count up to the snapshot date.,0.07366748787542682
APP-00185,protective,1,fe_free_cash_to_expenses,Free cash flow divided by monthly expenses.,20.461903057643227
APP-00185,protective,2,fe_business_credit_score,Business bureau credit score.,12.711852452434304
APP-00185,protective,3,fe_operational_distress_events,Combined bounced payment and reversed transaction count.,11.709106573753973
APP-00185,protective,4,fe_business_credit_utilization,Business bureau credit utilization.,10.800529950239342
APP-00185,protective,5,fe_negative_balance_days,Number of days with negative balances.,8.180879840222024
APP-00186,adverse,1,fe_business_credit_score,Business bureau credit score.,-8.683101937907402
APP-00186,adverse,2,fe_free_cash_to_expenses,Free cash flow divided by monthly expenses.,-6.755373152878332
APP-00186,adverse,3,num_fees_90d,,-6.2408675297329035
APP-00186,adverse,4,fe_director_credit_score,Director bureau credit score.,-6.237124088835444
APP-00186,adverse,5,fe_business_arrears_days,Business bureau arrears days.,-4.913208981894471
APP-00186,protective,1,fe_operational_distress_events,Combined bounced payment and reversed transaction count.,11.709106573753973
APP-00186,protective,2,judgments_count,,2.353047774790244
APP-00186,protective,3,director_judgments_count,,0.7548546387206513
APP-00186,protective,4,fe_reversed_transaction_count,Cumulative reversed transaction count up to the snapshot date.,0.07366748787542682
APP-00186,protective,5,fe_negative_balance_days,Number of days with negative balances.,0.0
APP-00187,adverse,1,fe_negative_balance_days,Number of days with negative balances.,-13.293998017891731
APP-00187,adverse,2,credit_volatility_90d,,-8.504614871755338
APP-00187,adverse,3,fe_business_arrears_days,Business bureau arrears days.,-4.913208981894471
APP-00187,adverse,4,fe_balance_to_monthly_expenses,Average 90-day balance divided by monthly expenses.,-2.547013533874613
APP-00187,adverse,5,fe_liabilities_to_annual_revenue,Total liabilities divided by annual revenue.,-1.7592117099978195
APP-00187,protective,1,fe_free_cash_to_expenses,Free cash flow divided by monthly expenses.,5.962874647672288
APP-00187,protective,2,fe_business_credit_utilization,Business bureau credit utilization.,5.013564845187844
APP-00187,protective,3,judgments_count,,2.353047774790244
APP-00187,protective,4,director_credit_utilization,,2.0461658399828875
APP-00187,protective,5,free_cash_flow,,1.8601197511827134
APP-00188,adverse,1,credit_volatility_90d,,-8.504614871755338
APP-00188,adverse,2,fe_free_cash_to_expenses,Free cash flow divided by monthly expenses.,-6.755373152878332
APP-00188,adverse,3,fe_business_arrears_days,Business bureau arrears days.,-4.913208981894471
APP-00188,adverse,4,fe_business_credit_score,Business bureau credit score.,-4.641111845928194
APP-00188,adverse,5,fe_balance_to_monthly_expenses,Average 90-day balance divided by monthly expenses.,-3.524007708420735
APP-00188,protective,1,fe_business_credit_utilization,Business bureau credit utilization.,2.722917313142548
APP-00188,protective,2,judgments_count,,2.353047774790244
APP-00188,protective,3,free_cash_flow,,1.3491110213688227
APP-00188,protective,4,fe_debt_to_assets,Total liabilities divided by total assets.,0.8494236917233762
APP-00188,protective,5,director_judgments_count,,0.7548546387206513
APP-00189,adverse,1,fe_free_cash_to_expenses,Free cash flow divided by monthly expenses.,-11.94586487502594
APP-00189,adverse,2,fe_business_credit_score,Business bureau credit score.,-8.683101937907402
APP-00189,adverse,3,fe_director_credit_score,Director bureau credit score.,-6.237124088835444
APP-00189,adverse,4,fe_business_arrears_days,Business bureau arrears days.,-4.913208981894471
APP-00189,adverse,5,fe_balance_to_monthly_expenses,Average 90-day balance divided by monthly expenses.,-2.547013533874613
APP-00189,protective,1,fe_business_credit_utilization,Business bureau credit utilization.,2.722917313142548
APP-00189,protective,2,judgments_count,,2.353047774790244
APP-00189,protective,3,director_judgments_count,,0.7548546387206513
APP-00189,protective,4,director_credit_utilization,,0.14065362664514475
APP-00189,protective,5,fe_negative_balance_days,Number of days with negative balances.,0.0
APP-00190,adverse,1,judgments_count,,-25.1782604609213
APP-00190,adverse,2,credit_volatility_90d,,-8.504614871755338
APP-00190,adverse,3,fe_business_arrears_days,Business bureau arrears days.,-4.913208981894471
APP-00190,adverse,4,num_fees_90d,,-3.9671378997486717
APP-00190,adverse,5,fe_balance_to_monthly_expenses,Average 90-day balance divided by monthly expenses.,-3.524007708420735
APP-00190,protective,1,free_cash_flow,,1.8601197511827134
APP-00190,protective,2,fe_free_cash_to_expenses,Free cash flow divided by monthly expenses.,1.4632110782236816
APP-00190,protective,3,director_credit_utilization,,1.2579709227977574
APP-00190,protective,4,director_judgments_count,,0.7548546387206513
APP-00190,protective,5,fe_business_credit_utilization,Business bureau credit utilization.,0.7415335345714789
APP-00191,adverse,1,fe_business_arrears_days,Business bureau arrears days.,-4.913208981894471
APP-00191,adverse,2,fe_balance_to_monthly_expenses,Average 90-day balance divided by monthly expenses.,-2.623426313246872
APP-00191,adverse,3,num_fees_90d,,-1.37740785037345
APP-00191,adverse,4,fe_cash_flow_trend,90-day cash-flow trend.,-1.3260283120975773
APP-00191,adverse,5,fe_min_balance_to_expenses,Minimum 90-day balance divided by monthly expenses.,-0.46218785404960144
APP-00191,protective,1,fe_operational_distress_events,Combined bounced payment and reversed transaction count.,11.709106573753973
APP-00191,protective,2,fe_free_cash_to_expenses,Free cash flow divided by monthly expenses.,9.865010580117987
APP-00191,protective,3,fe_debt_to_assets,Total liabilities divided by total assets.,3.7731027473151086
APP-00191,protective,4,director_credit_utilization,,3.6742448595078656
APP-00191,protective,5,judgments_count,,2.353047774790244
APP-00192,adverse,1,fe_negative_balance_days,Number of days with negative balances.,-4.8680569924583885
APP-00192,adverse,2,fe_balance_to_monthly_expenses,Average 90-day balance divided by monthly expenses.,-2.623426313246872
APP-00192,adverse,3,credit_volatility_90d,,-1.355380855435798
APP-00192,adverse,4,fe_business_arrears_days,Business bureau arrears days.,-1.1968320306744686
APP-00192,adverse,5,fe_min_balance_to_expenses,Minimum 90-day balance divided by monthly expenses.,-0.46218785404960144
APP-00192,protective,1,fe_operational_distress_events,Combined bounced payment and reversed transaction count.,11.709106573753973
APP-00192,protective,2,fe_director_credit_score,Director bureau credit score.,8.53713995567958
APP-00192,protective,3,fe_business_credit_score,Business bureau credit score.,7.964291288680055
APP-00192,protective,4,fe_business_credit_utilization,Business bureau credit utilization.,2.722917313142548
APP-00192,protective,5,judgments_count,,2.353047774790244
APP-00193,adverse,1,fe_negative_balance_days,Number of days with negative balances.,-13.293998017891731
APP-00193,adverse,2,num_fees_90d,,-6.2408675297329035
APP-00193,adverse,3,fe_balance_to_monthly_expenses,Average 90-day balance divided by monthly expenses.,-2.0214135668482074
APP-00193,adverse,4,fe_min_balance_to_expenses,Minimum 90-day balance divided by monthly expenses.,-0.46218785404960144
APP-00193,adverse,5,fe_cash_flow_trend,90-day cash-flow trend.,-0.4140000361800056
APP-00193,protective,1,fe_free_cash_to_expenses,Free cash flow divided by monthly expenses.,34.66293806753898
APP-00193,protective,2,fe_business_credit_score,Business bureau credit score.,12.711852452434304
APP-00193,protective,3,fe_operational_distress_events,Combined bounced payment and reversed transaction count.,11.709106573753973
APP-00193,protective,4,fe_director_credit_score,Director bureau credit score.,8.53713995567958
APP-00193,protective,5,fe_business_credit_utilization,Business bureau credit utilization.,5.013564845187844
APP-00194,adverse,1,credit_volatility_90d,,-8.504614871755338
APP-00194,adverse,2,fe_business_arrears_days,Business bureau arrears days.,-4.913208981894471
APP-00194,adverse,3,fe_balance_to_monthly_expenses,Average 90-day balance divided by monthly expenses.,-3.524007708420735
APP-00194,adverse,4,fe_director_credit_score,Director bureau credit score.,-2.948467644559505
APP-00194,adverse,5,fe_operational_distress_events,Combined bounced payment and reversed transaction count.,-2.1484411457951076
APP-00194,protective,1,fe_free_cash_to_expenses,Free cash flow divided by monthly expenses.,20.461903057643227
APP-00194,protective,2,judgments_count,,2.353047774790244
APP-00194,protective,3,director_credit_utilization,,2.0461658399828875
APP-00194,protective,4,fe_cash_flow_trend,90-day cash-flow trend.,1.5453704172602027
APP-00194,protective,5,fe_debt_to_assets,Total liabilities divided by total assets.,0.8494236917233762
APP-00195,adverse,1,fe_negative_balance_days,Number of days with negative balances.,-13.293998017891731
APP-00195,adverse,2,credit_volatility_90d,,-8.504614871755338
APP-00195,adverse,3,fe_business_arrears_days,Business bureau arrears days.,-4.913208981894471
APP-00195,adverse,4,num_fees_90d,,-2.8408003994980424
APP-00195,adverse,5,fe_balance_to_monthly_expenses,Average 90-day balance divided by monthly expenses.,-2.0214135668482074
APP-00195,protective,1,fe_free_cash_to_expenses,Free cash flow divided by monthly expenses.,20.461903057643227
APP-00195,protective,2,fe_business_credit_utilization,Business bureau credit utilization.,5.013564845187844
APP-00195,protective,3,director_credit_utilization,,3.6742448595078656
APP-00195,protective,4,fe_operational_distress_events,Combined bounced payment and reversed transaction count.,2.4804658329330675
APP-00195,protective,5,judgments_count,,2.353047774790244
APP-00196,adverse,1,credit_volatility_90d,,-8.504614871755338
APP-00196,adverse,2,fe_operational_distress_events,Combined bounced payment and reversed transaction count.,-6.384927681010003
APP-00196,adverse,3,fe_balance_to_monthly_expenses,Average 90-day balance divided by monthly expenses.,-2.623426313246872
APP-00196,adverse,4,fe_business_arrears_days,Business bureau arrears days.,-1.961162279722023
APP-00196,adverse,5,fe_min_balance_to_expenses,Minimum 90-day balance divided by monthly expenses.,-0.46218785404960144
APP-00196,protective,1,fe_free_cash_to_expenses,Free cash flow divided by monthly expenses.,34.66293806753898
APP-00196,protective,2,fe_negative_balance_days,Number of days with negative balances.,8.180879840222024
APP-00196,protective,3,fe_business_credit_utilization,Business bureau credit utilization.,5.013564845187844
APP-00196,protective,4,fe_business_credit_score,Business bureau credit score.,3.479999779230398
APP-00196,protective,5,judgments_count,,2.353047774790244
APP-00197,adverse,1,credit_volatility_90d,,-4.959064187808683
APP-00197,adverse,2,fe_business_arrears_days,Business bureau arrears days.,-4.913208981894471
APP-00197,adverse,3,fe_balance_to_monthly_expenses,Average 90-day balance divided by monthly expenses.,-3.524007708420735
APP-00197,adverse,4,fe_business_credit_score,Business bureau credit score.,-2.3295239519651583
APP-00197,adverse,5,fe_cash_flow_trend,90-day cash-flow trend.,-1.3260283120975773
APP-00197,protective,1,fe_operational_distress_events,Combined bounced payment and reversed transaction count.,5.437679873886328
APP-00197,protective,2,fe_business_credit_utilization,Business bureau credit utilization.,2.722917313142548
APP-00197,protective,3,free_cash_flow,,2.584299699991828
APP-00197,protective,4,judgments_count,,2.353047774790244
APP-00197,protective,5,fe_free_cash_to_expenses,Free cash flow divided by monthly expenses.,1.4632110782236816
APP-00198,adverse,1,judgments_count,,-25.1782604609213
APP-00198,adverse,2,fe_negative_balance_days,Number of days with negative balances.,-13.293998017891731
APP-00198,adverse,3,fe_business_arrears_days,Business bureau arrears days.,-4.913208981894471
APP-00198,adverse,4,credit_volatility_90d,,-2.849189795246395
APP-00198,adverse,5,fe_balance_to_monthly_expenses,Average 90-day balance divided by monthly expenses.,-2.0214135668482074
APP-00198,protective,1,fe_operational_distress_events,Combined bounced payment and reversed transaction count.,11.709106573753973
APP-00198,protective,2,fe_free_cash_to_expenses,Free cash flow divided by monthly expenses.,9.865010580117987
APP-00198,protective,3,fe_business_credit_utilization,Business bureau credit utilization.,6.759214482367955
APP-00198,protective,4,fe_business_credit_score,Business bureau credit score.,3.479999779230398
APP-00198,protective,5,fe_director_credit_score,Director bureau credit score.,3.1307804035859617
APP-00199,adverse,1,credit_volatility_90d,,-4.959064187808683
APP-00199,adverse,2,fe_balance_to_monthly_expenses,Average 90-day balance divided by monthly expenses.,-2.623426313246872
APP-00199,adverse,3,fe_business_arrears_days,Business bureau arrears days.,-1.961162279722023
APP-00199,adverse,4,fe_cash_flow_trend,90-day cash-flow trend.,-1.3260283120975773
APP-00199,adverse,5,fe_liabilities_to_annual_revenue,Total liabilities divided by annual revenue.,-0.8937349286576866
APP-00199,protective,1,fe_free_cash_to_expenses,Free cash flow divided by monthly expenses.,13.650972568238105
APP-00199,protective,2,fe_operational_distress_events,Combined bounced payment and reversed transaction count.,2.4804658329330675
APP-00199,protective,3,judgments_count,,2.353047774790244
APP-00199,protective,4,director_credit_utilization,,2.0461658399828875
APP-00199,protective,5,fe_debt_to_assets,Total liabilities divided by total assets.,2.0108985974473534
APP-00200,adverse,1,fe_negative_balance_days,Number of days with negative balances.,-13.293998017891731
APP-00200,adverse,2,credit_volatility_90d,,-8.504614871755338
APP-00200,adverse,3,fe_balance_to_monthly_expenses,Average 90-day balance divided by monthly expenses.,-3.524007708420735
APP-00200,adverse,4,fe_business_credit_utilization,Business bureau credit utilization.,-2.640733523656876
APP-00200,adverse,5,fe_business_arrears_days,Business bureau arrears days.,-1.961162279722023
APP-00200,protective,1,fe_free_cash_to_expenses,Free cash flow divided by monthly expenses.,13.650972568238105
APP-00200,protective,2,fe_operational_distress_events,Combined bounced payment and reversed transaction count.,5.437679873886328
APP-00200,protective,3,free_cash_flow,,2.584299699991828
APP-00200,protective,4,judgments_count,,2.353047774790244
APP-00200,protective,5,director_judgments_count,,0.7548546387206513
APP-00201,adverse,1,fe_negative_balance_days,Number of days with negative balances.,-13.293998017891731
APP-00201,adverse,2,credit_volatility_90d,,-8.504614871755338
APP-00201,adverse,3,fe_free_cash_to_expenses,Free cash flow divided by monthly expenses.,-6.755373152878332
APP-00201,adverse,4,fe_business_arrears_days,Business bureau arrears days.,-4.913208981894471
APP-00201,adverse,5,fe_balance_to_monthly_expenses,Average 90-day balance divided by monthly expenses.,-2.547013533874613
APP-00201,protective,1,fe_operational_distress_events,Combined bounced payment and reversed transaction count.,5.437679873886328
APP-00201,protective,2,fe_director_credit_score,Director bureau credit score.,3.1307804035859617
APP-00201,protective,3,judgments_count,,2.353047774790244
APP-00201,protective,4,fe_cash_flow_trend,90-day cash-flow trend.,1.5453704172602027
APP-00201,protective,5,fe_debt_to_assets,Total liabilities divided by total assets.,0.8494236917233762
APP-00202,adverse,1,fe_negative_balance_days,Number of days with negative balances.,-7.901692957839125
APP-00202,adverse,2,fe_balance_to_monthly_expenses,Average 90-day balance divided by monthly expenses.,-2.0214135668482074
APP-00202,adverse,3,fe_liabilities_to_annual_revenue,Total liabilities divided by annual revenue.,-1.7592117099978195
APP-00202,adverse,4,fe_business_arrears_days,Business bureau arrears days.,-1.1968320306744686
APP-00202,adverse,5,fe_min_balance_to_expenses,Minimum 90-day balance divided by monthly expenses.,-0.46218785404960144
APP-00202,protective,1,fe_free_cash_to_expenses,Free cash flow divided by monthly expenses.,34.66293806753898
APP-00202,protective,2,fe_business_credit_utilization,Business bureau credit utilization.,10.800529950239342
APP-00202,protective,3,fe_director_credit_score,Director bureau credit score.,8.53713995567958
APP-00202,protective,4,fe_business_credit_score,Business bureau credit score.,7.964291288680055
APP-00202,protective,5,fe_operational_distress_events,Combined bounced payment and reversed transaction count.,5.437679873886328
APP-00203,adverse,1,credit_volatility_90d,,-4.959064187808683
APP-00203,adverse,2,fe_balance_to_monthly_expenses,Average 90-day balance divided by monthly expenses.,-2.0214135668482074
APP-00203,adverse,3,fe_business_arrears_days,Business bureau arrears days.,-1.961162279722023
APP-00203,adverse,4,fe_negative_balance_days,Number of days with negative balances.,-1.9109674332830326
APP-00203,adverse,5,fe_liabilities_to_annual_revenue,Total liabilities divided by annual revenue.,-0.8937349286576866
APP-00203,protective,1,fe_free_cash_to_expenses,Free cash flow divided by monthly expenses.,20.461903057643227
APP-00203,protective,2,fe_operational_distress_events,Combined bounced payment and reversed transaction count.,5.437679873886328
APP-00203,protective,3,fe_business_credit_score,Business bureau credit score.,5.075043441117233
APP-00203,protective,4,fe_business_credit_utilization,Business bureau credit utilization.,5.013564845187844
APP-00203,protective,5,num_fees_90d,,4.871993346215178
APP-00204,adverse,1,fe_balance_to_monthly_expenses,Average 90-day balance divided by monthly expenses.,-2.0214135668482074
APP-00204,adverse,2,num_fees_90d,,-1.37740785037345
APP-00204,adverse,3,fe_business_arrears_days,Business bureau arrears days.,-1.1968320306744686
APP-00204,adverse,4,fe_min_balance_to_expenses,Minimum 90-day balance divided by monthly expenses.,-0.4657799248479859
APP-00204,adverse,5,fe_reversed_transaction_count,Cumulative reversed transaction count up to the snapshot date.,-0.12665090155799164
APP-00204,protective,1,fe_free_cash_to_expenses,Free cash flow divided by monthly expenses.,34.66293806753898
APP-00204,protective,2,fe_business_credit_score,Business bureau credit score.,12.711852452434304
APP-00204,protective,3,fe_director_credit_score,Director bureau credit score.,8.53713995567958
APP-00204,protective,4,credit_volatility_90d,,4.511334907155653
APP-00204,protective,5,fe_debt_to_assets,Total liabilities divided by total assets.,3.7731027473151086
APP-00205,adverse,1,fe_free_cash_to_expenses,Free cash flow divided by monthly expenses.,-11.94586487502594
APP-00205,adverse,2,credit_volatility_90d,,-8.504614871755338
APP-00205,adverse,3,fe_negative_balance_days,Number of days with negative balances.,-4.8680569924583885
APP-00205,adverse,4,fe_balance_to_monthly_expenses,Average 90-day balance divided by monthly expenses.,-3.524007708420735
APP-00205,adverse,5,fe_business_arrears_days,Business bureau arrears days.,-1.1968320306744686
APP-00205,protective,1,fe_business_credit_utilization,Business bureau credit utilization.,6.759214482367955
APP-00205,protective,2,fe_operational_distress_events,Combined bounced payment and reversed transaction count.,5.437679873886328
APP-00205,protective,3,fe_business_credit_score,Business bureau credit score.,5.075043441117233
APP-00205,protective,4,fe_director_credit_score,Director bureau credit score.,4.954496226162749
APP-00205,protective,5,num_fees_90d,,4.871993346215178
APP-00206,adverse,1,fe_negative_balance_days,Number of days with negative balances.,-7.901692957839125
APP-00206,adverse,2,fe_balance_to_monthly_expenses,Average 90-day balance divided by monthly expenses.,-3.524007708420735
APP-00206,adverse,3,fe_liabilities_to_annual_revenue,Total liabilities divided by annual revenue.,-0.8937349286576866
APP-00206,adverse,4,director_credit_utilization,,-0.7400507908412253
APP-00206,adverse,5,fe_business_credit_utilization,Business bureau credit utilization.,-0.6594919906026318
APP-00206,protective,1,fe_free_cash_to_expenses,Free cash flow divided by monthly expenses.,13.650972568238105
APP-00206,protective,2,fe_operational_distress_events,Combined bounced payment and reversed transaction count.,11.709106573753973
APP-00206,protective,3,fe_director_credit_score,Director bureau credit score.,8.53713995567958
APP-00206,protective,4,num_fees_90d,,4.871993346215178
APP-00206,protective,5,judgments_count,,2.353047774790244
APP-00207,adverse,1,fe_negative_balance_days,Number of days with negative balances.,-7.901692957839125
APP-00207,adverse,2,fe_balance_to_monthly_expenses,Average 90-day balance divided by monthly expenses.,-3.524007708420735
APP-00207,adverse,3,credit_volatility_90d,,-2.849189795246395
APP-00207,adverse,4,fe_liabilities_to_annual_revenue,Total liabilities divided by annual revenue.,-0.8937349286576866
APP-00207,adverse,5,fe_min_balance_to_expenses,Minimum 90-day balance divided by monthly expenses.,-0.46218785404960144
APP-00207,protective,1,fe_free_cash_to_expenses,Free cash flow divided by monthly expenses.,34.66293806753898
APP-00207,protective,2,fe_business_credit_utilization,Business bureau credit utilization.,6.759214482367955
APP-00207,protective,3,fe_operational_distress_events,Combined bounced payment and reversed transaction count.,5.437679873886328
APP-00207,protective,4,fe_business_credit_score,Business bureau credit score.,5.075043441117233
APP-00207,protective,5,fe_director_credit_score,Director bureau credit score.,4.954496226162749
APP-00208,adverse,1,director_judgments_count,,-15.549679199311921
APP-00208,adverse,2,fe_negative_balance_days,Number of days with negative balances.,-13.293998017891731
APP-00208,adverse,3,credit_volatility_90d,,-8.504614871755338
APP-00208,adverse,4,num_fees_90d,,-6.2408675297329035
APP-00208,adverse,5,fe_balance_to_monthly_expenses,Average 90-day balance divided by monthly expenses.,-3.524007708420735
APP-00208,protective,1,fe_free_cash_to_expenses,Free cash flow divided by monthly expenses.,9.865010580117987
APP-00208,protective,2,fe_business_credit_score,Business bureau credit score.,3.479999779230398
APP-00208,protective,3,free_cash_flow,,2.584299699991828
APP-00208,protective,4,fe_operational_distress_events,Combined bounced payment and reversed transaction count.,2.4804658329330675
APP-00208,protective,5,judgments_count,,2.353047774790244
APP-00209,adverse,1,credit_volatility_90d,,-8.504614871755338
APP-00209,adverse,2,fe_business_arrears_days,Business bureau arrears days.,-4.913208981894471
APP-00209,adverse,3,fe_business_credit_score,Business bureau credit score.,-4.641111845928194
APP-00209,adverse,4,fe_balance_to_monthly_expenses,Average 90-day balance divided by monthly expenses.,-3.524007708420735
APP-00209,adverse,5,fe_free_cash_to_expenses,Free cash flow divided by monthly expenses.,-1.9825422756539428
APP-00209,protective,1,fe_negative_balance_days,Number of days with negative balances.,8.180879840222024
APP-00209,protective,2,fe_operational_distress_events,Combined bounced payment and reversed transaction count.,5.437679873886328
APP-00209,protective,3,judgments_count,,2.353047774790244
APP-00209,protective,4,director_credit_utilization,,1.2579709227977574
APP-00209,protective,5,fe_debt_to_assets,Total liabilities divided by total assets.,0.8494236917233762
APP-00210,adverse,1,fe_negative_balance_days,Number of days with negative balances.,-13.293998017891731
APP-00210,adverse,2,fe_operational_distress_events,Combined bounced payment and reversed transaction count.,-6.384927681010003
APP-00210,adverse,3,fe_business_arrears_days,Business bureau arrears days.,-4.913208981894471
APP-00210,adverse,4,fe_business_credit_score,Business bureau credit score.,-4.641111845928194
APP-00210,adverse,5,fe_balance_to_monthly_expenses,Average 90-day balance divided by monthly expenses.,-3.524007708420735
APP-00210,protective,1,judgments_count,,2.353047774790244
APP-00210,protective,2,fe_debt_to_assets,Total liabilities divided by total assets.,0.8494236917233762
APP-00210,protective,3,director_judgments_count,,0.7548546387206513
APP-00210,protective,4,free_cash_flow,,0.19804180029385973
APP-00210,protective,5,default_flag_bureau_history,,0.0
APP-00211,adverse,1,credit_volatility_90d,,-8.504614871755338
APP-00211,adverse,2,fe_business_arrears_days,Business bureau arrears days.,-4.913208981894471
APP-00211,adverse,3,fe_negative_balance_days,Number of days with negative balances.,-4.8680569924583885
APP-00211,adverse,4,fe_balance_to_monthly_expenses,Average 90-day balance divided by monthly expenses.,-3.524007708420735
APP-00211,adverse,5,free_cash_flow,,-2.6760763827861784
APP-00211,protective,1,fe_operational_distress_events,Combined bounced payment and reversed transaction count.,11.709106573753973
APP-00211,protective,2,fe_business_credit_utilization,Business bureau credit utilization.,2.722917313142548
APP-00211,protective,3,judgments_count,,2.353047774790244
APP-00211,protective,4,num_fees_90d,,2.010929213010523
APP-00211,protective,5,fe_director_credit_score,Director bureau credit score.,1.6183271295413983
APP-00212,adverse,1,fe_negative_balance_days,Number of days with negative balances.,-13.293998017891731
APP-00212,adverse,2,fe_operational_distress_events,Combined bounced payment and reversed transaction count.,-10.874830202790402
APP-00212,adverse,3,fe_business_credit_score,Business bureau credit score.,-8.683101937907402
APP-00212,adverse,4,fe_free_cash_to_expenses,Free cash flow divided by monthly expenses.,-6.755373152878332
APP-00212,adverse,5,fe_director_credit_score,Director bureau credit score.,-6.237124088835444
APP-00212,protective,1,judgments_count,,2.353047774790244
APP-00212,protective,2,free_cash_flow,,1.8601197511827134
APP-00212,protective,3,director_judgments_count,,0.7548546387206513
APP-00212,protective,4,director_credit_utilization,,0.03894481681141416
APP-00212,protective,5,default_flag_bureau_history,,0.0
APP-00213,adverse,1,credit_volatility_90d,,-8.504614871755338
APP-00213,adverse,2,fe_negative_balance_days,Number of days with negative balances.,-7.901692957839125
APP-00213,adverse,3,fe_free_cash_to_expenses,Free cash flow divided by monthly expenses.,-6.755373152878332
APP-00213,adverse,4,fe_business_arrears_days,Business bureau arrears days.,-4.913208981894471
APP-00213,adverse,5,fe_balance_to_monthly_expenses,Average 90-day balance divided by monthly expenses.,-3.524007708420735
APP-00213,protective,1,fe_business_credit_utilization,Business bureau credit utilization.,6.759214482367955
APP-00213,protective,2,fe_operational_distress_events,Combined bounced payment and reversed transaction count.,2.4804658329330675
APP-00213,protective,3,judgments_count,,2.353047774790244
APP-00213,protective,4,free_cash_flow,,1.8601197511827134
APP-00213,protective,5,director_credit_utilization,,1.2579709227977574
APP-00214,adverse,1,credit_volatility_90d,,-8.504614871755338
APP-00214,adverse,2,fe_negative_balance_days,Number of days with negative balances.,-7.901692957839125
APP-00214,adverse,3,fe_business_arrears_days,Business bureau arrears days.,-4.913208981894471
APP-00214,adverse,4,fe_operational_distress_events,Combined bounced payment and reversed transaction count.,-4.486610532400765
APP-00214,adverse,5,fe_balance_to_monthly_expenses,Average 90-day balance divided by monthly expenses.,-3.524007708420735
APP-00214,protective,1,judgments_count,,2.353047774790244
APP-00214,protective,2,fe_debt_to_assets,Total liabilities divided by total assets.,2.0108985974473534
APP-00214,protective,3,free_cash_flow,,1.8601197511827134
APP-00214,protective,4,director_judgments_count,,0.7548546387206513
APP-00214,protective,5,default_flag_bureau_history,,0.0
APP-00215,adverse,1,fe_negative_balance_days,Number of days with negative balances.,-13.293998017891731
APP-00215,adverse,2,credit_volatility_90d,,-8.504614871755338
APP-00215,adverse,3,fe_balance_to_monthly_expenses,Average 90-day balance divided by monthly expenses.,-3.524007708420735
APP-00215,adverse,4,fe_liabilities_to_annual_revenue,Total liabilities divided by annual revenue.,-1.7592117099978195
APP-00215,adverse,5,fe_business_credit_score,Business bureau credit score.,-0.45344125328663165
APP-00215,protective,1,fe_business_credit_utilization,Business bureau credit utilization.,2.722917313142548
APP-00215,protective,2,judgments_count,,2.353047774790244
APP-00215,protective,3,free_cash_flow,,1.8601197511827134
APP-00215,protective,4,fe_free_cash_to_expenses,Free cash flow divided by monthly expenses.,1.4632110782236816
APP-00215,protective,5,director_judgments_count,,0.7548546387206513
APP-00216,adverse,1,fe_free_cash_to_expenses,Free cash flow divided by monthly expenses.,-11.94586487502594
APP-00216,adverse,2,fe_business_credit_score,Business bureau credit score.,-8.683101937907402
APP-00216,adverse,3,fe_director_credit_score,Director bureau credit score.,-6.237124088835444
APP-00216,adverse,4,fe_business_arrears_days,Business bureau arrears days.,-4.913208981894471
APP-00216,adverse,5,fe_business_credit_utilization,Business bureau credit utilization.,-4.858807712052527
APP-00216,protective,1,free_cash_flow,,2.584299699991828
APP-00216,protective,2,fe_operational_distress_events,Combined bounced payment and reversed transaction count.,2.4804658329330675
APP-00216,protective,3,judgments_count,,2.353047774790244
APP-00216,protective,4,director_judgments_count,,0.7548546387206513
APP-00216,protective,5,fe_reversed_transaction_count,Cumulative reversed transaction count up to the snapshot date.,0.07366748787542682
APP-00217,adverse,1,fe_negative_balance_days,Number of days with negative balances.,-4.8680569924583885
APP-00217,adverse,2,fe_balance_to_monthly_expenses,Average 90-day balance divided by monthly expenses.,-2.623426313246872
APP-00217,adverse,3,fe_business_arrears_days,Business bureau arrears days.,-1.961162279722023
APP-00217,adverse,4,num_fees_90d,,-1.37740785037345
APP-00217,adverse,5,fe_min_balance_to_expenses,Minimum 90-day balance divided by monthly expenses.,-0.46218785404960144
APP-00217,protective,1,fe_free_cash_to_expenses,Free cash flow divided by monthly expenses.,34.66293806753898
APP-00217,protective,2,fe_business_credit_score,Business bureau credit score.,5.075043441117233
APP-00217,protective,3,fe_business_credit_utilization,Business bureau credit utilization.,5.013564845187844
APP-00217,protective,4,fe_operational_distress_events,Combined bounced payment and reversed transaction count.,2.4804658329330675
APP-00217,protective,5,judgments_count,,2.353047774790244
APP-00218,adverse,1,director_judgments_count,,-15.549679199311921
APP-00218,adverse,2,fe_negative_balance_days,Number of days with negative balances.,-7.901692957839125
APP-00218,adverse,3,credit_volatility_90d,,-4.959064187808683
APP-00218,adverse,4,fe_business_arrears_days,Business bureau arrears days.,-4.913208981894471
APP-00218,adverse,5,fe_balance_to_monthly_expenses,Average 90-day balance divided by monthly expenses.,-2.623426313246872
APP-00218,protective,1,fe_free_cash_to_expenses,Free cash flow divided by monthly expenses.,5.962874647672288
APP-00218,protective,2,fe_operational_distress_events,Combined bounced payment and reversed transaction count.,5.437679873886328
APP-00218,protective,3,fe_business_credit_utilization,Business bureau credit utilization.,5.013564845187844
APP-00218,protective,4,judgments_count,,2.353047774790244
APP-00218,protective,5,free_cash_flow,,1.8601197511827134
APP-00219,adverse,1,fe_negative_balance_days,Number of days with negative balances.,-13.293998017891731
APP-00219,adverse,2,credit_volatility_90d,,-8.504614871755338
APP-00219,adverse,3,fe_business_arrears_days,Business bureau arrears days.,-4.913208981894471
APP-00219,adverse,4,fe_balance_to_monthly_expenses,Average 90-day balance divided by monthly expenses.,-3.524007708420735
APP-00219,adverse,5,fe_director_credit_score,Director bureau credit score.,-2.948467644559505
APP-00219,protective,1,judgments_count,,2.353047774790244
APP-00219,protective,2,fe_free_cash_to_expenses,Free cash flow divided by monthly expenses.,1.4632110782236816
APP-00219,protective,3,director_judgments_count,,0.7548546387206513
APP-00219,protective,4,fe_business_credit_utilization,Business bureau credit utilization.,0.6226063250127287
APP-00219,protective,5,num_fees_90d,,0.32385871610423544
APP-00220,adverse,1,credit_volatility_90d,,-2.849189795246395
APP-00220,adverse,2,fe_balance_to_monthly_expenses,Average 90-day balance divided by monthly expenses.,-2.623426313246872
APP-00220,adverse,3,fe_liabilities_to_annual_revenue,Total liabilities divided by annual revenue.,-1.7592117099978195
APP-00220,adverse,4,fe_cash_flow_trend,90-day cash-flow trend.,-1.3260283120975773
APP-00220,adverse,5,fe_min_balance_to_expenses,Minimum 90-day balance divided by monthly expenses.,-0.46218785404960144
APP-00220,protective,1,fe_free_cash_to_expenses,Free cash flow divided by monthly expenses.,9.865010580117987
APP-00220,protective,2,fe_business_credit_utilization,Business bureau credit utilization.,6.759214482367955
APP-00220,protective,3,fe_operational_distress_events,Combined bounced payment and reversed transaction count.,5.437679873886328
APP-00220,protective,4,fe_business_credit_score,Business bureau credit score.,5.075043441117233
APP-00220,protective,5,fe_negative_balance_days,Number of days with negative balances.,4.254378608742005
APP-00221,adverse,1,fe_negative_balance_days,Number of days with negative balances.,-13.293998017891731
APP-00221,adverse,2,fe_balance_to_monthly_expenses,Average 90-day balance divided by monthly expenses.,-3.524007708420735
APP-00221,adverse,3,fe_business_arrears_days,Business bureau arrears days.,-1.961162279722023
APP-00221,adverse,4,fe_cash_flow_trend,90-day cash-flow trend.,-0.4140000361800056
APP-00221,adverse,5,fe_min_balance_to_expenses,Minimum 90-day balance divided by monthly expenses.,-0.1769919980503309
APP-00221,protective,1,fe_free_cash_to_expenses,Free cash flow divided by monthly expenses.,13.650972568238105
APP-00221,protective,2,fe_operational_distress_events,Combined bounced payment and reversed transaction count.,5.437679873886328
APP-00221,protective,3,fe_business_credit_utilization,Business bureau credit utilization.,5.013564845187844
APP-00221,protective,4,num_fees_90d,,4.871993346215178
APP-00221,protective,5,free_cash_flow,,2.584299699991828
APP-00222,adverse,1,credit_volatility_90d,,-8.504614871755338
APP-00222,adverse,2,fe_business_arrears_days,Business bureau arrears days.,-4.913208981894471
APP-00222,adverse,3,fe_negative_balance_days,Number of days with negative balances.,-4.8680569924583885
APP-00222,adverse,4,fe_balance_to_monthly_expenses,Average 90-day balance divided by monthly expenses.,-3.524007708420735
APP-00222,adverse,5,fe_free_cash_to_expenses,Free cash flow divided by monthly expenses.,-1.9825422756539428
APP-00222,protective,1,fe_operational_distress_events,Combined bounced payment and reversed transaction count.,11.709106573753973
APP-00222,protective,2,num_fees_90d,,4.871993346215178
APP-00222,protective,3,fe_business_credit_utilization,Business bureau credit utilization.,2.722917313142548
APP-00222,protective,4,judgments_count,,2.353047774790244
APP-00222,protective,5,fe_director_credit_score,Director bureau credit score.,1.6183271295413983
APP-00223,adverse,1,fe_negative_balance_days,Number of days with negative balances.,-13.293998017891731
APP-00223,adverse,2,num_fees_90d,,-2.8408003994980424
APP-00223,adverse,3,fe_balance_to_monthly_expenses,Average 90-day balance divided by monthly expenses.,-2.0214135668482074
APP-00223,adverse,4,free_cash_flow,,-0.7839558191105869
APP-00223,adverse,5,fe_min_balance_to_expenses,Minimum 90-day balance divided by monthly expenses.,-0.46218785404960144
APP-00223,protective,1,fe_free_cash_to_expenses,Free cash flow divided by monthly expenses.,20.461903057643227
APP-00223,protective,2,fe_operational_distress_events,Combined bounced payment and reversed transaction count.,11.709106573753973
APP-00223,protective,3,fe_director_credit_score,Director bureau credit score.,8.53713995567958
APP-00223,protective,4,fe_business_credit_score,Business bureau credit score.,7.964291288680055
APP-00223,protective,5,fe_business_credit_utilization,Business bureau credit utilization.,6.759214482367955
APP-00224,adverse,1,fe_negative_balance_days,Number of days with negative balances.,-7.901692957839125
APP-00224,adverse,2,credit_volatility_90d,,-4.959064187808683
APP-00224,adverse,3,fe_business_arrears_days,Business bureau arrears days.,-4.913208981894471
APP-00224,adverse,4,fe_balance_to_monthly_expenses,Average 90-day balance divided by monthly expenses.,-2.0214135668482074
APP-00224,adverse,5,fe_min_balance_to_expenses,Minimum 90-day balance divided by monthly expenses.,-0.46218785404960144
APP-00224,protective,1,fe_free_cash_to_expenses,Free cash flow divided by monthly expenses.,13.650972568238105
APP-00224,protective,2,fe_operational_distress_events,Combined bounced payment and reversed transaction count.,11.709106573753973
APP-00224,protective,3,fe_business_credit_utilization,Business bureau credit utilization.,6.759214482367955
APP-00224,protective,4,fe_debt_to_assets,Total liabilities divided by total assets.,3.7731027473151086
APP-00224,protective,5,director_credit_utilization,,3.6742448595078656
APP-00225,adverse,1,fe_negative_balance_days,Number of days with negative balances.,-13.293998017891731
APP-00225,adverse,2,fe_balance_to_monthly_expenses,Average 90-day balance divided by monthly expenses.,-3.524007708420735
APP-00225,adverse,3,fe_director_credit_score,Director bureau credit score.,-2.948467644559505
APP-00225,adverse,4,fe_business_credit_score,Business bureau credit score.,-2.3295239519651583
APP-00225,adverse,5,fe_liabilities_to_annual_revenue,Total liabilities divided by annual revenue.,-1.7592117099978195
APP-00225,protective,1,fe_free_cash_to_expenses,Free cash flow divided by monthly expenses.,9.865010580117987
APP-00225,protective,2,fe_business_credit_utilization,Business bureau credit utilization.,2.722917313142548
APP-00225,protective,3,judgments_count,,2.353047774790244
APP-00225,protective,4,free_cash_flow,,1.042465580324365
APP-00225,protective,5,director_judgments_count,,0.7548546387206513
APP-00226,adverse,1,fe_negative_balance_days,Number of days with negative balances.,-13.293998017891731
APP-00226,adverse,2,credit_volatility_90d,,-8.504614871755338
APP-00226,adverse,3,fe_business_arrears_days,Business bureau arrears days.,-4.913208981894471
APP-00226,adverse,4,fe_business_credit_score,Business bureau credit score.,-4.641111845928194
APP-00226,adverse,5,fe_operational_distress_events,Combined bounced payment and reversed transaction count.,-4.486610532400765
APP-00226,protective,1,judgments_count,,2.353047774790244
APP-00226,protective,2,fe_free_cash_to_expenses,Free cash flow divided by monthly expenses.,1.4632110782236816
APP-00226,protective,3,fe_debt_to_assets,Total liabilities divided by total assets.,0.8494236917233762
APP-00226,protective,4,director_judgments_count,,0.7548546387206513
APP-00226,protective,5,fe_business_credit_utilization,Business bureau credit utilization.,0.6226063250127287
APP-00227,adverse,1,fe_negative_balance_days,Number of days with negative balances.,-13.293998017891731
APP-00227,adverse,2,credit_volatility_90d,,-4.959064187808683
APP-00227,adverse,3,fe_balance_to_monthly_expenses,Average 90-day balance divided by monthly expenses.,-3.524007708420735
APP-00227,adverse,4,fe_liabilities_to_annual_revenue,Total liabilities divided by annual revenue.,-1.7592117099978195
APP-00227,adverse,5,num_fees_90d,,-1.37740785037345
APP-00227,protective,1,fe_operational_distress_events,Combined bounced payment and reversed transaction count.,5.437679873886328
APP-00227,protective,2,fe_business_credit_score,Business bureau credit score.,3.479999779230398
APP-00227,protective,3,fe_business_credit_utilization,Business bureau credit utilization.,2.722917313142548
APP-00227,protective,4,judgments_count,,2.353047774790244
APP-00227,protective,5,fe_director_credit_score,Director bureau credit score.,1.6183271295413983
APP-00228,adverse,1,fe_negative_balance_days,Number of days with negative balances.,-13.293998017891731
APP-00228,adverse,2,fe_free_cash_to_expenses,Free cash flow divided by monthly expenses.,-6.755373152878332
APP-00228,adverse,3,num_fees_90d,,-6.2408675297329035
APP-00228,adverse,4,fe_business_arrears_days,Business bureau arrears days.,-4.913208981894471
APP-00228,adverse,5,fe_balance_to_monthly_expenses,Average 90-day balance divided by monthly expenses.,-3.524007708420735
APP-00228,protective,1,fe_operational_distress_events,Combined bounced payment and reversed transaction count.,2.4804658329330675
APP-00228,protective,2,judgments_count,,2.353047774790244
APP-00228,protective,3,fe_business_credit_score,Business bureau credit score.,1.7247574592181576
APP-00228,protective,4,fe_director_credit_score,Director bureau credit score.,1.6183271295413983
APP-00228,protective,5,fe_debt_to_assets,Total liabilities divided by total assets.,0.8494236917233762
APP-00229,adverse,1,judgments_count,,-25.1782604609213
APP-00229,adverse,2,fe_negative_balance_days,Number of days with negative balances.,-13.293998017891731
APP-00229,adverse,3,fe_balance_to_monthly_expenses,Average 90-day balance divided by monthly expenses.,-2.623426313246872
APP-00229,adverse,4,fe_business_arrears_days,Business bureau arrears days.,-1.961162279722023
APP-00229,adverse,5,free_cash_flow,,-1.385662352008622
APP-00229,protective,1,fe_free_cash_to_expenses,Free cash flow divided by monthly expenses.,20.461903057643227
APP-00229,protective,2,fe_operational_distress_events,Combined bounced payment and reversed transaction count.,11.709106573753973
APP-00229,protective,3,fe_business_credit_score,Business bureau credit score.,7.964291288680055
APP-00229,protective,4,credit_volatility_90d,,4.511334907155653
APP-00229,protective,5,fe_debt_to_assets,Total liabilities divided by total assets.,3.7731027473151086
APP-00230,adverse,1,fe_negative_balance_days,Number of days with negative balances.,-13.293998017891731
APP-00230,adverse,2,credit_volatility_90d,,-4.959064187808683
APP-00230,adverse,3,num_fees_90d,,-2.8408003994980424
APP-00230,adverse,4,fe_balance_to_monthly_expenses,Average 90-day balance divided by monthly expenses.,-2.623426313246872
APP-00230,adverse,5,director_credit_utilization,,-1.5123305694881732
APP-00230,protective,1,fe_operational_distress_events,Combined bounced payment and reversed transaction count.,11.709106573753973
APP-00230,protective,2,fe_free_cash_to_expenses,Free cash flow divided by monthly expenses.,5.962874647672288
APP-00230,protective,3,fe_business_credit_score,Business bureau credit score.,5.075043441117233
APP-00230,protective,4,fe_business_credit_utilization,Business bureau credit utilization.,5.013564845187844
APP-00230,protective,5,fe_debt_to_assets,Total liabilities divided by total assets.,3.7731027473151086
APP-00231,adverse,1,credit_volatility_90d,,-8.504614871755338
APP-00231,adverse,2,fe_balance_to_monthly_expenses,Average 90-day balance divided by monthly expenses.,-3.524007708420735
APP-00231,adverse,3,num_fees_90d,,-1.37740785037345
APP-00231,adverse,4,fe_business_arrears_days,Business bureau arrears days.,-1.1968320306744686
APP-00231,adverse,5,fe_min_balance_to_expenses,Minimum 90-day balance divided by monthly expenses.,-0.46218785404960144
APP-00231,protective,1,fe_free_cash_to_expenses,Free cash flow divided by monthly expenses.,20.461903057643227
APP-00231,protective,2,fe_business_credit_score,Business bureau credit score.,7.964291288680055
APP-00231,protective,3,fe_business_credit_utilization,Business bureau credit utilization.,5.013564845187844
APP-00231,protective,4,fe_negative_balance_days,Number of days with negative balances.,4.254378608742005
APP-00231,protective,5,free_cash_flow,,2.584299699991828
APP-00232,adverse,1,director_judgments_count,,-15.549679199311921
APP-00232,adverse,2,credit_volatility_90d,,-4.959064187808683
APP-00232,adverse,3,num_fees_90d,,-3.9671378997486717
APP-00232,adverse,4,fe_balance_to_monthly_expenses,Average 90-day balance divided by monthly expenses.,-2.623426313246872
APP-00232,adverse,5,fe_business_arrears_days,Business bureau arrears days.,-1.961162279722023
APP-00232,protective,1,fe_free_cash_to_expenses,Free cash flow divided by monthly expenses.,5.962874647672288
APP-00232,protective,2,fe_business_credit_utilization,Business bureau credit utilization.,2.722917313142548
APP-00232,protective,3,judgments_count,,2.353047774790244
APP-00232,protective,4,fe_director_credit_score,Director bureau credit score.,1.6183271295413983
APP-00232,protective,5,fe_negative_balance_days,Number of days with negative balances.,0.9657796669140056
APP-00233,adverse,1,fe_negative_balance_days,Number of days with negative balances.,-4.8680569924583885
APP-00233,adverse,2,num_fees_90d,,-3.9671378997486717
APP-00233,adverse,3,fe_balance_to_monthly_expenses,Average 90-day balance divided by monthly expenses.,-2.623426313246872
APP-00233,adverse,4,fe_liabilities_to_annual_revenue,Total liabilities divided by annual revenue.,-1.7592117099978195
APP-00233,adverse,5,credit_volatility_90d,,-1.355380855435798
APP-00233,protective,1,fe_free_cash_to_expenses,Free cash flow divided by monthly expenses.,34.66293806753898
APP-00233,protective,2,fe_operational_distress_events,Combined bounced payment and reversed transaction count.,11.709106573753973
APP-00233,protective,3,fe_business_credit_score,Business bureau credit score.,7.964291288680055
APP-00233,protective,4,fe_business_credit_utilization,Business bureau credit utilization.,5.013564845187844
APP-00233,protective,5,fe_director_credit_score,Director bureau credit score.,4.954496226162749
APP-00234,adverse,1,fe_balance_to_monthly_expenses,Average 90-day balance divided by monthly expenses.,-3.524007708420735
APP-00234,adverse,2,credit_volatility_90d,,-2.849189795246395
APP-00234,adverse,3,fe_business_arrears_days,Business bureau arrears days.,-1.961162279722023
APP-00234,adverse,4,fe_liabilities_to_annual_revenue,Total liabilities divided by annual revenue.,-1.7592117099978195
APP-00234,adverse,5,fe_min_balance_to_expenses,Minimum 90-day balance divided by monthly expenses.,-0.46218785404960144
APP-00234,protective,1,fe_operational_distress_events,Combined bounced payment and reversed transaction count.,11.709106573753973
APP-00234,protective,2,fe_free_cash_to_expenses,Free cash flow divided by monthly expenses.,9.865010580117987
APP-00234,protective,3,fe_business_credit_utilization,Business bureau credit utilization.,6.759214482367955
APP-00234,protective,4,fe_business_credit_score,Business bureau credit score.,5.075043441117233
APP-00234,protective,5,fe_negative_balance_days,Number of days with negative balances.,4.254378608742005
APP-00235,adverse,1,judgments_count,,-25.1782604609213
APP-00235,adverse,2,fe_negative_balance_days,Number of days with negative balances.,-13.293998017891731
APP-00235,adverse,3,fe_free_cash_to_expenses,Free cash flow divided by monthly expenses.,-6.755373152878332
APP-00235,adverse,4,fe_business_arrears_days,Business bureau arrears days.,-4.913208981894471
APP-00235,adverse,5,fe_business_credit_score,Business bureau credit score.,-4.641111845928194
APP-00235,protective,1,fe_operational_distress_events,Combined bounced payment and reversed transaction count.,2.4804658329330675
APP-00235,protective,2,free_cash_flow,,1.3491110213688227
APP-00235,protective,3,director_judgments_count,,0.7548546387206513
APP-00235,protective,4,fe_debt_to_assets,Total liabilities divided by total assets.,0.5028728142430084
APP-00235,protective,5,director_credit_utilization,,0.14065362664514475
APP-00236,adverse,1,director_judgments_count,,-15.549679199311921
APP-00236,adverse,2,fe_negative_balance_days,Number of days with negative balances.,-13.293998017891731
APP-00236,adverse,3,credit_volatility_90d,,-8.504614871755338
APP-00236,adverse,4,fe_balance_to_monthly_expenses,Average 90-day balance divided by monthly expenses.,-2.547013533874613
APP-00236,adverse,5,fe_business_arrears_days,Business bureau arrears days.,-1.961162279722023
APP-00236,protective,1,fe_operational_distress_events,Combined bounced payment and reversed transaction count.,5.437679873886328
APP-00236,protective,2,fe_business_credit_utilization,Business bureau credit utilization.,2.722917313142548
APP-00236,protective,3,judgments_count,,2.353047774790244
APP-00236,protective,4,num_fees_90d,,2.010929213010523
APP-00236,protective,5,fe_free_cash_to_expenses,Free cash flow divided by monthly expenses.,1.4632110782236816
APP-00237,adverse,1,fe_negative_balance_days,Number of days with negative balances.,-13.293998017891731
APP-00237,adverse,2,credit_volatility_90d,,-8.504614871755338
APP-00237,adverse,3,fe_business_arrears_days,Business bureau arrears days.,-4.913208981894471
APP-00237,adverse,4,fe_balance_to_monthly_expenses,Average 90-day balance divided by monthly expenses.,-2.547013533874613
APP-00237,adverse,5,num_fees_90d,,-1.37740785037345
APP-00237,protective,1,fe_free_cash_to_expenses,Free cash flow divided by monthly expenses.,5.962874647672288
APP-00237,protective,2,fe_operational_distress_events,Combined bounced payment and reversed transaction count.,2.4804658329330675
APP-00237,protective,3,judgments_count,,2.353047774790244
APP-00237,protective,4,fe_director_credit_score,Director bureau credit score.,1.6183271295413983
APP-00237,protective,5,fe_debt_to_assets,Total liabilities divided by total assets.,0.8494236917233762
APP-00238,adverse,1,credit_volatility_90d,,-8.504614871755338
APP-00238,adverse,2,fe_balance_to_monthly_expenses,Average 90-day balance divided by monthly expenses.,-2.623426313246872
APP-00238,adverse,3,fe_business_arrears_days,Business bureau arrears days.,-1.961162279722023
APP-00238,adverse,4,fe_cash_flow_trend,90-day cash-flow trend.,-0.8860362413701749
APP-00238,adverse,5,fe_min_balance_to_expenses,Minimum 90-day balance divided by monthly expenses.,-0.46218785404960144
APP-00238,protective,1,fe_free_cash_to_expenses,Free cash flow divided by monthly expenses.,9.865010580117987
APP-00238,protective,2,fe_business_credit_score,Business bureau credit score.,5.075043441117233
APP-00238,protective,3,fe_director_credit_score,Director bureau credit score.,4.954496226162749
APP-00238,protective,4,fe_operational_distress_events,Combined bounced payment and reversed transaction count.,2.4804658329330675
APP-00238,protective,5,judgments_count,,2.353047774790244
APP-00239,adverse,1,judgments_count,,-25.1782604609213
APP-00239,adverse,2,fe_negative_balance_days,Number of days with negative balances.,-13.293998017891731
APP-00239,adverse,3,fe_free_cash_to_expenses,Free cash flow divided by monthly expenses.,-11.94586487502594
APP-00239,adverse,4,fe_business_credit_score,Business bureau credit score.,-8.683101937907402
APP-00239,adverse,5,credit_volatility_90d,,-8.504614871755338
APP-00239,protective,1,fe_operational_distress_events,Combined bounced payment and reversed transaction count.,2.4804658329330675
APP-00239,protective,2,free_cash_flow,,1.3491110213688227
APP-00239,protective,3,director_judgments_count,,0.7548546387206513
APP-00239,protective,4,fe_business_credit_utilization,Business bureau credit utilization.,0.7415335345714789
APP-00239,protective,5,fe_business_arrears_days,Business bureau arrears days.,0.49026819706509817
APP-00240,adverse,1,fe_free_cash_to_expenses,Free cash flow divided by monthly expenses.,-20.554380280673865
APP-00240,adverse,2,fe_negative_balance_days,Number of days with negative balances.,-13.293998017891731
APP-00240,adverse,3,fe_business_credit_score,Business bureau credit score.,-8.683101937907402
APP-00240,adverse,4,fe_business_arrears_days,Business bureau arrears days.,-4.913208981894471
APP-00240,adverse,5,fe_business_credit_utilization,Business bureau credit utilization.,-4.858807712052527
APP-00240,protective,1,judgments_count,,2.353047774790244
APP-00240,protective,2,num_fees_90d,,2.010929213010523
APP-00240,protective,3,director_judgments_count,,0.7548546387206513
APP-00240,protective,4,default_flag_bureau_history,,0.0
APP-00240,protective,5,credit_volatility_90d,,0.0
APP-00241,adverse,1,fe_negative_balance_days,Number of days with negative balances.,-13.293998017891731
APP-00241,adverse,2,credit_volatility_90d,,-8.504614871755338
APP-00241,adverse,3,fe_free_cash_to_expenses,Free cash flow divided by monthly expenses.,-6.755373152878332
APP-00241,adverse,4,fe_business_arrears_days,Business bureau arrears days.,-4.913208981894471
APP-00241,adverse,5,fe_balance_to_monthly_expenses,Average 90-day balance divided by monthly expenses.,-3.524007708420735
APP-00241,protective,1,fe_operational_distress_events,Combined bounced payment and reversed transaction count.,5.437679873886328
APP-00241,protective,2,fe_business_credit_utilization,Business bureau credit utilization.,5.013564845187844
APP-00241,protective,3,judgments_count,,2.353047774790244
APP-00241,protective,4,director_judgments_count,,0.7548546387206513
APP-00241,protective,5,director_credit_utilization,,0.14065362664514475
APP-00242,adverse,1,fe_negative_balance_days,Number of days with negative balances.,-13.293998017891731
APP-00242,adverse,2,credit_volatility_90d,,-8.504614871755338
APP-00242,adverse,3,fe_business_arrears_days,Business bureau arrears days.,-4.913208981894471
APP-00242,adverse,4,fe_balance_to_monthly_expenses,Average 90-day balance divided by monthly expenses.,-3.524007708420735
APP-00242,adverse,5,fe_operational_distress_events,Combined bounced payment and reversed transaction count.,-2.1484411457951076
APP-00242,protective,1,judgments_count,,2.353047774790244
APP-00242,protective,2,num_fees_90d,,2.010929213010523
APP-00242,protective,3,free_cash_flow,,1.8601197511827134
APP-00242,protective,4,director_judgments_count,,0.7548546387206513
APP-00242,protective,5,fe_debt_to_assets,Total liabilities divided by total assets.,0.08569171056245785
APP-00243,adverse,1,fe_negative_balance_days,Number of days with negative balances.,-7.901692957839125
APP-00243,adverse,2,fe_balance_to_monthly_expenses,Average 90-day balance divided by monthly expenses.,-2.623426313246872
APP-00243,adverse,3,fe_cash_flow_trend,90-day cash-flow trend.,-1.3260283120975773
APP-00243,adverse,4,fe_liabilities_to_annual_revenue,Total liabilities divided by annual revenue.,-0.8937349286576866
APP-00243,adverse,5,fe_min_balance_to_expenses,Minimum 90-day balance divided by monthly expenses.,-0.4657799248479859
APP-00243,protective,1,fe_free_cash_to_expenses,Free cash flow divided by monthly expenses.,34.66293806753898
APP-00243,protective,2,fe_operational_distress_events,Combined bounced payment and reversed transaction count.,11.709106573753973
APP-00243,protective,3,fe_director_credit_score,Director bureau credit score.,8.53713995567958
APP-00243,protective,4,fe_business_credit_score,Business bureau credit score.,7.964291288680055
APP-00243,protective,5,fe_business_credit_utilization,Business bureau credit utilization.,5.013564845187844
APP-00244,adverse,1,fe_negative_balance_days,Number of days with negative balances.,-13.293998017891731
APP-00244,adverse,2,credit_volatility_90d,,-8.504614871755338
APP-00244,adverse,3,fe_balance_to_monthly_expenses,Average 90-day balance divided by monthly expenses.,-2.623426313246872
APP-00244,adverse,4,fe_business_arrears_days,Business bureau arrears days.,-1.961162279722023
APP-00244,adverse,5,fe_liabilities_to_annual_revenue,Total liabilities divided by annual revenue.,-0.8937349286576866
APP-00244,protective,1,fe_operational_distress_events,Combined bounced payment and reversed transaction count.,5.437679873886328
APP-00244,protective,2,fe_business_credit_score,Business bureau credit score.,5.075043441117233
APP-00244,protective,3,fe_business_credit_utilization,Business bureau credit utilization.,5.013564845187844
APP-00244,protective,4,fe_director_credit_score,Director bureau credit score.,4.954496226162749
APP-00244,protective,5,judgments_count,,2.353047774790244
APP-00245,adverse,1,fe_negative_balance_days,Number of days with negative balances.,-13.293998017891731
APP-00245,adverse,2,credit_volatility_90d,,-8.504614871755338
APP-00245,adverse,3,fe_balance_to_monthly_expenses,Average 90-day balance divided by monthly expenses.,-2.623426313246872
APP-00245,adverse,4,fe_business_arrears_days,Business bureau arrears days.,-1.961162279722023
APP-00245,adverse,5,num_fees_90d,,-1.37740785037345
APP-00245,protective,1,fe_operational_distress_events,Combined bounced payment and reversed transaction count.,11.709106573753973
APP-00245,protective,2,fe_business_credit_utilization,Business bureau credit utilization.,10.800529950239342
APP-00245,protective,3,fe_free_cash_to_expenses,Free cash flow divided by monthly expenses.,9.865010580117987
APP-00245,protective,4,fe_business_credit_score,Business bureau credit score.,5.075043441117233
APP-00245,protective,5,director_credit_utilization,,3.6742448595078656
APP-00246,adverse,1,fe_negative_balance_days,Number of days with negative balances.,-13.293998017891731
APP-00246,adverse,2,credit_volatility_90d,,-8.504614871755338
APP-00246,adverse,3,fe_balance_to_monthly_expenses,Average 90-day balance divided by monthly expenses.,-3.524007708420735
APP-00246,adverse,4,fe_director_credit_score,Director bureau credit score.,-2.948467644559505
APP-00246,adverse,5,fe_liabilities_to_annual_revenue,Total liabilities divided by annual revenue.,-0.8937349286576866
APP-00246,protective,1,fe_operational_distress_events,Combined bounced payment and reversed transaction count.,11.709106573753973
APP-00246,protective,2,fe_free_cash_to_expenses,Free cash flow divided by monthly expenses.,9.865010580117987
APP-00246,protective,3,num_fees_90d,,4.871993346215178
APP-00246,protective,4,judgments_count,,2.353047774790244
APP-00246,protective,5,fe_debt_to_assets,Total liabilities divided by total assets.,2.0108985974473534
APP-00247,adverse,1,credit_volatility_90d,,-8.504614871755338
APP-00247,adverse,2,fe_negative_balance_days,Number of days with negative balances.,-7.901692957839125
APP-00247,adverse,3,fe_balance_to_monthly_expenses,Average 90-day balance divided by monthly expenses.,-2.623426313246872
APP-00247,adverse,4,fe_liabilities_to_annual_revenue,Total liabilities divided by annual revenue.,-1.7592117099978195
APP-00247,adverse,5,fe_cash_flow_trend,90-day cash-flow trend.,-1.3260283120975773
APP-00247,protective,1,fe_free_cash_to_expenses,Free cash flow divided by monthly expenses.,5.962874647672288
APP-00247,protective,2,fe_business_credit_utilization,Business bureau credit utilization.,2.722917313142548
APP-00247,protective,3,judgments_count,,2.353047774790244
APP-00247,protective,4,num_fees_90d,,2.010929213010523
APP-00247,protective,5,fe_debt_to_assets,Total liabilities divided by total assets.,2.0108985974473534
APP-00248,adverse,1,fe_negative_balance_days,Number of days with negative balances.,-13.293998017891731
APP-00248,adverse,2,fe_balance_to_monthly_expenses,Average 90-day balance divided by monthly expenses.,-3.524007708420735
APP-00248,adverse,3,credit_volatility_90d,,-2.849189795246395
APP-00248,adverse,4,num_fees_90d,,-2.8408003994980424
APP-00248,adverse,5,fe_business_arrears_days,Business bureau arrears days.,-1.961162279722023
APP-00248,protective,1,fe_free_cash_to_expenses,Free cash flow divided by monthly expenses.,20.461903057643227
APP-00248,protective,2,fe_operational_distress_events,Combined bounced payment and reversed transaction count.,11.709106573753973
APP-00248,protective,3,fe_business_credit_utilization,Business bureau credit utilization.,6.759214482367955
APP-00248,protective,4,judgments_count,,2.353047774790244
APP-00248,protective,5,director_credit_utilization,,2.0461658399828875
APP-00249,adverse,1,judgments_count,,-25.1782604609213
APP-00249,adverse,2,fe_negative_balance_days,Number of days with negative balances.,-13.293998017891731
APP-00249,adverse,3,credit_volatility_90d,,-4.959064187808683
APP-00249,adverse,4,fe_balance_to_monthly_expenses,Average 90-day balance divided by monthly expenses.,-3.524007708420735
APP-00249,adverse,5,free_cash_flow,,-0.7839558191105869
APP-00249,protective,1,fe_free_cash_to_expenses,Free cash flow divided by monthly expenses.,20.461903057643227
APP-00249,protective,2,fe_business_credit_utilization,Business bureau credit utilization.,5.013564845187844
APP-00249,protective,3,fe_operational_distress_events,Combined bounced payment and reversed transaction count.,2.4804658329330675
APP-00249,protective,4,num_fees_90d,,2.010929213010523
APP-00249,protective,5,fe_debt_to_assets,Total liabilities divided by total assets.,2.0108985974473534
APP-00250,adverse,1,fe_negative_balance_days,Number of days with negative balances.,-13.293998017891731
APP-00250,adverse,2,credit_volatility_90d,,-2.849189795246395
APP-00250,adverse,3,fe_balance_to_monthly_expenses,Average 90-day balance divided by monthly expenses.,-2.0214135668482074
APP-00250,adverse,4,num_fees_90d,,-1.37740785037345
APP-00250,adverse,5,fe_cash_flow_trend,90-day cash-flow trend.,-1.3260283120975773
APP-00250,protective,1,fe_free_cash_to_expenses,Free cash flow divided by monthly expenses.,34.66293806753898
APP-00250,protective,2,fe_operational_distress_events,Combined bounced payment and reversed transaction count.,11.709106573753973
APP-00250,protective,3,fe_director_credit_score,Director bureau credit score.,8.53713995567958
APP-00250,protective,4,fe_business_credit_score,Business bureau credit score.,7.964291288680055
APP-00250,protective,5,fe_business_credit_utilization,Business bureau credit utilization.,6.759214482367955
