SalesChannel,Revenue,Profit,AvgMargin,ReturnRate,Revenue_Share
In-Store,190815745.71,52790342.67082708,0.3252616767137419,0.07959094258458965,0.5029448209570321
Online,188581233.35999998,52285564.53423547,0.3255719460212047,0.07921746640689337,0.49705517904296787
