CustomerSegment,Revenue,Profit,AvgMargin,ReturnRate
High,126608770.4,35076365.02713295,0.3258285222027928,0.0791757699099153
Mid,126504506.8,35047034.92498741,0.325353493092992,0.0797999011487711
Low,126283701.87,34952507.25294219,0.32506417396819703,0.07923863448130468
