Category,Avg_Inventory,StockOutRate,Revenue,Profit,Inventory_Risk
Clothing,1003.0923986233728,0.023741832510349642,76220807.28,21121367.055684604,Healthy
Beauty,1004.4565495127633,0.025075778451364012,76058670.01,21029373.1106426,Healthy
Electronics,1000.3937379744622,0.023863664759239362,75892254.85,20972874.26194391,Healthy
Food,1000.7872425315445,0.02496134856116902,75710196.48,20996455.668627173,Healthy
Home,1004.4195976117605,0.024710250363754956,75515050.45,20955837.108164266,Healthy
