Avg_StockOutRate,Avg_ReturnRate,Avg_LeadTime
0.024461561074152115,0.07937820833273401,14.985406402615105
