Category,Revenue,Profit,Avg_Margin,ReturnRate,StockOutRate
Clothing,76220807.28,21121367.055684604,0.3255728014975933,0.07763479475285551,0.023741832510349642
Beauty,76058670.01,21029373.1106426,0.3249892085777121,0.08106415491370024,0.025075778451364012
Electronics,75892254.85,20972874.26194391,0.32536504085855383,0.08076163822184462,0.023863664759239362
Food,75710196.48,20996455.668627173,0.3254105209875504,0.0791731085731385,0.02496134856116902
Home,75515050.45,20955837.108164266,0.32574309879946534,0.07839546435201444,0.024710250363754956
