issue_id,dataset,source_record_id,business_id,issue_type,description
ISSUE_000001,business_profiles_raw.csv,BP_0002,SME_002,missing_value,employee_count missing
ISSUE_000002,business_profiles_raw.csv,BP_0004,SME_004,type_inconsistency,"annual_revenue stored as formatted text, not numeric"
ISSUE_000003,business_profiles_raw.csv,BP_0001,SME_001,missing_value,financial_year_end missing
ISSUE_000004,business_profiles_raw.csv,BP_0006,SME_001,conflicting_record,Duplicate profile version with stale employee_count and annual_revenue
ISSUE_000005,bank_transactions_raw.csv,BT_0000004,SME_001,delayed_posting,Posting delayed 12 days after transaction_date
ISSUE_000006,bank_transactions_raw.csv,BT_0000099,SME_001,delayed_posting,Posting delayed 12 days after transaction_date
ISSUE_000007,bank_transactions_raw.csv,BT_0000117,SME_001,delayed_posting,Posting delayed 12 days after transaction_date
ISSUE_000008,bank_transactions_raw.csv,BT_0000182,SME_001,delayed_posting,Posting delayed 12 days after transaction_date
ISSUE_000009,bank_transactions_raw.csv,BT_0000209,SME_001,delayed_posting,Posting delayed 12 days after transaction_date
ISSUE_000010,bank_transactions_raw.csv,BT_0000211,SME_001,delayed_posting,Posting delayed 12 days after transaction_date
ISSUE_000011,bank_transactions_raw.csv,BT_0000230,SME_001,delayed_posting,Posting delayed 12 days after transaction_date
ISSUE_000012,bank_transactions_raw.csv,BT_0000254,SME_001,delayed_posting,Posting delayed 12 days after transaction_date
ISSUE_000013,bank_transactions_raw.csv,BT_0000315,SME_001,delayed_posting,Posting delayed 12 days after transaction_date
ISSUE_000014,bank_transactions_raw.csv,BT_0000339,SME_001,delayed_posting,Posting delayed 12 days after transaction_date
ISSUE_000015,bank_transactions_raw.csv,BT_0000513,SME_001,delayed_posting,Posting delayed 12 days after transaction_date
ISSUE_000016,bank_transactions_raw.csv,BT_0000701,SME_001,delayed_posting,Posting delayed 12 days after transaction_date
ISSUE_000017,bank_transactions_raw.csv,BT_0000714,SME_001,delayed_posting,Posting delayed 12 days after transaction_date
ISSUE_000018,bank_transactions_raw.csv,BT_0000750,SME_001,delayed_posting,Posting delayed 12 days after transaction_date
ISSUE_000019,bank_transactions_raw.csv,BT_0000762,SME_001,delayed_posting,Posting delayed 12 days after transaction_date
ISSUE_000020,bank_transactions_raw.csv,BT_0000763,SME_001,delayed_posting,Posting delayed 12 days after transaction_date
ISSUE_000021,bank_transactions_raw.csv,BT_0000831,SME_001,delayed_posting,Posting delayed 12 days after transaction_date
ISSUE_000022,bank_transactions_raw.csv,BT_0000897,SME_001,delayed_posting,Posting delayed 12 days after transaction_date
ISSUE_000023,bank_transactions_raw.csv,BT_0000904,SME_001,delayed_posting,Posting delayed 12 days after transaction_date
ISSUE_000024,bank_transactions_raw.csv,BT_0000905,SME_001,delayed_posting,Posting delayed 12 days after transaction_date
ISSUE_000025,bank_transactions_raw.csv,BT_0000952,SME_001,delayed_posting,Posting delayed 12 days after transaction_date
ISSUE_000026,bank_transactions_raw.csv,BT_0000983,SME_001,delayed_posting,Posting delayed 12 days after transaction_date
ISSUE_000027,bank_transactions_raw.csv,BT_0001048,SME_001,delayed_posting,Posting delayed 12 days after transaction_date
ISSUE_000028,bank_transactions_raw.csv,BT_0001218,SME_001,delayed_posting,Posting delayed 12 days after transaction_date
ISSUE_000029,bank_transactions_raw.csv,BT_0001339,SME_001,delayed_posting,Posting delayed 12 days after transaction_date
ISSUE_000030,bank_transactions_raw.csv,BT_0001464,SME_001,delayed_posting,Posting delayed 12 days after transaction_date
ISSUE_000031,bank_transactions_raw.csv,BT_0001521,SME_001,delayed_posting,Posting delayed 12 days after transaction_date
ISSUE_000032,bank_transactions_raw.csv,BT_0001567,SME_001,delayed_posting,Posting delayed 12 days after transaction_date
ISSUE_000033,bank_transactions_raw.csv,BT_0001669,SME_001,delayed_posting,Posting delayed 12 days after transaction_date
ISSUE_000034,bank_transactions_raw.csv,BT_0001671,SME_001,delayed_posting,Posting delayed 12 days after transaction_date
ISSUE_000035,bank_transactions_raw.csv,BT_0001707,SME_001,delayed_posting,Posting delayed 12 days after transaction_date
ISSUE_000036,bank_transactions_raw.csv,BT_0001716,SME_001,delayed_posting,Posting delayed 12 days after transaction_date
ISSUE_000037,bank_transactions_raw.csv,BT_0001819,SME_001,delayed_posting,Posting delayed 12 days after transaction_date
ISSUE_000038,bank_transactions_raw.csv,BT_0001839,SME_001,delayed_posting,Posting delayed 12 days after transaction_date
ISSUE_000039,bank_transactions_raw.csv,BT_0001888,SME_001,delayed_posting,Posting delayed 12 days after transaction_date
ISSUE_000040,bank_transactions_raw.csv,BT_0001922,SME_001,delayed_posting,Posting delayed 12 days after transaction_date
ISSUE_000041,bank_transactions_raw.csv,BT_0001941,SME_001,delayed_posting,Posting delayed 12 days after transaction_date
ISSUE_000042,bank_transactions_raw.csv,BT_0001961,SME_001,delayed_posting,Posting delayed 12 days after transaction_date
ISSUE_000043,bank_transactions_raw.csv,BT_0001992,SME_001,delayed_posting,Posting delayed 12 days after transaction_date
ISSUE_000044,bank_transactions_raw.csv,BT_0002027,SME_001,delayed_posting,Posting delayed 12 days after transaction_date
ISSUE_000045,bank_transactions_raw.csv,BT_0002052,SME_001,delayed_posting,Posting delayed 12 days after transaction_date
ISSUE_000046,bank_transactions_raw.csv,BT_0002078,SME_001,delayed_posting,Posting delayed 12 days after transaction_date
ISSUE_000047,bank_transactions_raw.csv,BT_0002081,SME_001,delayed_posting,Posting delayed 12 days after transaction_date
ISSUE_000048,bank_transactions_raw.csv,BT_0002093,SME_001,delayed_posting,Posting delayed 12 days after transaction_date
ISSUE_000049,bank_transactions_raw.csv,BT_0002104,SME_001,delayed_posting,Posting delayed 12 days after transaction_date
ISSUE_000050,bank_transactions_raw.csv,BT_0002109,SME_001,delayed_posting,Posting delayed 12 days after transaction_date
ISSUE_000051,bank_transactions_raw.csv,BT_0002118,SME_001,delayed_posting,Posting delayed 12 days after transaction_date
ISSUE_000052,bank_transactions_raw.csv,BT_0002263,SME_001,delayed_posting,Posting delayed 12 days after transaction_date
ISSUE_000053,bank_transactions_raw.csv,BT_0002341,SME_001,delayed_posting,Posting delayed 12 days after transaction_date
ISSUE_000054,bank_transactions_raw.csv,BT_0002366,SME_001,delayed_posting,Posting delayed 12 days after transaction_date
ISSUE_000055,bank_transactions_raw.csv,BT_0002388,SME_001,delayed_posting,Posting delayed 12 days after transaction_date
ISSUE_000056,bank_transactions_raw.csv,BT_0002427,SME_001,delayed_posting,Posting delayed 12 days after transaction_date
ISSUE_000057,bank_transactions_raw.csv,BT_0002464,SME_001,delayed_posting,Posting delayed 12 days after transaction_date
ISSUE_000058,bank_transactions_raw.csv,BT_0002484,SME_001,delayed_posting,Posting delayed 12 days after transaction_date
ISSUE_000059,bank_transactions_raw.csv,BT_0002495,SME_001,delayed_posting,Posting delayed 12 days after transaction_date
ISSUE_000060,bank_transactions_raw.csv,BT_0002596,SME_001,delayed_posting,Posting delayed 12 days after transaction_date
ISSUE_000061,bank_transactions_raw.csv,BT_0002717,SME_001,delayed_posting,Posting delayed 12 days after transaction_date
ISSUE_000062,bank_transactions_raw.csv,BT_0002751,SME_001,delayed_posting,Posting delayed 12 days after transaction_date
ISSUE_000063,bank_transactions_raw.csv,BT_0002878,SME_001,delayed_posting,Posting delayed 12 days after transaction_date
ISSUE_000064,bank_transactions_raw.csv,BT_0003096,SME_001,delayed_posting,Posting delayed 12 days after transaction_date
ISSUE_000065,bank_transactions_raw.csv,BT_0003153,SME_001,delayed_posting,Posting delayed 12 days after transaction_date
ISSUE_000066,bank_transactions_raw.csv,BT_0003176,SME_001,delayed_posting,Posting delayed 12 days after transaction_date
ISSUE_000067,bank_transactions_raw.csv,BT_0003221,SME_001,delayed_posting,Posting delayed 12 days after transaction_date
ISSUE_000068,bank_transactions_raw.csv,BT_0003278,SME_001,delayed_posting,Posting delayed 12 days after transaction_date
ISSUE_000069,bank_transactions_raw.csv,BT_0003292,SME_001,delayed_posting,Posting delayed 12 days after transaction_date
ISSUE_000070,bank_transactions_raw.csv,BT_0003426,SME_001,delayed_posting,Posting delayed 12 days after transaction_date
ISSUE_000071,bank_transactions_raw.csv,BT_0003483,SME_001,delayed_posting,Posting delayed 12 days after transaction_date
ISSUE_000072,bank_transactions_raw.csv,BT_0003530,SME_001,delayed_posting,Posting delayed 12 days after transaction_date
ISSUE_000073,bank_transactions_raw.csv,BT_0003673,SME_001,delayed_posting,Posting delayed 12 days after transaction_date
ISSUE_000074,bank_transactions_raw.csv,BT_0003696,SME_001,delayed_posting,Posting delayed 12 days after transaction_date
ISSUE_000075,bank_transactions_raw.csv,BT_0003723,SME_001,delayed_posting,Posting delayed 12 days after transaction_date
ISSUE_000076,bank_transactions_raw.csv,BT_0003760,SME_001,delayed_posting,Posting delayed 12 days after transaction_date
ISSUE_000077,bank_transactions_raw.csv,BT_0003763,SME_001,delayed_posting,Posting delayed 12 days after transaction_date
ISSUE_000078,bank_transactions_raw.csv,BT_0003774,SME_001,delayed_posting,Posting delayed 12 days after transaction_date
ISSUE_000079,bank_transactions_raw.csv,BT_0003853,SME_001,delayed_posting,Posting delayed 12 days after transaction_date
ISSUE_000080,bank_transactions_raw.csv,BT_0003880,SME_001,delayed_posting,Posting delayed 12 days after transaction_date
ISSUE_000081,bank_transactions_raw.csv,BT_0003886,SME_001,delayed_posting,Posting delayed 12 days after transaction_date
ISSUE_000082,bank_transactions_raw.csv,BT_0003989,SME_001,delayed_posting,Posting delayed 12 days after transaction_date
ISSUE_000083,bank_transactions_raw.csv,BT_0004048,SME_001,delayed_posting,Posting delayed 12 days after transaction_date
ISSUE_000084,bank_transactions_raw.csv,BT_0004056,SME_001,delayed_posting,Posting delayed 12 days after transaction_date
ISSUE_000085,bank_transactions_raw.csv,BT_0004102,SME_001,delayed_posting,Posting delayed 12 days after transaction_date
ISSUE_000086,bank_transactions_raw.csv,BT_0004105,SME_001,delayed_posting,Posting delayed 12 days after transaction_date
ISSUE_000087,bank_transactions_raw.csv,BT_0004192,SME_001,delayed_posting,Posting delayed 12 days after transaction_date
ISSUE_000088,bank_transactions_raw.csv,BT_0004195,SME_001,delayed_posting,Posting delayed 12 days after transaction_date
ISSUE_000089,bank_transactions_raw.csv,BT_0004220,SME_001,delayed_posting,Posting delayed 12 days after transaction_date
ISSUE_000090,bank_transactions_raw.csv,BT_0004259,SME_001,delayed_posting,Posting delayed 12 days after transaction_date
ISSUE_000091,bank_transactions_raw.csv,BT_0004349,SME_001,delayed_posting,Posting delayed 12 days after transaction_date
ISSUE_000092,bank_transactions_raw.csv,BT_0004364,SME_001,delayed_posting,Posting delayed 12 days after transaction_date
ISSUE_000093,bank_transactions_raw.csv,BT_0004403,SME_001,delayed_posting,Posting delayed 12 days after transaction_date
ISSUE_000094,bank_transactions_raw.csv,BT_0004531,SME_002,delayed_posting,Posting delayed 12 days after transaction_date
ISSUE_000095,bank_transactions_raw.csv,BT_0004547,SME_002,delayed_posting,Posting delayed 12 days after transaction_date
ISSUE_000096,bank_transactions_raw.csv,BT_0004571,SME_002,delayed_posting,Posting delayed 12 days after transaction_date
ISSUE_000097,bank_transactions_raw.csv,BT_0004623,SME_003,delayed_posting,Posting delayed 12 days after transaction_date
ISSUE_000098,bank_transactions_raw.csv,BT_0004629,SME_003,delayed_posting,Posting delayed 12 days after transaction_date
ISSUE_000099,bank_transactions_raw.csv,BT_0004649,SME_003,delayed_posting,Posting delayed 12 days after transaction_date
ISSUE_000100,bank_transactions_raw.csv,BT_0004657,SME_004,delayed_posting,Posting delayed 12 days after transaction_date
ISSUE_000101,bank_transactions_raw.csv,BT_0004727,SME_004,delayed_posting,Posting delayed 12 days after transaction_date
ISSUE_000102,bank_transactions_raw.csv,BT_0004736,SME_004,delayed_posting,Posting delayed 12 days after transaction_date
ISSUE_000103,bank_transactions_raw.csv,BT_0004742,SME_004,delayed_posting,Posting delayed 12 days after transaction_date
ISSUE_000104,bank_transactions_raw.csv,BT_0004743,SME_004,delayed_posting,Posting delayed 12 days after transaction_date
ISSUE_000105,bank_transactions_raw.csv,BT_0004766,SME_004,delayed_posting,Posting delayed 12 days after transaction_date
ISSUE_000106,bank_transactions_raw.csv,BT_0004775,SME_004,delayed_posting,Posting delayed 12 days after transaction_date
ISSUE_000107,bank_transactions_raw.csv,BT_0004791,SME_004,delayed_posting,Posting delayed 12 days after transaction_date
ISSUE_000108,bank_transactions_raw.csv,BT_0004834,SME_004,delayed_posting,Posting delayed 12 days after transaction_date
ISSUE_000109,bank_transactions_raw.csv,BT_0004913,SME_004,delayed_posting,Posting delayed 12 days after transaction_date
ISSUE_000110,bank_transactions_raw.csv,BT_0004917,SME_004,delayed_posting,Posting delayed 12 days after transaction_date
ISSUE_000111,bank_transactions_raw.csv,BT_0004986,SME_004,delayed_posting,Posting delayed 12 days after transaction_date
ISSUE_000112,bank_transactions_raw.csv,BT_0004995,SME_004,delayed_posting,Posting delayed 12 days after transaction_date
ISSUE_000113,bank_transactions_raw.csv,BT_0005040,SME_004,delayed_posting,Posting delayed 12 days after transaction_date
ISSUE_000114,bank_transactions_raw.csv,BT_0005043,SME_004,delayed_posting,Posting delayed 12 days after transaction_date
ISSUE_000115,bank_transactions_raw.csv,BT_0005163,SME_004,delayed_posting,Posting delayed 12 days after transaction_date
ISSUE_000116,bank_transactions_raw.csv,BT_0005178,SME_004,delayed_posting,Posting delayed 12 days after transaction_date
ISSUE_000117,bank_transactions_raw.csv,BT_0005215,SME_004,delayed_posting,Posting delayed 12 days after transaction_date
ISSUE_000118,bank_transactions_raw.csv,BT_0005254,SME_004,delayed_posting,Posting delayed 12 days after transaction_date
ISSUE_000119,bank_transactions_raw.csv,BT_0005388,SME_004,delayed_posting,Posting delayed 12 days after transaction_date
ISSUE_000120,bank_transactions_raw.csv,BT_0005411,SME_004,delayed_posting,Posting delayed 12 days after transaction_date
ISSUE_000121,bank_transactions_raw.csv,BT_0005470,SME_004,delayed_posting,Posting delayed 12 days after transaction_date
ISSUE_000122,bank_transactions_raw.csv,BT_0005479,SME_004,delayed_posting,Posting delayed 12 days after transaction_date
ISSUE_000123,bank_transactions_raw.csv,BT_0005484,SME_004,delayed_posting,Posting delayed 12 days after transaction_date
ISSUE_000124,bank_transactions_raw.csv,BT_0005546,SME_004,delayed_posting,Posting delayed 12 days after transaction_date
ISSUE_000125,bank_transactions_raw.csv,BT_0005584,SME_004,delayed_posting,Posting delayed 12 days after transaction_date
ISSUE_000126,bank_transactions_raw.csv,BT_0005671,SME_004,delayed_posting,Posting delayed 12 days after transaction_date
ISSUE_000127,bank_transactions_raw.csv,BT_0005674,SME_004,delayed_posting,Posting delayed 12 days after transaction_date
ISSUE_000128,bank_transactions_raw.csv,BT_0005746,SME_004,delayed_posting,Posting delayed 12 days after transaction_date
ISSUE_000129,bank_transactions_raw.csv,BT_0005776,SME_004,delayed_posting,Posting delayed 12 days after transaction_date
ISSUE_000130,bank_transactions_raw.csv,BT_0005932,SME_004,delayed_posting,Posting delayed 12 days after transaction_date
ISSUE_000131,bank_transactions_raw.csv,BT_0006002,SME_004,delayed_posting,Posting delayed 12 days after transaction_date
ISSUE_000132,bank_transactions_raw.csv,BT_0006003,SME_004,delayed_posting,Posting delayed 12 days after transaction_date
ISSUE_000133,bank_transactions_raw.csv,BT_0006068,SME_004,delayed_posting,Posting delayed 12 days after transaction_date
ISSUE_000134,bank_transactions_raw.csv,BT_0006085,SME_004,delayed_posting,Posting delayed 12 days after transaction_date
ISSUE_000135,bank_transactions_raw.csv,BT_0006239,SME_004,delayed_posting,Posting delayed 12 days after transaction_date
ISSUE_000136,bank_transactions_raw.csv,BT_0006255,SME_004,delayed_posting,Posting delayed 12 days after transaction_date
ISSUE_000137,bank_transactions_raw.csv,BT_0006292,SME_004,delayed_posting,Posting delayed 12 days after transaction_date
ISSUE_000138,bank_transactions_raw.csv,BT_0006389,SME_004,delayed_posting,Posting delayed 12 days after transaction_date
ISSUE_000139,bank_transactions_raw.csv,BT_0006454,SME_004,delayed_posting,Posting delayed 12 days after transaction_date
ISSUE_000140,bank_transactions_raw.csv,BT_0006472,SME_004,delayed_posting,Posting delayed 12 days after transaction_date
ISSUE_000141,bank_transactions_raw.csv,BT_0006513,SME_004,delayed_posting,Posting delayed 12 days after transaction_date
ISSUE_000142,bank_transactions_raw.csv,BT_0006541,SME_004,delayed_posting,Posting delayed 12 days after transaction_date
ISSUE_000143,bank_transactions_raw.csv,BT_0006626,SME_004,delayed_posting,Posting delayed 12 days after transaction_date
ISSUE_000144,bank_transactions_raw.csv,BT_0006630,SME_004,delayed_posting,Posting delayed 12 days after transaction_date
ISSUE_000145,bank_transactions_raw.csv,BT_0006661,SME_004,delayed_posting,Posting delayed 12 days after transaction_date
ISSUE_000146,bank_transactions_raw.csv,BT_0006662,SME_004,delayed_posting,Posting delayed 12 days after transaction_date
ISSUE_000147,bank_transactions_raw.csv,BT_0006663,SME_004,delayed_posting,Posting delayed 12 days after transaction_date
ISSUE_000148,bank_transactions_raw.csv,BT_0006709,SME_004,delayed_posting,Posting delayed 12 days after transaction_date
ISSUE_000149,bank_transactions_raw.csv,BT_0006819,SME_004,delayed_posting,Posting delayed 12 days after transaction_date
ISSUE_000150,bank_transactions_raw.csv,BT_0006860,SME_004,delayed_posting,Posting delayed 12 days after transaction_date
ISSUE_000151,bank_transactions_raw.csv,BT_0007012,SME_004,delayed_posting,Posting delayed 12 days after transaction_date
ISSUE_000152,bank_transactions_raw.csv,BT_0007042,SME_004,delayed_posting,Posting delayed 12 days after transaction_date
ISSUE_000153,bank_transactions_raw.csv,BT_0007048,SME_004,delayed_posting,Posting delayed 12 days after transaction_date
ISSUE_000154,bank_transactions_raw.csv,BT_0007063,SME_004,delayed_posting,Posting delayed 12 days after transaction_date
ISSUE_000155,bank_transactions_raw.csv,BT_0007067,SME_004,delayed_posting,Posting delayed 12 days after transaction_date
ISSUE_000156,bank_transactions_raw.csv,BT_0007160,SME_004,delayed_posting,Posting delayed 12 days after transaction_date
ISSUE_000157,bank_transactions_raw.csv,BT_0007269,SME_004,delayed_posting,Posting delayed 12 days after transaction_date
ISSUE_000158,bank_transactions_raw.csv,BT_0007279,SME_004,delayed_posting,Posting delayed 12 days after transaction_date
ISSUE_000159,bank_transactions_raw.csv,BT_0007314,SME_004,delayed_posting,Posting delayed 12 days after transaction_date
ISSUE_000160,bank_transactions_raw.csv,BT_0007320,SME_004,delayed_posting,Posting delayed 12 days after transaction_date
ISSUE_000161,bank_transactions_raw.csv,BT_0007327,SME_004,delayed_posting,Posting delayed 12 days after transaction_date
ISSUE_000162,bank_transactions_raw.csv,BT_0007378,SME_004,delayed_posting,Posting delayed 12 days after transaction_date
ISSUE_000163,bank_transactions_raw.csv,BT_0007403,SME_004,delayed_posting,Posting delayed 12 days after transaction_date
ISSUE_000164,bank_transactions_raw.csv,BT_0007601,SME_004,delayed_posting,Posting delayed 12 days after transaction_date
ISSUE_000165,bank_transactions_raw.csv,BT_0007635,SME_004,delayed_posting,Posting delayed 12 days after transaction_date
ISSUE_000166,bank_transactions_raw.csv,BT_0007748,SME_004,delayed_posting,Posting delayed 12 days after transaction_date
ISSUE_000167,bank_transactions_raw.csv,BT_0007848,SME_004,delayed_posting,Posting delayed 12 days after transaction_date
ISSUE_000168,bank_transactions_raw.csv,BT_0007855,SME_004,delayed_posting,Posting delayed 12 days after transaction_date
ISSUE_000169,bank_transactions_raw.csv,BT_0007856,SME_004,delayed_posting,Posting delayed 12 days after transaction_date
ISSUE_000170,bank_transactions_raw.csv,BT_0007873,SME_004,delayed_posting,Posting delayed 12 days after transaction_date
ISSUE_000171,bank_transactions_raw.csv,BT_0007892,SME_004,delayed_posting,Posting delayed 12 days after transaction_date
ISSUE_000172,bank_transactions_raw.csv,BT_0007917,SME_004,delayed_posting,Posting delayed 12 days after transaction_date
ISSUE_000173,bank_transactions_raw.csv,BT_0007941,SME_004,delayed_posting,Posting delayed 12 days after transaction_date
ISSUE_000174,bank_transactions_raw.csv,BT_0008011,SME_004,delayed_posting,Posting delayed 12 days after transaction_date
ISSUE_000175,bank_transactions_raw.csv,BT_0008083,SME_004,delayed_posting,Posting delayed 12 days after transaction_date
ISSUE_000176,bank_transactions_raw.csv,BT_0008124,SME_004,delayed_posting,Posting delayed 12 days after transaction_date
ISSUE_000177,bank_transactions_raw.csv,BT_0008140,SME_004,delayed_posting,Posting delayed 12 days after transaction_date
ISSUE_000178,bank_transactions_raw.csv,BT_0008195,SME_004,delayed_posting,Posting delayed 12 days after transaction_date
ISSUE_000179,bank_transactions_raw.csv,BT_0008222,SME_004,delayed_posting,Posting delayed 12 days after transaction_date
ISSUE_000180,bank_transactions_raw.csv,BT_0008229,SME_004,delayed_posting,Posting delayed 12 days after transaction_date
ISSUE_000181,bank_transactions_raw.csv,BT_0008236,SME_004,delayed_posting,Posting delayed 12 days after transaction_date
ISSUE_000182,bank_transactions_raw.csv,BT_0008242,SME_004,delayed_posting,Posting delayed 12 days after transaction_date
ISSUE_000183,bank_transactions_raw.csv,BT_0008526,SME_004,delayed_posting,Posting delayed 12 days after transaction_date
ISSUE_000184,bank_transactions_raw.csv,BT_0008606,SME_004,delayed_posting,Posting delayed 12 days after transaction_date
ISSUE_000185,bank_transactions_raw.csv,BT_0008666,SME_004,delayed_posting,Posting delayed 12 days after transaction_date
ISSUE_000186,bank_transactions_raw.csv,BT_0008763,SME_004,delayed_posting,Posting delayed 12 days after transaction_date
ISSUE_000187,bank_transactions_raw.csv,BT_0008797,SME_004,delayed_posting,Posting delayed 12 days after transaction_date
ISSUE_000188,bank_transactions_raw.csv,BT_0008879,SME_004,delayed_posting,Posting delayed 12 days after transaction_date
ISSUE_000189,bank_transactions_raw.csv,BT_0009028,SME_004,delayed_posting,Posting delayed 12 days after transaction_date
ISSUE_000190,bank_transactions_raw.csv,BT_0009044,SME_004,delayed_posting,Posting delayed 12 days after transaction_date
ISSUE_000191,bank_transactions_raw.csv,BT_0009138,SME_004,delayed_posting,Posting delayed 12 days after transaction_date
ISSUE_000192,bank_transactions_raw.csv,BT_0009146,SME_004,delayed_posting,Posting delayed 12 days after transaction_date
ISSUE_000193,bank_transactions_raw.csv,BT_0009265,SME_004,delayed_posting,Posting delayed 12 days after transaction_date
ISSUE_000194,bank_transactions_raw.csv,BT_0009290,SME_004,delayed_posting,Posting delayed 12 days after transaction_date
ISSUE_000195,bank_transactions_raw.csv,BT_0009331,SME_004,delayed_posting,Posting delayed 12 days after transaction_date
ISSUE_000196,bank_transactions_raw.csv,BT_0009450,SME_004,delayed_posting,Posting delayed 12 days after transaction_date
ISSUE_000197,bank_transactions_raw.csv,BT_0009488,SME_004,delayed_posting,Posting delayed 12 days after transaction_date
ISSUE_000198,bank_transactions_raw.csv,BT_0009531,SME_004,delayed_posting,Posting delayed 12 days after transaction_date
ISSUE_000199,bank_transactions_raw.csv,BT_0009579,SME_004,delayed_posting,Posting delayed 12 days after transaction_date
ISSUE_000200,bank_transactions_raw.csv,BT_0009604,SME_004,delayed_posting,Posting delayed 12 days after transaction_date
ISSUE_000201,bank_transactions_raw.csv,BT_0009696,SME_004,delayed_posting,Posting delayed 12 days after transaction_date
ISSUE_000202,bank_transactions_raw.csv,BT_0009704,SME_004,delayed_posting,Posting delayed 12 days after transaction_date
ISSUE_000203,bank_transactions_raw.csv,BT_0009717,SME_004,delayed_posting,Posting delayed 12 days after transaction_date
ISSUE_000204,bank_transactions_raw.csv,BT_0009769,SME_004,delayed_posting,Posting delayed 12 days after transaction_date
ISSUE_000205,bank_transactions_raw.csv,BT_0009780,SME_004,delayed_posting,Posting delayed 12 days after transaction_date
ISSUE_000206,bank_transactions_raw.csv,BT_0009867,SME_004,delayed_posting,Posting delayed 12 days after transaction_date
ISSUE_000207,bank_transactions_raw.csv,BT_0009898,SME_004,delayed_posting,Posting delayed 12 days after transaction_date
ISSUE_000208,bank_transactions_raw.csv,BT_0010063,SME_004,delayed_posting,Posting delayed 12 days after transaction_date
ISSUE_000209,bank_transactions_raw.csv,BT_0010075,SME_004,delayed_posting,Posting delayed 12 days after transaction_date
ISSUE_000210,bank_transactions_raw.csv,BT_0010180,SME_004,delayed_posting,Posting delayed 12 days after transaction_date
ISSUE_000211,bank_transactions_raw.csv,BT_0010306,SME_004,delayed_posting,Posting delayed 12 days after transaction_date
ISSUE_000212,bank_transactions_raw.csv,BT_0010319,SME_004,delayed_posting,Posting delayed 12 days after transaction_date
ISSUE_000213,bank_transactions_raw.csv,BT_0010320,SME_004,delayed_posting,Posting delayed 12 days after transaction_date
ISSUE_000214,bank_transactions_raw.csv,BT_0010379,SME_004,delayed_posting,Posting delayed 12 days after transaction_date
ISSUE_000215,bank_transactions_raw.csv,BT_0010394,SME_004,delayed_posting,Posting delayed 12 days after transaction_date
ISSUE_000216,bank_transactions_raw.csv,BT_0010399,SME_004,delayed_posting,Posting delayed 12 days after transaction_date
ISSUE_000217,bank_transactions_raw.csv,BT_0010429,SME_004,delayed_posting,Posting delayed 12 days after transaction_date
ISSUE_000218,bank_transactions_raw.csv,BT_0010545,SME_004,delayed_posting,Posting delayed 12 days after transaction_date
ISSUE_000219,bank_transactions_raw.csv,BT_0010566,SME_004,delayed_posting,Posting delayed 12 days after transaction_date
ISSUE_000220,bank_transactions_raw.csv,BT_0010580,SME_004,delayed_posting,Posting delayed 12 days after transaction_date
ISSUE_000221,bank_transactions_raw.csv,BT_0010596,SME_004,delayed_posting,Posting delayed 12 days after transaction_date
ISSUE_000222,bank_transactions_raw.csv,BT_0010624,SME_004,delayed_posting,Posting delayed 12 days after transaction_date
ISSUE_000223,bank_transactions_raw.csv,BT_0010795,SME_004,delayed_posting,Posting delayed 12 days after transaction_date
ISSUE_000224,bank_transactions_raw.csv,BT_0010916,SME_004,delayed_posting,Posting delayed 12 days after transaction_date
ISSUE_000225,bank_transactions_raw.csv,BT_0010941,SME_004,delayed_posting,Posting delayed 12 days after transaction_date
ISSUE_000226,bank_transactions_raw.csv,BT_0010994,SME_004,delayed_posting,Posting delayed 12 days after transaction_date
ISSUE_000227,bank_transactions_raw.csv,BT_0011033,SME_004,delayed_posting,Posting delayed 12 days after transaction_date
ISSUE_000228,bank_transactions_raw.csv,BT_0011139,SME_004,delayed_posting,Posting delayed 12 days after transaction_date
ISSUE_000229,bank_transactions_raw.csv,BT_0011152,SME_004,delayed_posting,Posting delayed 12 days after transaction_date
ISSUE_000230,bank_transactions_raw.csv,BT_0011165,SME_004,delayed_posting,Posting delayed 12 days after transaction_date
ISSUE_000231,bank_transactions_raw.csv,BT_0011316,SME_004,delayed_posting,Posting delayed 12 days after transaction_date
ISSUE_000232,bank_transactions_raw.csv,BT_0011390,SME_004,delayed_posting,Posting delayed 12 days after transaction_date
ISSUE_000233,bank_transactions_raw.csv,BT_0011410,SME_004,delayed_posting,Posting delayed 12 days after transaction_date
ISSUE_000234,bank_transactions_raw.csv,BT_0011487,SME_004,delayed_posting,Posting delayed 12 days after transaction_date
ISSUE_000235,bank_transactions_raw.csv,BT_0011566,SME_004,delayed_posting,Posting delayed 12 days after transaction_date
ISSUE_000236,bank_transactions_raw.csv,BT_0011585,SME_004,delayed_posting,Posting delayed 12 days after transaction_date
ISSUE_000237,bank_transactions_raw.csv,BT_0011590,SME_004,delayed_posting,Posting delayed 12 days after transaction_date
ISSUE_000238,bank_transactions_raw.csv,BT_0011612,SME_004,delayed_posting,Posting delayed 12 days after transaction_date
ISSUE_000239,bank_transactions_raw.csv,BT_0011689,SME_004,delayed_posting,Posting delayed 12 days after transaction_date
ISSUE_000240,bank_transactions_raw.csv,BT_0011708,SME_004,delayed_posting,Posting delayed 12 days after transaction_date
ISSUE_000241,bank_transactions_raw.csv,BT_0011861,SME_004,delayed_posting,Posting delayed 12 days after transaction_date
ISSUE_000242,bank_transactions_raw.csv,BT_0011875,SME_004,delayed_posting,Posting delayed 12 days after transaction_date
ISSUE_000243,bank_transactions_raw.csv,BT_0011941,SME_004,delayed_posting,Posting delayed 12 days after transaction_date
ISSUE_000244,bank_transactions_raw.csv,BT_0012001,SME_004,delayed_posting,Posting delayed 12 days after transaction_date
ISSUE_000245,bank_transactions_raw.csv,BT_0012047,SME_004,delayed_posting,Posting delayed 12 days after transaction_date
ISSUE_000246,bank_transactions_raw.csv,BT_0012089,SME_004,delayed_posting,Posting delayed 12 days after transaction_date
ISSUE_000247,bank_transactions_raw.csv,BT_0012159,SME_004,delayed_posting,Posting delayed 12 days after transaction_date
ISSUE_000248,bank_transactions_raw.csv,BT_0012187,SME_004,delayed_posting,Posting delayed 12 days after transaction_date
ISSUE_000249,bank_transactions_raw.csv,BT_0012336,SME_004,delayed_posting,Posting delayed 12 days after transaction_date
ISSUE_000250,bank_transactions_raw.csv,BT_0012424,SME_004,delayed_posting,Posting delayed 12 days after transaction_date
ISSUE_000251,bank_transactions_raw.csv,BT_0012490,SME_004,delayed_posting,Posting delayed 12 days after transaction_date
ISSUE_000252,bank_transactions_raw.csv,BT_0012500,SME_004,delayed_posting,Posting delayed 12 days after transaction_date
ISSUE_000253,bank_transactions_raw.csv,BT_0012541,SME_004,delayed_posting,Posting delayed 12 days after transaction_date
ISSUE_000254,bank_transactions_raw.csv,BT_0012778,SME_004,delayed_posting,Posting delayed 12 days after transaction_date
ISSUE_000255,bank_transactions_raw.csv,BT_0012805,SME_004,delayed_posting,Posting delayed 12 days after transaction_date
ISSUE_000256,bank_transactions_raw.csv,BT_0012810,SME_004,delayed_posting,Posting delayed 12 days after transaction_date
ISSUE_000257,bank_transactions_raw.csv,BT_0012893,SME_004,delayed_posting,Posting delayed 12 days after transaction_date
ISSUE_000258,bank_transactions_raw.csv,BT_0012900,SME_004,delayed_posting,Posting delayed 12 days after transaction_date
ISSUE_000259,bank_transactions_raw.csv,BT_0013057,SME_004,delayed_posting,Posting delayed 12 days after transaction_date
ISSUE_000260,bank_transactions_raw.csv,BT_0013182,SME_004,delayed_posting,Posting delayed 12 days after transaction_date
ISSUE_000261,bank_transactions_raw.csv,BT_0013222,SME_004,delayed_posting,Posting delayed 12 days after transaction_date
ISSUE_000262,bank_transactions_raw.csv,BT_0013410,SME_004,delayed_posting,Posting delayed 12 days after transaction_date
ISSUE_000263,bank_transactions_raw.csv,BT_0013437,SME_004,delayed_posting,Posting delayed 12 days after transaction_date
ISSUE_000264,bank_transactions_raw.csv,BT_0013479,SME_004,delayed_posting,Posting delayed 12 days after transaction_date
ISSUE_000265,bank_transactions_raw.csv,BT_0013545,SME_004,delayed_posting,Posting delayed 12 days after transaction_date
ISSUE_000266,bank_transactions_raw.csv,BT_0013561,SME_004,delayed_posting,Posting delayed 12 days after transaction_date
ISSUE_000267,bank_transactions_raw.csv,BT_0013586,SME_004,delayed_posting,Posting delayed 12 days after transaction_date
ISSUE_000268,bank_transactions_raw.csv,BT_0013612,SME_004,delayed_posting,Posting delayed 12 days after transaction_date
ISSUE_000269,bank_transactions_raw.csv,BT_0013636,SME_004,delayed_posting,Posting delayed 12 days after transaction_date
ISSUE_000270,bank_transactions_raw.csv,BT_0013640,SME_004,delayed_posting,Posting delayed 12 days after transaction_date
ISSUE_000271,bank_transactions_raw.csv,BT_0013745,SME_004,delayed_posting,Posting delayed 12 days after transaction_date
ISSUE_000272,bank_transactions_raw.csv,BT_0013777,SME_004,delayed_posting,Posting delayed 12 days after transaction_date
ISSUE_000273,bank_transactions_raw.csv,BT_0013842,SME_004,delayed_posting,Posting delayed 12 days after transaction_date
ISSUE_000274,bank_transactions_raw.csv,BT_0013891,SME_004,delayed_posting,Posting delayed 12 days after transaction_date
ISSUE_000275,bank_transactions_raw.csv,BT_0013894,SME_004,delayed_posting,Posting delayed 12 days after transaction_date
ISSUE_000276,bank_transactions_raw.csv,BT_0013906,SME_004,delayed_posting,Posting delayed 12 days after transaction_date
ISSUE_000277,bank_transactions_raw.csv,BT_0013934,SME_004,delayed_posting,Posting delayed 12 days after transaction_date
ISSUE_000278,bank_transactions_raw.csv,BT_0013950,SME_004,delayed_posting,Posting delayed 12 days after transaction_date
ISSUE_000279,bank_transactions_raw.csv,BT_0014018,SME_004,delayed_posting,Posting delayed 12 days after transaction_date
ISSUE_000280,bank_transactions_raw.csv,BT_0014063,SME_004,delayed_posting,Posting delayed 12 days after transaction_date
ISSUE_000281,bank_transactions_raw.csv,BT_0014065,SME_004,delayed_posting,Posting delayed 12 days after transaction_date
ISSUE_000282,bank_transactions_raw.csv,BT_0014132,SME_004,delayed_posting,Posting delayed 12 days after transaction_date
ISSUE_000283,bank_transactions_raw.csv,BT_0014305,SME_004,delayed_posting,Posting delayed 12 days after transaction_date
ISSUE_000284,bank_transactions_raw.csv,BT_0014330,SME_004,delayed_posting,Posting delayed 12 days after transaction_date
ISSUE_000285,bank_transactions_raw.csv,BT_0014345,SME_004,delayed_posting,Posting delayed 12 days after transaction_date
ISSUE_000286,bank_transactions_raw.csv,BT_0014346,SME_004,delayed_posting,Posting delayed 12 days after transaction_date
ISSUE_000287,bank_transactions_raw.csv,BT_0014385,SME_004,delayed_posting,Posting delayed 12 days after transaction_date
ISSUE_000288,bank_transactions_raw.csv,BT_0014386,SME_004,delayed_posting,Posting delayed 12 days after transaction_date
ISSUE_000289,bank_transactions_raw.csv,BT_0014464,SME_004,delayed_posting,Posting delayed 12 days after transaction_date
ISSUE_000290,bank_transactions_raw.csv,BT_0014482,SME_004,delayed_posting,Posting delayed 12 days after transaction_date
ISSUE_000291,bank_transactions_raw.csv,BT_0014508,SME_004,delayed_posting,Posting delayed 12 days after transaction_date
ISSUE_000292,bank_transactions_raw.csv,BT_0014551,SME_004,delayed_posting,Posting delayed 12 days after transaction_date
ISSUE_000293,bank_transactions_raw.csv,BT_0014606,SME_004,delayed_posting,Posting delayed 12 days after transaction_date
ISSUE_000294,bank_transactions_raw.csv,BT_0014617,SME_004,delayed_posting,Posting delayed 12 days after transaction_date
ISSUE_000295,bank_transactions_raw.csv,BT_0014624,SME_004,delayed_posting,Posting delayed 12 days after transaction_date
ISSUE_000296,bank_transactions_raw.csv,BT_0014898,SME_004,delayed_posting,Posting delayed 12 days after transaction_date
ISSUE_000297,bank_transactions_raw.csv,BT_0014976,SME_004,delayed_posting,Posting delayed 12 days after transaction_date
ISSUE_000298,bank_transactions_raw.csv,BT_0015070,SME_004,delayed_posting,Posting delayed 12 days after transaction_date
ISSUE_000299,bank_transactions_raw.csv,BT_0015132,SME_004,delayed_posting,Posting delayed 12 days after transaction_date
ISSUE_000300,bank_transactions_raw.csv,BT_0015199,SME_004,delayed_posting,Posting delayed 12 days after transaction_date
ISSUE_000301,bank_transactions_raw.csv,BT_0015203,SME_004,delayed_posting,Posting delayed 12 days after transaction_date
ISSUE_000302,bank_transactions_raw.csv,BT_0015268,SME_004,delayed_posting,Posting delayed 12 days after transaction_date
ISSUE_000303,bank_transactions_raw.csv,BT_0015306,SME_004,delayed_posting,Posting delayed 12 days after transaction_date
ISSUE_000304,bank_transactions_raw.csv,BT_0015322,SME_004,delayed_posting,Posting delayed 12 days after transaction_date
ISSUE_000305,bank_transactions_raw.csv,BT_0015456,SME_004,delayed_posting,Posting delayed 12 days after transaction_date
ISSUE_000306,bank_transactions_raw.csv,BT_0015459,SME_004,delayed_posting,Posting delayed 12 days after transaction_date
ISSUE_000307,bank_transactions_raw.csv,BT_0015470,SME_004,delayed_posting,Posting delayed 12 days after transaction_date
ISSUE_000308,bank_transactions_raw.csv,BT_0015495,SME_004,delayed_posting,Posting delayed 12 days after transaction_date
ISSUE_000309,bank_transactions_raw.csv,BT_0015524,SME_004,delayed_posting,Posting delayed 12 days after transaction_date
ISSUE_000310,bank_transactions_raw.csv,BT_0015548,SME_004,delayed_posting,Posting delayed 12 days after transaction_date
ISSUE_000311,bank_transactions_raw.csv,BT_0015692,SME_004,delayed_posting,Posting delayed 12 days after transaction_date
ISSUE_000312,bank_transactions_raw.csv,BT_0015815,SME_004,delayed_posting,Posting delayed 12 days after transaction_date
ISSUE_000313,bank_transactions_raw.csv,BT_0015993,SME_004,delayed_posting,Posting delayed 12 days after transaction_date
ISSUE_000314,bank_transactions_raw.csv,BT_0016134,SME_004,delayed_posting,Posting delayed 12 days after transaction_date
ISSUE_000315,bank_transactions_raw.csv,BT_0016161,SME_004,delayed_posting,Posting delayed 12 days after transaction_date
ISSUE_000316,bank_transactions_raw.csv,BT_0016420,SME_004,delayed_posting,Posting delayed 12 days after transaction_date
ISSUE_000317,bank_transactions_raw.csv,BT_0016454,SME_004,delayed_posting,Posting delayed 12 days after transaction_date
ISSUE_000318,bank_transactions_raw.csv,BT_0016561,SME_004,delayed_posting,Posting delayed 12 days after transaction_date
ISSUE_000319,bank_transactions_raw.csv,BT_0016593,SME_004,delayed_posting,Posting delayed 12 days after transaction_date
ISSUE_000320,bank_transactions_raw.csv,BT_0016597,SME_004,delayed_posting,Posting delayed 12 days after transaction_date
ISSUE_000321,bank_transactions_raw.csv,BT_0016641,SME_004,delayed_posting,Posting delayed 12 days after transaction_date
ISSUE_000322,bank_transactions_raw.csv,BT_0016680,SME_004,delayed_posting,Posting delayed 12 days after transaction_date
ISSUE_000323,bank_transactions_raw.csv,BT_0016699,SME_004,delayed_posting,Posting delayed 12 days after transaction_date
ISSUE_000324,bank_transactions_raw.csv,BT_0016702,SME_004,delayed_posting,Posting delayed 12 days after transaction_date
ISSUE_000325,bank_transactions_raw.csv,BT_0016742,SME_004,delayed_posting,Posting delayed 12 days after transaction_date
ISSUE_000326,bank_transactions_raw.csv,BT_0016761,SME_004,delayed_posting,Posting delayed 12 days after transaction_date
ISSUE_000327,bank_transactions_raw.csv,BT_0016798,SME_004,delayed_posting,Posting delayed 12 days after transaction_date
ISSUE_000328,bank_transactions_raw.csv,BT_0016909,SME_004,delayed_posting,Posting delayed 12 days after transaction_date
ISSUE_000329,bank_transactions_raw.csv,BT_0017005,SME_004,delayed_posting,Posting delayed 12 days after transaction_date
ISSUE_000330,bank_transactions_raw.csv,BT_0017054,SME_004,delayed_posting,Posting delayed 12 days after transaction_date
ISSUE_000331,bank_transactions_raw.csv,BT_0017214,SME_004,delayed_posting,Posting delayed 12 days after transaction_date
ISSUE_000332,bank_transactions_raw.csv,BT_0017234,SME_004,delayed_posting,Posting delayed 12 days after transaction_date
ISSUE_000333,bank_transactions_raw.csv,BT_0017240,SME_004,delayed_posting,Posting delayed 12 days after transaction_date
ISSUE_000334,bank_transactions_raw.csv,BT_0017338,SME_004,delayed_posting,Posting delayed 12 days after transaction_date
ISSUE_000335,bank_transactions_raw.csv,BT_0017340,SME_004,delayed_posting,Posting delayed 12 days after transaction_date
ISSUE_000336,bank_transactions_raw.csv,BT_0017388,SME_004,delayed_posting,Posting delayed 12 days after transaction_date
ISSUE_000337,bank_transactions_raw.csv,BT_0017422,SME_004,delayed_posting,Posting delayed 12 days after transaction_date
ISSUE_000338,bank_transactions_raw.csv,BT_0017450,SME_004,delayed_posting,Posting delayed 12 days after transaction_date
ISSUE_000339,bank_transactions_raw.csv,BT_0017460,SME_004,delayed_posting,Posting delayed 12 days after transaction_date
ISSUE_000340,bank_transactions_raw.csv,BT_0017468,SME_004,delayed_posting,Posting delayed 12 days after transaction_date
ISSUE_000341,bank_transactions_raw.csv,BT_0017492,SME_004,delayed_posting,Posting delayed 12 days after transaction_date
ISSUE_000342,bank_transactions_raw.csv,BT_0017523,SME_004,delayed_posting,Posting delayed 12 days after transaction_date
ISSUE_000343,bank_transactions_raw.csv,BT_0017548,SME_004,delayed_posting,Posting delayed 12 days after transaction_date
ISSUE_000344,bank_transactions_raw.csv,BT_0017699,SME_004,delayed_posting,Posting delayed 12 days after transaction_date
ISSUE_000345,bank_transactions_raw.csv,BT_0017723,SME_004,delayed_posting,Posting delayed 12 days after transaction_date
ISSUE_000346,bank_transactions_raw.csv,BT_0017802,SME_004,delayed_posting,Posting delayed 12 days after transaction_date
ISSUE_000347,bank_transactions_raw.csv,BT_0017822,SME_004,delayed_posting,Posting delayed 12 days after transaction_date
ISSUE_000348,bank_transactions_raw.csv,BT_0017829,SME_004,delayed_posting,Posting delayed 12 days after transaction_date
ISSUE_000349,bank_transactions_raw.csv,BT_0017831,SME_004,delayed_posting,Posting delayed 12 days after transaction_date
ISSUE_000350,bank_transactions_raw.csv,BT_0017858,SME_004,delayed_posting,Posting delayed 12 days after transaction_date
ISSUE_000351,bank_transactions_raw.csv,BT_0017948,SME_004,delayed_posting,Posting delayed 12 days after transaction_date
ISSUE_000352,bank_transactions_raw.csv,BT_0018123,SME_004,delayed_posting,Posting delayed 12 days after transaction_date
ISSUE_000353,bank_transactions_raw.csv,BT_0018133,SME_004,delayed_posting,Posting delayed 12 days after transaction_date
ISSUE_000354,bank_transactions_raw.csv,BT_0018212,SME_004,delayed_posting,Posting delayed 12 days after transaction_date
ISSUE_000355,bank_transactions_raw.csv,BT_0018218,SME_004,delayed_posting,Posting delayed 12 days after transaction_date
ISSUE_000356,bank_transactions_raw.csv,BT_0018298,SME_004,delayed_posting,Posting delayed 12 days after transaction_date
ISSUE_000357,bank_transactions_raw.csv,BT_0018432,SME_004,delayed_posting,Posting delayed 12 days after transaction_date
ISSUE_000358,bank_transactions_raw.csv,BT_0018448,SME_004,delayed_posting,Posting delayed 12 days after transaction_date
ISSUE_000359,bank_transactions_raw.csv,BT_0018452,SME_004,delayed_posting,Posting delayed 12 days after transaction_date
ISSUE_000360,bank_transactions_raw.csv,BT_0018453,SME_004,delayed_posting,Posting delayed 12 days after transaction_date
ISSUE_000361,bank_transactions_raw.csv,BT_0018493,SME_004,delayed_posting,Posting delayed 12 days after transaction_date
ISSUE_000362,bank_transactions_raw.csv,BT_0018539,SME_004,delayed_posting,Posting delayed 12 days after transaction_date
ISSUE_000363,bank_transactions_raw.csv,BT_0018586,SME_004,delayed_posting,Posting delayed 12 days after transaction_date
ISSUE_000364,bank_transactions_raw.csv,BT_0018662,SME_004,delayed_posting,Posting delayed 12 days after transaction_date
ISSUE_000365,bank_transactions_raw.csv,BT_0018695,SME_004,delayed_posting,Posting delayed 12 days after transaction_date
ISSUE_000366,bank_transactions_raw.csv,BT_0018706,SME_004,delayed_posting,Posting delayed 12 days after transaction_date
ISSUE_000367,bank_transactions_raw.csv,BT_0018716,SME_004,delayed_posting,Posting delayed 12 days after transaction_date
ISSUE_000368,bank_transactions_raw.csv,BT_0018760,SME_004,delayed_posting,Posting delayed 12 days after transaction_date
ISSUE_000369,bank_transactions_raw.csv,BT_0018791,SME_004,delayed_posting,Posting delayed 12 days after transaction_date
ISSUE_000370,bank_transactions_raw.csv,BT_0018831,SME_004,delayed_posting,Posting delayed 12 days after transaction_date
ISSUE_000371,bank_transactions_raw.csv,BT_0018931,SME_004,delayed_posting,Posting delayed 12 days after transaction_date
ISSUE_000372,bank_transactions_raw.csv,BT_0018936,SME_004,delayed_posting,Posting delayed 12 days after transaction_date
ISSUE_000373,bank_transactions_raw.csv,BT_0018952,SME_004,delayed_posting,Posting delayed 12 days after transaction_date
ISSUE_000374,bank_transactions_raw.csv,BT_0018988,SME_004,delayed_posting,Posting delayed 12 days after transaction_date
ISSUE_000375,bank_transactions_raw.csv,BT_0019048,SME_004,delayed_posting,Posting delayed 12 days after transaction_date
ISSUE_000376,bank_transactions_raw.csv,BT_0019131,SME_004,delayed_posting,Posting delayed 12 days after transaction_date
ISSUE_000377,bank_transactions_raw.csv,BT_0019237,SME_004,delayed_posting,Posting delayed 12 days after transaction_date
ISSUE_000378,bank_transactions_raw.csv,BT_0019263,SME_004,delayed_posting,Posting delayed 12 days after transaction_date
ISSUE_000379,bank_transactions_raw.csv,BT_0019328,SME_004,delayed_posting,Posting delayed 12 days after transaction_date
ISSUE_000380,bank_transactions_raw.csv,BT_0019417,SME_005,delayed_posting,Posting delayed 12 days after transaction_date
ISSUE_000381,bank_transactions_raw.csv,BT_0003546,SME_001,missing_reference,transaction_reference missing
ISSUE_000382,bank_transactions_raw.csv,BT_0015551,SME_004,missing_reference,transaction_reference missing
ISSUE_000383,bank_transactions_raw.csv,BT_0002744,SME_001,missing_reference,transaction_reference missing
ISSUE_000384,bank_transactions_raw.csv,BT_0005720,SME_004,missing_reference,transaction_reference missing
ISSUE_000385,bank_transactions_raw.csv,BT_0005217,SME_004,missing_reference,transaction_reference missing
ISSUE_000386,bank_transactions_raw.csv,BT_0008736,SME_004,missing_reference,transaction_reference missing
ISSUE_000387,bank_transactions_raw.csv,BT_0013050,SME_004,missing_reference,transaction_reference missing
ISSUE_000388,bank_transactions_raw.csv,BT_0003473,SME_001,missing_reference,transaction_reference missing
ISSUE_000389,bank_transactions_raw.csv,BT_0016208,SME_004,missing_reference,transaction_reference missing
ISSUE_000390,bank_transactions_raw.csv,BT_0015092,SME_004,missing_reference,transaction_reference missing
ISSUE_000391,bank_transactions_raw.csv,BT_0010944,SME_004,missing_reference,transaction_reference missing
ISSUE_000392,bank_transactions_raw.csv,BT_0011119,SME_004,missing_reference,transaction_reference missing
ISSUE_000393,bank_transactions_raw.csv,BT_0007622,SME_004,missing_reference,transaction_reference missing
ISSUE_000394,bank_transactions_raw.csv,BT_0006587,SME_004,missing_reference,transaction_reference missing
ISSUE_000395,bank_transactions_raw.csv,BT_0002679,SME_001,missing_reference,transaction_reference missing
ISSUE_000396,bank_transactions_raw.csv,BT_0008967,SME_004,missing_reference,transaction_reference missing
ISSUE_000397,bank_transactions_raw.csv,BT_0012863,SME_004,missing_reference,transaction_reference missing
ISSUE_000398,bank_transactions_raw.csv,BT_0013525,SME_004,missing_reference,transaction_reference missing
ISSUE_000399,bank_transactions_raw.csv,BT_0013414,SME_004,missing_reference,transaction_reference missing
ISSUE_000400,bank_transactions_raw.csv,BT_0019179,SME_004,missing_reference,transaction_reference missing
ISSUE_000401,bank_transactions_raw.csv,BT_0002999,SME_001,missing_reference,transaction_reference missing
ISSUE_000402,bank_transactions_raw.csv,BT_0008745,SME_004,missing_reference,transaction_reference missing
ISSUE_000403,bank_transactions_raw.csv,BT_0003234,SME_001,missing_reference,transaction_reference missing
ISSUE_000404,bank_transactions_raw.csv,BT_0018801,SME_004,missing_reference,transaction_reference missing
ISSUE_000405,bank_transactions_raw.csv,BT_0003144,SME_001,missing_reference,transaction_reference missing
ISSUE_000406,bank_transactions_raw.csv,BT_0014318,SME_004,missing_reference,transaction_reference missing
ISSUE_000407,bank_transactions_raw.csv,BT_0004520,SME_002,missing_reference,transaction_reference missing
ISSUE_000408,bank_transactions_raw.csv,BT_0012405,SME_004,missing_reference,transaction_reference missing
ISSUE_000409,bank_transactions_raw.csv,BT_0011431,SME_004,missing_reference,transaction_reference missing
ISSUE_000410,bank_transactions_raw.csv,BT_0004231,SME_001,missing_reference,transaction_reference missing
ISSUE_000411,bank_transactions_raw.csv,BT_0011264,SME_004,missing_reference,transaction_reference missing
ISSUE_000412,bank_transactions_raw.csv,BT_0006073,SME_004,missing_reference,transaction_reference missing
ISSUE_000413,bank_transactions_raw.csv,BT_0001115,SME_001,missing_reference,transaction_reference missing
ISSUE_000414,bank_transactions_raw.csv,BT_0006718,SME_004,missing_reference,transaction_reference missing
ISSUE_000415,bank_transactions_raw.csv,BT_0018230,SME_004,missing_reference,transaction_reference missing
ISSUE_000416,bank_transactions_raw.csv,BT_0017886,SME_004,missing_reference,transaction_reference missing
ISSUE_000417,bank_transactions_raw.csv,BT_0010535,SME_004,missing_reference,transaction_reference missing
ISSUE_000418,bank_transactions_raw.csv,BT_0003573,SME_001,missing_reference,transaction_reference missing
ISSUE_000419,bank_transactions_raw.csv,BT_0009287,SME_004,missing_reference,transaction_reference missing
ISSUE_000420,bank_transactions_raw.csv,BT_0009399,SME_004,missing_reference,transaction_reference missing
ISSUE_000421,bank_transactions_raw.csv,BT_0017539,SME_004,missing_reference,transaction_reference missing
ISSUE_000422,bank_transactions_raw.csv,BT_0014800,SME_004,missing_reference,transaction_reference missing
ISSUE_000423,bank_transactions_raw.csv,BT_0000386,SME_001,missing_reference,transaction_reference missing
ISSUE_000424,bank_transactions_raw.csv,BT_0002236,SME_001,missing_reference,transaction_reference missing
ISSUE_000425,bank_transactions_raw.csv,BT_0013312,SME_004,missing_reference,transaction_reference missing
ISSUE_000426,bank_transactions_raw.csv,BT_0009654,SME_004,missing_reference,transaction_reference missing
ISSUE_000427,bank_transactions_raw.csv,BT_0000425,SME_001,missing_reference,transaction_reference missing
ISSUE_000428,bank_transactions_raw.csv,BT_0016885,SME_004,missing_reference,transaction_reference missing
ISSUE_000429,bank_transactions_raw.csv,BT_0002009,SME_001,missing_reference,transaction_reference missing
ISSUE_000430,bank_transactions_raw.csv,BT_0014557,SME_004,missing_reference,transaction_reference missing
ISSUE_000431,bank_transactions_raw.csv,BT_0009071,SME_004,missing_reference,transaction_reference missing
ISSUE_000432,bank_transactions_raw.csv,BT_0018094,SME_004,missing_reference,transaction_reference missing
ISSUE_000433,bank_transactions_raw.csv,BT_0008587,SME_004,missing_reference,transaction_reference missing
ISSUE_000434,bank_transactions_raw.csv,BT_0010194,SME_004,missing_reference,transaction_reference missing
ISSUE_000435,bank_transactions_raw.csv,BT_0000504,SME_001,missing_reference,transaction_reference missing
ISSUE_000436,bank_transactions_raw.csv,BT_0008137,SME_004,missing_reference,transaction_reference missing
ISSUE_000437,bank_transactions_raw.csv,BT_0005278,SME_004,missing_reference,transaction_reference missing
ISSUE_000438,bank_transactions_raw.csv,BT_0011057,SME_004,missing_reference,transaction_reference missing
ISSUE_000439,bank_transactions_raw.csv,BT_0012827,SME_004,missing_reference,transaction_reference missing
ISSUE_000440,bank_transactions_raw.csv,BT_0009860,SME_004,missing_reference,transaction_reference missing
ISSUE_000441,bank_transactions_raw.csv,BT_0014025,SME_004,missing_reference,transaction_reference missing
ISSUE_000442,bank_transactions_raw.csv,BT_0004817,SME_004,missing_reference,transaction_reference missing
ISSUE_000443,bank_transactions_raw.csv,BT_0007807,SME_004,missing_reference,transaction_reference missing
ISSUE_000444,bank_transactions_raw.csv,BT_0003106,SME_001,missing_reference,transaction_reference missing
ISSUE_000445,bank_transactions_raw.csv,BT_0010457,SME_004,missing_reference,transaction_reference missing
ISSUE_000446,bank_transactions_raw.csv,BT_0007511,SME_004,missing_reference,transaction_reference missing
ISSUE_000447,bank_transactions_raw.csv,BT_0003657,SME_001,missing_reference,transaction_reference missing
ISSUE_000448,bank_transactions_raw.csv,BT_0005679,SME_004,missing_reference,transaction_reference missing
ISSUE_000449,bank_transactions_raw.csv,BT_0003078,SME_001,missing_reference,transaction_reference missing
ISSUE_000450,bank_transactions_raw.csv,BT_0019001,SME_004,missing_reference,transaction_reference missing
ISSUE_000451,bank_transactions_raw.csv,BT_0008609,SME_004,missing_reference,transaction_reference missing
ISSUE_000452,bank_transactions_raw.csv,BT_0017084,SME_004,missing_reference,transaction_reference missing
ISSUE_000453,bank_transactions_raw.csv,BT_0015117,SME_004,missing_reference,transaction_reference missing
ISSUE_000454,bank_transactions_raw.csv,BT_0011572,SME_004,missing_reference,transaction_reference missing
ISSUE_000455,bank_transactions_raw.csv,BT_0002910,SME_001,missing_reference,transaction_reference missing
ISSUE_000456,bank_transactions_raw.csv,BT_0005226,SME_004,missing_reference,transaction_reference missing
ISSUE_000457,bank_transactions_raw.csv,BT_0013374,SME_004,missing_reference,transaction_reference missing
ISSUE_000458,bank_transactions_raw.csv,BT_0001351,SME_001,missing_reference,transaction_reference missing
ISSUE_000459,bank_transactions_raw.csv,BT_0007242,SME_004,missing_reference,transaction_reference missing
ISSUE_000460,bank_transactions_raw.csv,BT_0003489,SME_001,missing_reference,transaction_reference missing
ISSUE_000461,bank_transactions_raw.csv,BT_0008356,SME_004,missing_reference,transaction_reference missing
ISSUE_000462,bank_transactions_raw.csv,BT_0006689,SME_004,missing_reference,transaction_reference missing
ISSUE_000463,bank_transactions_raw.csv,BT_0005251,SME_004,missing_reference,transaction_reference missing
ISSUE_000464,bank_transactions_raw.csv,BT_0012335,SME_004,missing_reference,transaction_reference missing
ISSUE_000465,bank_transactions_raw.csv,BT_0003209,SME_001,missing_reference,transaction_reference missing
ISSUE_000466,bank_transactions_raw.csv,BT_0014581,SME_004,missing_reference,transaction_reference missing
ISSUE_000467,bank_transactions_raw.csv,BT_0002496,SME_001,missing_reference,transaction_reference missing
ISSUE_000468,bank_transactions_raw.csv,BT_0000219,SME_001,missing_reference,transaction_reference missing
ISSUE_000469,bank_transactions_raw.csv,BT_0014799,SME_004,missing_reference,transaction_reference missing
ISSUE_000470,bank_transactions_raw.csv,BT_0004752,SME_004,missing_reference,transaction_reference missing
ISSUE_000471,bank_transactions_raw.csv,BT_0006146,SME_004,missing_reference,transaction_reference missing
ISSUE_000472,bank_transactions_raw.csv,BT_0009416,SME_004,missing_reference,transaction_reference missing
ISSUE_000473,bank_transactions_raw.csv,BT_0008563,SME_004,missing_reference,transaction_reference missing
ISSUE_000474,bank_transactions_raw.csv,BT_0013363,SME_004,missing_reference,transaction_reference missing
ISSUE_000475,bank_transactions_raw.csv,BT_0003069,SME_001,missing_reference,transaction_reference missing
ISSUE_000476,bank_transactions_raw.csv,BT_0012846,SME_004,missing_reference,transaction_reference missing
ISSUE_000477,bank_transactions_raw.csv,BT_0016081,SME_004,missing_reference,transaction_reference missing
ISSUE_000478,bank_transactions_raw.csv,BT_0003214,SME_001,missing_reference,transaction_reference missing
ISSUE_000479,bank_transactions_raw.csv,BT_0011523,SME_004,missing_reference,transaction_reference missing
ISSUE_000480,bank_transactions_raw.csv,BT_0009821,SME_004,missing_reference,transaction_reference missing
ISSUE_000481,bank_transactions_raw.csv,BT_0014704,SME_004,missing_reference,transaction_reference missing
ISSUE_000482,bank_transactions_raw.csv,BT_0005386,SME_004,missing_reference,transaction_reference missing
ISSUE_000483,bank_transactions_raw.csv,BT_0016926,SME_004,missing_reference,transaction_reference missing
ISSUE_000484,bank_transactions_raw.csv,BT_0000937,SME_001,missing_reference,transaction_reference missing
ISSUE_000485,bank_transactions_raw.csv,BT_0001183,SME_001,missing_reference,transaction_reference missing
ISSUE_000486,bank_transactions_raw.csv,BT_0017542,SME_004,missing_reference,transaction_reference missing
ISSUE_000487,bank_transactions_raw.csv,BT_0011981,SME_004,missing_reference,transaction_reference missing
ISSUE_000488,bank_transactions_raw.csv,BT_0012917,SME_004,missing_reference,transaction_reference missing
ISSUE_000489,bank_transactions_raw.csv,BT_0016890,SME_004,missing_reference,transaction_reference missing
ISSUE_000490,bank_transactions_raw.csv,BT_0017125,SME_004,missing_reference,transaction_reference missing
ISSUE_000491,bank_transactions_raw.csv,BT_0006425,SME_004,missing_reference,transaction_reference missing
ISSUE_000492,bank_transactions_raw.csv,BT_0010884,SME_004,missing_reference,transaction_reference missing
ISSUE_000493,bank_transactions_raw.csv,BT_0019061,SME_004,missing_reference,transaction_reference missing
ISSUE_000494,bank_transactions_raw.csv,BT_0015485,SME_004,missing_reference,transaction_reference missing
ISSUE_000495,bank_transactions_raw.csv,BT_0005606,SME_004,missing_reference,transaction_reference missing
ISSUE_000496,bank_transactions_raw.csv,BT_0004098,SME_001,missing_reference,transaction_reference missing
ISSUE_000497,bank_transactions_raw.csv,BT_0018342,SME_004,missing_reference,transaction_reference missing
ISSUE_000498,bank_transactions_raw.csv,BT_0009892,SME_004,missing_reference,transaction_reference missing
ISSUE_000499,bank_transactions_raw.csv,BT_0003394,SME_001,missing_reference,transaction_reference missing
ISSUE_000500,bank_transactions_raw.csv,BT_0017081,SME_004,missing_reference,transaction_reference missing
ISSUE_000501,bank_transactions_raw.csv,BT_0015990,SME_004,missing_reference,transaction_reference missing
ISSUE_000502,bank_transactions_raw.csv,BT_0009339,SME_004,missing_reference,transaction_reference missing
ISSUE_000503,bank_transactions_raw.csv,BT_0013532,SME_004,missing_reference,transaction_reference missing
ISSUE_000504,bank_transactions_raw.csv,BT_0012681,SME_004,missing_reference,transaction_reference missing
ISSUE_000505,bank_transactions_raw.csv,BT_0000201,SME_001,missing_reference,transaction_reference missing
ISSUE_000506,bank_transactions_raw.csv,BT_0001291,SME_001,missing_reference,transaction_reference missing
ISSUE_000507,bank_transactions_raw.csv,BT_0008622,SME_004,missing_reference,transaction_reference missing
ISSUE_000508,bank_transactions_raw.csv,BT_0000929,SME_001,missing_reference,transaction_reference missing
ISSUE_000509,bank_transactions_raw.csv,BT_0012142,SME_004,missing_reference,transaction_reference missing
ISSUE_000510,bank_transactions_raw.csv,BT_0009751,SME_004,missing_reference,transaction_reference missing
ISSUE_000511,bank_transactions_raw.csv,BT_0000467,SME_001,missing_reference,transaction_reference missing
ISSUE_000512,bank_transactions_raw.csv,BT_0006302,SME_004,missing_reference,transaction_reference missing
ISSUE_000513,bank_transactions_raw.csv,BT_0010523,SME_004,missing_reference,transaction_reference missing
ISSUE_000514,bank_transactions_raw.csv,BT_0004565,SME_002,missing_reference,transaction_reference missing
ISSUE_000515,bank_transactions_raw.csv,BT_0004292,SME_001,missing_reference,transaction_reference missing
ISSUE_000516,bank_transactions_raw.csv,BT_0015473,SME_004,missing_reference,transaction_reference missing
ISSUE_000517,bank_transactions_raw.csv,BT_0005273,SME_004,missing_reference,transaction_reference missing
ISSUE_000518,bank_transactions_raw.csv,BT_0003462,SME_001,missing_reference,transaction_reference missing
ISSUE_000519,bank_transactions_raw.csv,BT_0018381,SME_004,missing_reference,transaction_reference missing
ISSUE_000520,bank_transactions_raw.csv,BT_0006841,SME_004,missing_reference,transaction_reference missing
ISSUE_000521,bank_transactions_raw.csv,BT_0015716,SME_004,missing_reference,transaction_reference missing
ISSUE_000522,bank_transactions_raw.csv,BT_0005100,SME_004,missing_reference,transaction_reference missing
ISSUE_000523,bank_transactions_raw.csv,BT_0012790,SME_004,missing_reference,transaction_reference missing
ISSUE_000524,bank_transactions_raw.csv,BT_0016535,SME_004,missing_reference,transaction_reference missing
ISSUE_000525,bank_transactions_raw.csv,BT_0007162,SME_004,missing_reference,transaction_reference missing
ISSUE_000526,bank_transactions_raw.csv,BT_0005554,SME_004,missing_reference,transaction_reference missing
ISSUE_000527,bank_transactions_raw.csv,BT_0015790,SME_004,missing_reference,transaction_reference missing
ISSUE_000528,bank_transactions_raw.csv,BT_0019020,SME_004,missing_reference,transaction_reference missing
ISSUE_000529,bank_transactions_raw.csv,BT_0007153,SME_004,missing_reference,transaction_reference missing
ISSUE_000530,bank_transactions_raw.csv,BT_0017885,SME_004,missing_reference,transaction_reference missing
ISSUE_000531,bank_transactions_raw.csv,BT_0004610,SME_003,missing_reference,transaction_reference missing
ISSUE_000532,bank_transactions_raw.csv,BT_0017055,SME_004,missing_reference,transaction_reference missing
ISSUE_000533,bank_transactions_raw.csv,BT_0014817,SME_004,missing_reference,transaction_reference missing
ISSUE_000534,bank_transactions_raw.csv,BT_0017410,SME_004,missing_reference,transaction_reference missing
ISSUE_000535,bank_transactions_raw.csv,BT_0014174,SME_004,missing_reference,transaction_reference missing
ISSUE_000536,bank_transactions_raw.csv,BT_0016903,SME_004,missing_reference,transaction_reference missing
ISSUE_000537,bank_transactions_raw.csv,BT_0016701,SME_004,missing_reference,transaction_reference missing
ISSUE_000538,bank_transactions_raw.csv,BT_0010614,SME_004,missing_reference,transaction_reference missing
ISSUE_000539,bank_transactions_raw.csv,BT_0004411,SME_001,missing_reference,transaction_reference missing
ISSUE_000540,bank_transactions_raw.csv,BT_0003336,SME_001,missing_reference,transaction_reference missing
ISSUE_000541,bank_transactions_raw.csv,BT_0002678,SME_001,missing_reference,transaction_reference missing
ISSUE_000542,bank_transactions_raw.csv,BT_0014320,SME_004,missing_reference,transaction_reference missing
ISSUE_000543,bank_transactions_raw.csv,BT_0000972,SME_001,missing_reference,transaction_reference missing
ISSUE_000544,bank_transactions_raw.csv,BT_0015536,SME_004,missing_reference,transaction_reference missing
ISSUE_000545,bank_transactions_raw.csv,BT_0008150,SME_004,missing_reference,transaction_reference missing
ISSUE_000546,bank_transactions_raw.csv,BT_0007299,SME_004,missing_reference,transaction_reference missing
ISSUE_000547,bank_transactions_raw.csv,BT_0005763,SME_004,missing_reference,transaction_reference missing
ISSUE_000548,bank_transactions_raw.csv,BT_0009593,SME_004,missing_reference,transaction_reference missing
ISSUE_000549,bank_transactions_raw.csv,BT_0009681,SME_004,missing_reference,transaction_reference missing
ISSUE_000550,bank_transactions_raw.csv,BT_0004586,SME_003,missing_reference,transaction_reference missing
ISSUE_000551,bank_transactions_raw.csv,BT_0002393,SME_001,missing_reference,transaction_reference missing
ISSUE_000552,bank_transactions_raw.csv,BT_0013657,SME_004,missing_reference,transaction_reference missing
ISSUE_000553,bank_transactions_raw.csv,BT_0009596,SME_004,missing_reference,transaction_reference missing
ISSUE_000554,bank_transactions_raw.csv,BT_0002560,SME_001,missing_reference,transaction_reference missing
ISSUE_000555,bank_transactions_raw.csv,BT_0018990,SME_004,missing_reference,transaction_reference missing
ISSUE_000556,bank_transactions_raw.csv,BT_0004468,SME_001,missing_reference,transaction_reference missing
ISSUE_000557,bank_transactions_raw.csv,BT_0007811,SME_004,missing_reference,transaction_reference missing
ISSUE_000558,bank_transactions_raw.csv,BT_0013060,SME_004,missing_reference,transaction_reference missing
ISSUE_000559,bank_transactions_raw.csv,BT_0006811,SME_004,missing_reference,transaction_reference missing
ISSUE_000560,bank_transactions_raw.csv,BT_0005726,SME_004,missing_reference,transaction_reference missing
ISSUE_000561,bank_transactions_raw.csv,BT_0008089,SME_004,missing_reference,transaction_reference missing
ISSUE_000562,bank_transactions_raw.csv,BT_0012232,SME_004,missing_reference,transaction_reference missing
ISSUE_000563,bank_transactions_raw.csv,BT_0007636,SME_004,missing_reference,transaction_reference missing
ISSUE_000564,bank_transactions_raw.csv,BT_0014262,SME_004,missing_reference,transaction_reference missing
ISSUE_000565,bank_transactions_raw.csv,BT_0002387,SME_001,missing_reference,transaction_reference missing
ISSUE_000566,bank_transactions_raw.csv,BT_0014906,SME_004,missing_reference,transaction_reference missing
ISSUE_000567,bank_transactions_raw.csv,BT_0004462,SME_001,missing_reference,transaction_reference missing
ISSUE_000568,bank_transactions_raw.csv,BT_0006224,SME_004,missing_reference,transaction_reference missing
ISSUE_000569,bank_transactions_raw.csv,BT_0009364,SME_004,missing_reference,transaction_reference missing
ISSUE_000570,bank_transactions_raw.csv,BT_0008545,SME_004,missing_reference,transaction_reference missing
ISSUE_000571,bank_transactions_raw.csv,BT_0014724,SME_004,missing_reference,transaction_reference missing
ISSUE_000572,bank_transactions_raw.csv,BT_0007810,SME_004,missing_reference,transaction_reference missing
ISSUE_000573,bank_transactions_raw.csv,BT_0011073,SME_004,missing_reference,transaction_reference missing
ISSUE_000574,bank_transactions_raw.csv,BT_0003510,SME_001,missing_reference,transaction_reference missing
ISSUE_000575,bank_transactions_raw.csv,BT_0010142,SME_004,missing_reference,transaction_reference missing
ISSUE_000576,bank_transactions_raw.csv,BT_0010506,SME_004,missing_reference,transaction_reference missing
ISSUE_000577,bank_transactions_raw.csv,BT_0008766,SME_004,missing_reference,transaction_reference missing
ISSUE_000578,bank_transactions_raw.csv,BT_0002226,SME_001,missing_reference,transaction_reference missing
ISSUE_000579,bank_transactions_raw.csv,BT_0016257,SME_004,missing_reference,transaction_reference missing
ISSUE_000580,bank_transactions_raw.csv,BT_0001555,SME_001,missing_reference,transaction_reference missing
ISSUE_000581,bank_transactions_raw.csv,BT_0005551,SME_004,missing_reference,transaction_reference missing
ISSUE_000582,bank_transactions_raw.csv,BT_0003822,SME_001,missing_reference,transaction_reference missing
ISSUE_000583,bank_transactions_raw.csv,BT_0009841,SME_004,missing_reference,transaction_reference missing
ISSUE_000584,bank_transactions_raw.csv,BT_0019199,SME_004,missing_reference,transaction_reference missing
ISSUE_000585,bank_transactions_raw.csv,BT_0019289,SME_004,missing_reference,transaction_reference missing
ISSUE_000586,bank_transactions_raw.csv,BT_0011767,SME_004,missing_reference,transaction_reference missing
ISSUE_000587,bank_transactions_raw.csv,BT_0004591,SME_003,missing_reference,transaction_reference missing
ISSUE_000588,bank_transactions_raw.csv,BT_0019284,SME_004,missing_reference,transaction_reference missing
ISSUE_000589,bank_transactions_raw.csv,BT_0015927,SME_004,missing_reference,transaction_reference missing
ISSUE_000590,bank_transactions_raw.csv,BT_0016077,SME_004,missing_reference,transaction_reference missing
ISSUE_000591,bank_transactions_raw.csv,BT_0019145,SME_004,missing_reference,transaction_reference missing
ISSUE_000592,bank_transactions_raw.csv,BT_0019361,SME_004,missing_reference,transaction_reference missing
ISSUE_000593,bank_transactions_raw.csv,BT_0013070,SME_004,missing_reference,transaction_reference missing
ISSUE_000594,bank_transactions_raw.csv,BT_0007862,SME_004,missing_reference,transaction_reference missing
ISSUE_000595,bank_transactions_raw.csv,BT_0008065,SME_004,missing_reference,transaction_reference missing
ISSUE_000596,bank_transactions_raw.csv,BT_0012406,SME_004,missing_reference,transaction_reference missing
ISSUE_000597,bank_transactions_raw.csv,BT_0016729,SME_004,missing_reference,transaction_reference missing
ISSUE_000598,bank_transactions_raw.csv,BT_0006181,SME_004,missing_reference,transaction_reference missing
ISSUE_000599,bank_transactions_raw.csv,BT_0005504,SME_004,missing_reference,transaction_reference missing
ISSUE_000600,bank_transactions_raw.csv,BT_0010111,SME_004,missing_reference,transaction_reference missing
ISSUE_000601,bank_transactions_raw.csv,BT_0000485,SME_001,missing_reference,transaction_reference missing
ISSUE_000602,bank_transactions_raw.csv,BT_0014512,SME_004,missing_reference,transaction_reference missing
ISSUE_000603,bank_transactions_raw.csv,BT_0013139,SME_004,missing_reference,transaction_reference missing
ISSUE_000604,bank_transactions_raw.csv,BT_0002120,SME_001,missing_reference,transaction_reference missing
ISSUE_000605,bank_transactions_raw.csv,BT_0007464,SME_004,missing_reference,transaction_reference missing
ISSUE_000606,bank_transactions_raw.csv,BT_0008949,SME_004,missing_reference,transaction_reference missing
ISSUE_000607,bank_transactions_raw.csv,BT_0004886,SME_004,missing_reference,transaction_reference missing
ISSUE_000608,bank_transactions_raw.csv,BT_0013716,SME_004,missing_reference,transaction_reference missing
ISSUE_000609,bank_transactions_raw.csv,BT_0006226,SME_004,missing_reference,transaction_reference missing
ISSUE_000610,bank_transactions_raw.csv,BT_0013237,SME_004,missing_reference,transaction_reference missing
ISSUE_000611,bank_transactions_raw.csv,BT_0013876,SME_004,missing_reference,transaction_reference missing
ISSUE_000612,bank_transactions_raw.csv,BT_0005750,SME_004,missing_reference,transaction_reference missing
ISSUE_000613,bank_transactions_raw.csv,BT_0015761,SME_004,missing_reference,transaction_reference missing
ISSUE_000614,bank_transactions_raw.csv,BT_0012981,SME_004,missing_reference,transaction_reference missing
ISSUE_000615,bank_transactions_raw.csv,BT_0017478,SME_004,missing_reference,transaction_reference missing
ISSUE_000616,bank_transactions_raw.csv,BT_0012535,SME_004,missing_reference,transaction_reference missing
ISSUE_000617,bank_transactions_raw.csv,BT_0019060,SME_004,missing_reference,transaction_reference missing
ISSUE_000618,bank_transactions_raw.csv,BT_0012015,SME_004,missing_reference,transaction_reference missing
ISSUE_000619,bank_transactions_raw.csv,BT_0010539,SME_004,missing_reference,transaction_reference missing
ISSUE_000620,bank_transactions_raw.csv,BT_0002782,SME_001,missing_reference,transaction_reference missing
ISSUE_000621,bank_transactions_raw.csv,BT_0014922,SME_004,missing_reference,transaction_reference missing
ISSUE_000622,bank_transactions_raw.csv,BT_0014759,SME_004,missing_reference,transaction_reference missing
ISSUE_000623,bank_transactions_raw.csv,BT_0017035,SME_004,missing_reference,transaction_reference missing
ISSUE_000624,bank_transactions_raw.csv,BT_0002960,SME_001,missing_reference,transaction_reference missing
ISSUE_000625,bank_transactions_raw.csv,BT_0018284,SME_004,missing_reference,transaction_reference missing
ISSUE_000626,bank_transactions_raw.csv,BT_0000739,SME_001,missing_reference,transaction_reference missing
ISSUE_000627,bank_transactions_raw.csv,BT_0004220,SME_001,missing_reference,transaction_reference missing
ISSUE_000628,bank_transactions_raw.csv,BT_0009708,SME_004,missing_reference,transaction_reference missing
ISSUE_000629,bank_transactions_raw.csv,BT_0004348,SME_001,missing_reference,transaction_reference missing
ISSUE_000630,bank_transactions_raw.csv,BT_0011737,SME_004,missing_reference,transaction_reference missing
ISSUE_000631,bank_transactions_raw.csv,BT_0014725,SME_004,missing_reference,transaction_reference missing
ISSUE_000632,bank_transactions_raw.csv,BT_0018319,SME_004,missing_reference,transaction_reference missing
ISSUE_000633,bank_transactions_raw.csv,BT_0015393,SME_004,missing_reference,transaction_reference missing
ISSUE_000634,bank_transactions_raw.csv,BT_0003653,SME_001,missing_reference,transaction_reference missing
ISSUE_000635,bank_transactions_raw.csv,BT_0006825,SME_004,missing_reference,transaction_reference missing
ISSUE_000636,bank_transactions_raw.csv,BT_0009660,SME_004,missing_reference,transaction_reference missing
ISSUE_000637,bank_transactions_raw.csv,BT_0017298,SME_004,missing_reference,transaction_reference missing
ISSUE_000638,bank_transactions_raw.csv,BT_0005275,SME_004,missing_reference,transaction_reference missing
ISSUE_000639,bank_transactions_raw.csv,BT_0001633,SME_001,missing_reference,transaction_reference missing
ISSUE_000640,bank_transactions_raw.csv,BT_0014317,SME_004,missing_reference,transaction_reference missing
ISSUE_000641,bank_transactions_raw.csv,BT_0018993,SME_004,missing_reference,transaction_reference missing
ISSUE_000642,bank_transactions_raw.csv,BT_0001145,SME_001,missing_reference,transaction_reference missing
ISSUE_000643,bank_transactions_raw.csv,BT_0001053,SME_001,missing_reference,transaction_reference missing
ISSUE_000644,bank_transactions_raw.csv,BT_0015009,SME_004,missing_reference,transaction_reference missing
ISSUE_000645,bank_transactions_raw.csv,BT_0000829,SME_001,missing_reference,transaction_reference missing
ISSUE_000646,bank_transactions_raw.csv,BT_0011156,SME_004,missing_reference,transaction_reference missing
ISSUE_000647,bank_transactions_raw.csv,BT_0011771,SME_004,missing_reference,transaction_reference missing
ISSUE_000648,bank_transactions_raw.csv,BT_0010442,SME_004,missing_reference,transaction_reference missing
ISSUE_000649,bank_transactions_raw.csv,BT_0000342,SME_001,missing_reference,transaction_reference missing
ISSUE_000650,bank_transactions_raw.csv,BT_0004640,SME_003,missing_reference,transaction_reference missing
ISSUE_000651,bank_transactions_raw.csv,BT_0004446,SME_001,missing_reference,transaction_reference missing
ISSUE_000652,bank_transactions_raw.csv,BT_0007640,SME_004,missing_reference,transaction_reference missing
ISSUE_000653,bank_transactions_raw.csv,BT_0005710,SME_004,missing_reference,transaction_reference missing
ISSUE_000654,bank_transactions_raw.csv,BT_0011656,SME_004,missing_reference,transaction_reference missing
ISSUE_000655,bank_transactions_raw.csv,BT_0017628,SME_004,missing_reference,transaction_reference missing
ISSUE_000656,bank_transactions_raw.csv,BT_0010916,SME_004,missing_reference,transaction_reference missing
ISSUE_000657,bank_transactions_raw.csv,BT_0008575,SME_004,missing_reference,transaction_reference missing
ISSUE_000658,bank_transactions_raw.csv,BT_0018907,SME_004,missing_reference,transaction_reference missing
ISSUE_000659,bank_transactions_raw.csv,BT_0016958,SME_004,missing_reference,transaction_reference missing
ISSUE_000660,bank_transactions_raw.csv,BT_0013510,SME_004,missing_reference,transaction_reference missing
ISSUE_000661,bank_transactions_raw.csv,BT_0008248,SME_004,missing_reference,transaction_reference missing
ISSUE_000662,bank_transactions_raw.csv,BT_0007538,SME_004,missing_reference,transaction_reference missing
ISSUE_000663,bank_transactions_raw.csv,BT_0014916,SME_004,missing_reference,transaction_reference missing
ISSUE_000664,bank_transactions_raw.csv,BT_0006075,SME_004,missing_reference,transaction_reference missing
ISSUE_000665,bank_transactions_raw.csv,BT_0008474,SME_004,missing_reference,transaction_reference missing
ISSUE_000666,bank_transactions_raw.csv,BT_0003942,SME_001,missing_reference,transaction_reference missing
ISSUE_000667,bank_transactions_raw.csv,BT_0011439,SME_004,missing_reference,transaction_reference missing
ISSUE_000668,bank_transactions_raw.csv,BT_0008226,SME_004,missing_reference,transaction_reference missing
ISSUE_000669,bank_transactions_raw.csv,BT_0006770,SME_004,missing_reference,transaction_reference missing
ISSUE_000670,bank_transactions_raw.csv,BT_0002702,SME_001,missing_reference,transaction_reference missing
ISSUE_000671,bank_transactions_raw.csv,BT_0012692,SME_004,missing_reference,transaction_reference missing
ISSUE_000672,bank_transactions_raw.csv,BT_0016754,SME_004,missing_reference,transaction_reference missing
ISSUE_000673,bank_transactions_raw.csv,BT_0005599,SME_004,missing_reference,transaction_reference missing
ISSUE_000674,bank_transactions_raw.csv,BT_0002713,SME_001,missing_reference,transaction_reference missing
ISSUE_000675,bank_transactions_raw.csv,BT_0014285,SME_004,missing_reference,transaction_reference missing
ISSUE_000676,bank_transactions_raw.csv,BT_0006815,SME_004,missing_reference,transaction_reference missing
ISSUE_000677,bank_transactions_raw.csv,BT_0016590,SME_004,missing_reference,transaction_reference missing
ISSUE_000678,bank_transactions_raw.csv,BT_0002827,SME_001,missing_reference,transaction_reference missing
ISSUE_000679,bank_transactions_raw.csv,BT_0018881,SME_004,missing_reference,transaction_reference missing
ISSUE_000680,bank_transactions_raw.csv,BT_0017912,SME_004,missing_reference,transaction_reference missing
ISSUE_000681,bank_transactions_raw.csv,BT_0007039,SME_004,missing_reference,transaction_reference missing
ISSUE_000682,bank_transactions_raw.csv,BT_0013470,SME_004,missing_reference,transaction_reference missing
ISSUE_000683,bank_transactions_raw.csv,BT_0013654,SME_004,missing_reference,transaction_reference missing
ISSUE_000684,bank_transactions_raw.csv,BT_0007840,SME_004,missing_reference,transaction_reference missing
ISSUE_000685,bank_transactions_raw.csv,BT_0013314,SME_004,missing_reference,transaction_reference missing
ISSUE_000686,bank_transactions_raw.csv,BT_0000500,SME_001,missing_reference,transaction_reference missing
ISSUE_000687,bank_transactions_raw.csv,BT_0018458,SME_004,missing_reference,transaction_reference missing
ISSUE_000688,bank_transactions_raw.csv,BT_0013951,SME_004,missing_reference,transaction_reference missing
ISSUE_000689,bank_transactions_raw.csv,BT_0013420,SME_004,missing_reference,transaction_reference missing
ISSUE_000690,bank_transactions_raw.csv,BT_0011779,SME_004,missing_reference,transaction_reference missing
ISSUE_000691,bank_transactions_raw.csv,BT_0014990,SME_004,missing_reference,transaction_reference missing
ISSUE_000692,bank_transactions_raw.csv,BT_0019169,SME_004,missing_reference,transaction_reference missing
ISSUE_000693,bank_transactions_raw.csv,BT_0012316,SME_004,missing_reference,transaction_reference missing
ISSUE_000694,bank_transactions_raw.csv,BT_0016343,SME_004,missing_reference,transaction_reference missing
ISSUE_000695,bank_transactions_raw.csv,BT_0004073,SME_001,missing_reference,transaction_reference missing
ISSUE_000696,bank_transactions_raw.csv,BT_0008175,SME_004,missing_reference,transaction_reference missing
ISSUE_000697,bank_transactions_raw.csv,BT_0009053,SME_004,missing_reference,transaction_reference missing
ISSUE_000698,bank_transactions_raw.csv,BT_0016188,SME_004,missing_reference,transaction_reference missing
ISSUE_000699,bank_transactions_raw.csv,BT_0017262,SME_004,missing_reference,transaction_reference missing
ISSUE_000700,bank_transactions_raw.csv,BT_0005351,SME_004,missing_reference,transaction_reference missing
ISSUE_000701,bank_transactions_raw.csv,BT_0004741,SME_004,missing_reference,transaction_reference missing
ISSUE_000702,bank_transactions_raw.csv,BT_0015910,SME_004,missing_reference,transaction_reference missing
ISSUE_000703,bank_transactions_raw.csv,BT_0017889,SME_004,missing_reference,transaction_reference missing
ISSUE_000704,bank_transactions_raw.csv,BT_0007803,SME_004,missing_reference,transaction_reference missing
ISSUE_000705,bank_transactions_raw.csv,BT_0007714,SME_004,missing_reference,transaction_reference missing
ISSUE_000706,bank_transactions_raw.csv,BT_0012782,SME_004,missing_reference,transaction_reference missing
ISSUE_000707,bank_transactions_raw.csv,BT_0009253,SME_004,missing_reference,transaction_reference missing
ISSUE_000708,bank_transactions_raw.csv,BT_0003129,SME_001,missing_reference,transaction_reference missing
ISSUE_000709,bank_transactions_raw.csv,BT_0013990,SME_004,missing_reference,transaction_reference missing
ISSUE_000710,bank_transactions_raw.csv,BT_0007837,SME_004,missing_reference,transaction_reference missing
ISSUE_000711,bank_transactions_raw.csv,BT_0006518,SME_004,missing_reference,transaction_reference missing
ISSUE_000712,bank_transactions_raw.csv,BT_0005862,SME_004,missing_reference,transaction_reference missing
ISSUE_000713,bank_transactions_raw.csv,BT_0000116,SME_001,missing_reference,transaction_reference missing
ISSUE_000714,bank_transactions_raw.csv,BT_0018028,SME_004,missing_reference,transaction_reference missing
ISSUE_000715,bank_transactions_raw.csv,BT_0000719,SME_001,missing_reference,transaction_reference missing
ISSUE_000716,bank_transactions_raw.csv,BT_0006699,SME_004,missing_reference,transaction_reference missing
ISSUE_000717,bank_transactions_raw.csv,BT_0002086,SME_001,missing_reference,transaction_reference missing
ISSUE_000718,bank_transactions_raw.csv,BT_0019467,SME_005,missing_reference,transaction_reference missing
ISSUE_000719,bank_transactions_raw.csv,BT_0001428,SME_001,missing_reference,transaction_reference missing
ISSUE_000720,bank_transactions_raw.csv,BT_0007730,SME_004,missing_reference,transaction_reference missing
ISSUE_000721,bank_transactions_raw.csv,BT_0017108,SME_004,missing_reference,transaction_reference missing
ISSUE_000722,bank_transactions_raw.csv,BT_0001148,SME_001,missing_reference,transaction_reference missing
ISSUE_000723,bank_transactions_raw.csv,BT_0000258,SME_001,missing_reference,transaction_reference missing
ISSUE_000724,bank_transactions_raw.csv,BT_0000323,SME_001,missing_reference,transaction_reference missing
ISSUE_000725,bank_transactions_raw.csv,BT_0012965,SME_004,missing_reference,transaction_reference missing
ISSUE_000726,bank_transactions_raw.csv,BT_0010558,SME_004,missing_reference,transaction_reference missing
ISSUE_000727,bank_transactions_raw.csv,BT_0014330,SME_004,missing_reference,transaction_reference missing
ISSUE_000728,bank_transactions_raw.csv,BT_0011960,SME_004,missing_reference,transaction_reference missing
ISSUE_000729,bank_transactions_raw.csv,BT_0017933,SME_004,missing_reference,transaction_reference missing
ISSUE_000730,bank_transactions_raw.csv,BT_0010392,SME_004,missing_reference,transaction_reference missing
ISSUE_000731,bank_transactions_raw.csv,BT_0009358,SME_004,missing_reference,transaction_reference missing
ISSUE_000732,bank_transactions_raw.csv,BT_0010429,SME_004,missing_reference,transaction_reference missing
ISSUE_000733,bank_transactions_raw.csv,BT_0001035,SME_001,missing_reference,transaction_reference missing
ISSUE_000734,bank_transactions_raw.csv,BT_0009934,SME_004,missing_reference,transaction_reference missing
ISSUE_000735,bank_transactions_raw.csv,BT_0010961,SME_004,missing_reference,transaction_reference missing
ISSUE_000736,bank_transactions_raw.csv,BT_0019458,SME_005,missing_reference,transaction_reference missing
ISSUE_000737,bank_transactions_raw.csv,BT_0001398,SME_001,missing_reference,transaction_reference missing
ISSUE_000738,bank_transactions_raw.csv,BT_0008687,SME_004,missing_reference,transaction_reference missing
ISSUE_000739,bank_transactions_raw.csv,BT_0001124,SME_001,missing_reference,transaction_reference missing
ISSUE_000740,bank_transactions_raw.csv,BT_0016723,SME_004,missing_reference,transaction_reference missing
ISSUE_000741,bank_transactions_raw.csv,BT_0000347,SME_001,missing_reference,transaction_reference missing
ISSUE_000742,bank_transactions_raw.csv,BT_0013043,SME_004,missing_reference,transaction_reference missing
ISSUE_000743,bank_transactions_raw.csv,BT_0016465,SME_004,missing_reference,transaction_reference missing
ISSUE_000744,bank_transactions_raw.csv,BT_0013647,SME_004,missing_reference,transaction_reference missing
ISSUE_000745,bank_transactions_raw.csv,BT_0012831,SME_004,missing_reference,transaction_reference missing
ISSUE_000746,bank_transactions_raw.csv,BT_0007754,SME_004,missing_reference,transaction_reference missing
ISSUE_000747,bank_transactions_raw.csv,BT_0005860,SME_004,missing_reference,transaction_reference missing
ISSUE_000748,bank_transactions_raw.csv,BT_0008408,SME_004,missing_reference,transaction_reference missing
ISSUE_000749,bank_transactions_raw.csv,BT_0017099,SME_004,missing_reference,transaction_reference missing
ISSUE_000750,bank_transactions_raw.csv,BT_0011533,SME_004,missing_reference,transaction_reference missing
ISSUE_000751,bank_transactions_raw.csv,BT_0005923,SME_004,missing_reference,transaction_reference missing
ISSUE_000752,bank_transactions_raw.csv,BT_0004376,SME_001,missing_reference,transaction_reference missing
ISSUE_000753,bank_transactions_raw.csv,BT_0009562,SME_004,missing_reference,transaction_reference missing
ISSUE_000754,bank_transactions_raw.csv,BT_0009016,SME_004,missing_reference,transaction_reference missing
ISSUE_000755,bank_transactions_raw.csv,BT_0002520,SME_001,missing_reference,transaction_reference missing
ISSUE_000756,bank_transactions_raw.csv,BT_0011336,SME_004,missing_reference,transaction_reference missing
ISSUE_000757,bank_transactions_raw.csv,BT_0008823,SME_004,missing_reference,transaction_reference missing
ISSUE_000758,bank_transactions_raw.csv,BT_0001298,SME_001,missing_reference,transaction_reference missing
ISSUE_000759,bank_transactions_raw.csv,BT_0011563,SME_004,missing_reference,transaction_reference missing
ISSUE_000760,bank_transactions_raw.csv,BT_0012923,SME_004,missing_reference,transaction_reference missing
ISSUE_000761,bank_transactions_raw.csv,BT_0000314,SME_001,missing_reference,transaction_reference missing
ISSUE_000762,bank_transactions_raw.csv,BT_0018069,SME_004,missing_reference,transaction_reference missing
ISSUE_000763,bank_transactions_raw.csv,BT_0008689,SME_004,missing_reference,transaction_reference missing
ISSUE_000764,bank_transactions_raw.csv,BT_0010437,SME_004,missing_reference,transaction_reference missing
ISSUE_000765,bank_transactions_raw.csv,BT_0004895,SME_004,missing_reference,transaction_reference missing
ISSUE_000766,bank_transactions_raw.csv,BT_0001028,SME_001,missing_reference,transaction_reference missing
ISSUE_000767,bank_transactions_raw.csv,BT_0007361,SME_004,missing_reference,transaction_reference missing
ISSUE_000768,bank_transactions_raw.csv,BT_0019308,SME_004,missing_reference,transaction_reference missing
ISSUE_000769,bank_transactions_raw.csv,BT_0015444,SME_004,missing_reference,transaction_reference missing
ISSUE_000770,bank_transactions_raw.csv,BT_0015149,SME_004,missing_reference,transaction_reference missing
ISSUE_000771,bank_transactions_raw.csv,BT_0002280,SME_001,missing_reference,transaction_reference missing
ISSUE_000772,bank_transactions_raw.csv,BT_0012874,SME_004,missing_reference,transaction_reference missing
ISSUE_000773,bank_transactions_raw.csv,BT_0000104,SME_001,missing_reference,transaction_reference missing
ISSUE_000774,bank_transactions_raw.csv,BT_0011794,SME_004,missing_reference,transaction_reference missing
ISSUE_000775,bank_transactions_raw.csv,BT_0008196,SME_004,missing_reference,transaction_reference missing
ISSUE_000776,bank_transactions_raw.csv,BT_0014683,SME_004,missing_reference,transaction_reference missing
ISSUE_000777,bank_transactions_raw.csv,BT_0010460,SME_004,missing_reference,transaction_reference missing
ISSUE_000778,bank_transactions_raw.csv,BT_0002642,SME_001,missing_reference,transaction_reference missing
ISSUE_000779,bank_transactions_raw.csv,BT_0010222,SME_004,missing_reference,transaction_reference missing
ISSUE_000780,bank_transactions_raw.csv,BT_0016262,SME_004,missing_reference,transaction_reference missing
ISSUE_000781,bank_transactions_raw.csv,BT_0004449,SME_001,missing_reference,transaction_reference missing
ISSUE_000782,bank_transactions_raw.csv,BT_0004878,SME_004,missing_reference,transaction_reference missing
ISSUE_000783,bank_transactions_raw.csv,BT_0003212,SME_001,missing_reference,transaction_reference missing
ISSUE_000784,bank_transactions_raw.csv,BT_0014815,SME_004,missing_reference,transaction_reference missing
ISSUE_000785,bank_transactions_raw.csv,BT_0008500,SME_004,missing_reference,transaction_reference missing
ISSUE_000786,bank_transactions_raw.csv,BT_0013350,SME_004,missing_reference,transaction_reference missing
ISSUE_000787,bank_transactions_raw.csv,BT_0007459,SME_004,missing_reference,transaction_reference missing
ISSUE_000788,bank_transactions_raw.csv,BT_0012326,SME_004,missing_reference,transaction_reference missing
ISSUE_000789,bank_transactions_raw.csv,BT_0008831,SME_004,missing_reference,transaction_reference missing
ISSUE_000790,bank_transactions_raw.csv,BT_0009538,SME_004,missing_reference,transaction_reference missing
ISSUE_000791,bank_transactions_raw.csv,BT_0018987,SME_004,missing_reference,transaction_reference missing
ISSUE_000792,bank_transactions_raw.csv,BT_0005497,SME_004,missing_reference,transaction_reference missing
ISSUE_000793,bank_transactions_raw.csv,BT_0001808,SME_001,missing_reference,transaction_reference missing
ISSUE_000794,bank_transactions_raw.csv,BT_0015596,SME_004,missing_reference,transaction_reference missing
ISSUE_000795,bank_transactions_raw.csv,BT_0015243,SME_004,missing_reference,transaction_reference missing
ISSUE_000796,bank_transactions_raw.csv,BT_0004157,SME_001,missing_reference,transaction_reference missing
ISSUE_000797,bank_transactions_raw.csv,BT_0012732,SME_004,missing_reference,transaction_reference missing
ISSUE_000798,bank_transactions_raw.csv,BT_0003579,SME_001,missing_reference,transaction_reference missing
ISSUE_000799,bank_transactions_raw.csv,BT_0012787,SME_004,missing_reference,transaction_reference missing
ISSUE_000800,bank_transactions_raw.csv,BT_0001163,SME_001,missing_reference,transaction_reference missing
ISSUE_000801,bank_transactions_raw.csv,BT_0004746,SME_004,missing_reference,transaction_reference missing
ISSUE_000802,bank_transactions_raw.csv,BT_0017698,SME_004,missing_reference,transaction_reference missing
ISSUE_000803,bank_transactions_raw.csv,BT_0002233,SME_001,missing_reference,transaction_reference missing
ISSUE_000804,bank_transactions_raw.csv,BT_0015446,SME_004,missing_reference,transaction_reference missing
ISSUE_000805,bank_transactions_raw.csv,BT_0015806,SME_004,missing_reference,transaction_reference missing
ISSUE_000806,bank_transactions_raw.csv,BT_0000327,SME_001,missing_reference,transaction_reference missing
ISSUE_000807,bank_transactions_raw.csv,BT_0015847,SME_004,missing_reference,transaction_reference missing
ISSUE_000808,bank_transactions_raw.csv,BT_0012599,SME_004,missing_reference,transaction_reference missing
ISSUE_000809,bank_transactions_raw.csv,BT_0010538,SME_004,missing_reference,transaction_reference missing
ISSUE_000810,bank_transactions_raw.csv,BT_0003482,SME_001,missing_reference,transaction_reference missing
ISSUE_000811,bank_transactions_raw.csv,BT_0012757,SME_004,missing_reference,transaction_reference missing
ISSUE_000812,bank_transactions_raw.csv,BT_0000058,SME_001,missing_reference,transaction_reference missing
ISSUE_000813,bank_transactions_raw.csv,BT_0008367,SME_004,missing_reference,transaction_reference missing
ISSUE_000814,bank_transactions_raw.csv,BT_0018277,SME_004,missing_reference,transaction_reference missing
ISSUE_000815,bank_transactions_raw.csv,BT_0014229,SME_004,missing_reference,transaction_reference missing
ISSUE_000816,bank_transactions_raw.csv,BT_0000211,SME_001,missing_reference,transaction_reference missing
ISSUE_000817,bank_transactions_raw.csv,BT_0009459,SME_004,missing_reference,transaction_reference missing
ISSUE_000818,bank_transactions_raw.csv,BT_0014356,SME_004,missing_reference,transaction_reference missing
ISSUE_000819,bank_transactions_raw.csv,BT_0016700,SME_004,missing_reference,transaction_reference missing
ISSUE_000820,bank_transactions_raw.csv,BT_0011774,SME_004,missing_reference,transaction_reference missing
ISSUE_000821,bank_transactions_raw.csv,BT_0008510,SME_004,missing_reference,transaction_reference missing
ISSUE_000822,bank_transactions_raw.csv,BT_0018707,SME_004,missing_reference,transaction_reference missing
ISSUE_000823,bank_transactions_raw.csv,BT_0010663,SME_004,missing_reference,transaction_reference missing
ISSUE_000824,bank_transactions_raw.csv,BT_0006957,SME_004,missing_reference,transaction_reference missing
ISSUE_000825,bank_transactions_raw.csv,BT_0016883,SME_004,missing_reference,transaction_reference missing
ISSUE_000826,bank_transactions_raw.csv,BT_0006249,SME_004,missing_reference,transaction_reference missing
ISSUE_000827,bank_transactions_raw.csv,BT_0010052,SME_004,missing_reference,transaction_reference missing
ISSUE_000828,bank_transactions_raw.csv,BT_0018958,SME_004,missing_reference,transaction_reference missing
ISSUE_000829,bank_transactions_raw.csv,BT_0009939,SME_004,missing_reference,transaction_reference missing
ISSUE_000830,bank_transactions_raw.csv,BT_0012789,SME_004,missing_reference,transaction_reference missing
ISSUE_000831,bank_transactions_raw.csv,BT_0016259,SME_004,missing_reference,transaction_reference missing
ISSUE_000832,bank_transactions_raw.csv,BT_0015340,SME_004,missing_reference,transaction_reference missing
ISSUE_000833,bank_transactions_raw.csv,BT_0009889,SME_004,missing_reference,transaction_reference missing
ISSUE_000834,bank_transactions_raw.csv,BT_0016793,SME_004,missing_reference,transaction_reference missing
ISSUE_000835,bank_transactions_raw.csv,BT_0014657,SME_004,missing_reference,transaction_reference missing
ISSUE_000836,bank_transactions_raw.csv,BT_0014661,SME_004,missing_reference,transaction_reference missing
ISSUE_000837,bank_transactions_raw.csv,BT_0006546,SME_004,missing_reference,transaction_reference missing
ISSUE_000838,bank_transactions_raw.csv,BT_0014905,SME_004,missing_reference,transaction_reference missing
ISSUE_000839,bank_transactions_raw.csv,BT_0006673,SME_004,missing_reference,transaction_reference missing
ISSUE_000840,bank_transactions_raw.csv,BT_0001963,SME_001,missing_reference,transaction_reference missing
ISSUE_000841,bank_transactions_raw.csv,BT_0000912,SME_001,missing_reference,transaction_reference missing
ISSUE_000842,bank_transactions_raw.csv,BT_0003837,SME_001,missing_reference,transaction_reference missing
ISSUE_000843,bank_transactions_raw.csv,BT_0000439,SME_001,missing_reference,transaction_reference missing
ISSUE_000844,bank_transactions_raw.csv,BT_0008828,SME_004,missing_reference,transaction_reference missing
ISSUE_000845,bank_transactions_raw.csv,BT_0017727,SME_004,missing_reference,transaction_reference missing
ISSUE_000846,bank_transactions_raw.csv,BT_0006609,SME_004,missing_reference,transaction_reference missing
ISSUE_000847,bank_transactions_raw.csv,BT_0005648,SME_004,missing_reference,transaction_reference missing
ISSUE_000848,bank_transactions_raw.csv,BT_0016668,SME_004,missing_reference,transaction_reference missing
ISSUE_000849,bank_transactions_raw.csv,BT_0009788,SME_004,missing_reference,transaction_reference missing
ISSUE_000850,bank_transactions_raw.csv,BT_0005143,SME_004,missing_reference,transaction_reference missing
ISSUE_000851,bank_transactions_raw.csv,BT_0002215,SME_001,missing_reference,transaction_reference missing
ISSUE_000852,bank_transactions_raw.csv,BT_0013784,SME_004,missing_reference,transaction_reference missing
ISSUE_000853,bank_transactions_raw.csv,BT_0002222,SME_001,missing_reference,transaction_reference missing
ISSUE_000854,bank_transactions_raw.csv,BT_0003858,SME_001,missing_reference,transaction_reference missing
ISSUE_000855,bank_transactions_raw.csv,BT_0007667,SME_004,missing_reference,transaction_reference missing
ISSUE_000856,bank_transactions_raw.csv,BT_0000796,SME_001,missing_reference,transaction_reference missing
ISSUE_000857,bank_transactions_raw.csv,BT_0010680,SME_004,missing_reference,transaction_reference missing
ISSUE_000858,bank_transactions_raw.csv,BT_0004820,SME_004,missing_reference,transaction_reference missing
ISSUE_000859,bank_transactions_raw.csv,BT_0011124,SME_004,missing_reference,transaction_reference missing
ISSUE_000860,bank_transactions_raw.csv,BT_0001731,SME_001,missing_reference,transaction_reference missing
ISSUE_000861,bank_transactions_raw.csv,BT_0013567,SME_004,missing_reference,transaction_reference missing
ISSUE_000862,bank_transactions_raw.csv,BT_0003283,SME_001,missing_reference,transaction_reference missing
ISSUE_000863,bank_transactions_raw.csv,BT_0015538,SME_004,missing_reference,transaction_reference missing
ISSUE_000864,bank_transactions_raw.csv,BT_0002989,SME_001,missing_reference,transaction_reference missing
ISSUE_000865,bank_transactions_raw.csv,BT_0003483,SME_001,missing_reference,transaction_reference missing
ISSUE_000866,bank_transactions_raw.csv,BT_0010449,SME_004,missing_reference,transaction_reference missing
ISSUE_000867,bank_transactions_raw.csv,BT_0004603,SME_003,missing_reference,transaction_reference missing
ISSUE_000868,bank_transactions_raw.csv,BT_0012834,SME_004,missing_reference,transaction_reference missing
ISSUE_000869,bank_transactions_raw.csv,BT_0012444,SME_004,missing_reference,transaction_reference missing
ISSUE_000870,bank_transactions_raw.csv,BT_0012277,SME_004,missing_reference,transaction_reference missing
ISSUE_000871,bank_transactions_raw.csv,BT_0015607,SME_004,missing_reference,transaction_reference missing
ISSUE_000872,bank_transactions_raw.csv,BT_0009005,SME_004,missing_reference,transaction_reference missing
ISSUE_000873,bank_transactions_raw.csv,BT_0006713,SME_004,missing_reference,transaction_reference missing
ISSUE_000874,bank_transactions_raw.csv,BT_0008324,SME_004,missing_reference,transaction_reference missing
ISSUE_000875,bank_transactions_raw.csv,BT_0015977,SME_004,missing_reference,transaction_reference missing
ISSUE_000876,bank_transactions_raw.csv,BT_0017571,SME_004,missing_reference,transaction_reference missing
ISSUE_000877,bank_transactions_raw.csv,BT_0001093,SME_001,missing_reference,transaction_reference missing
ISSUE_000878,bank_transactions_raw.csv,BT_0010546,SME_004,missing_reference,transaction_reference missing
ISSUE_000879,bank_transactions_raw.csv,BT_0004843,SME_004,missing_reference,transaction_reference missing
ISSUE_000880,bank_transactions_raw.csv,BT_0017875,SME_004,missing_reference,transaction_reference missing
ISSUE_000881,bank_transactions_raw.csv,BT_0010028,SME_004,missing_reference,transaction_reference missing
ISSUE_000882,bank_transactions_raw.csv,BT_0005801,SME_004,missing_reference,transaction_reference missing
ISSUE_000883,bank_transactions_raw.csv,BT_0009293,SME_004,missing_reference,transaction_reference missing
ISSUE_000884,bank_transactions_raw.csv,BT_0009056,SME_004,missing_reference,transaction_reference missing
ISSUE_000885,bank_transactions_raw.csv,BT_0014605,SME_004,missing_reference,transaction_reference missing
ISSUE_000886,bank_transactions_raw.csv,BT_0008366,SME_004,missing_reference,transaction_reference missing
ISSUE_000887,bank_transactions_raw.csv,BT_0007880,SME_004,missing_reference,transaction_reference missing
ISSUE_000888,bank_transactions_raw.csv,BT_0012822,SME_004,missing_reference,transaction_reference missing
ISSUE_000889,bank_transactions_raw.csv,BT_0015565,SME_004,missing_reference,transaction_reference missing
ISSUE_000890,bank_transactions_raw.csv,BT_0019216,SME_004,missing_reference,transaction_reference missing
ISSUE_000891,bank_transactions_raw.csv,BT_0004823,SME_004,missing_reference,transaction_reference missing
ISSUE_000892,bank_transactions_raw.csv,BT_0014575,SME_004,missing_reference,transaction_reference missing
ISSUE_000893,bank_transactions_raw.csv,BT_0013115,SME_004,missing_reference,transaction_reference missing
ISSUE_000894,bank_transactions_raw.csv,BT_0017327,SME_004,missing_reference,transaction_reference missing
ISSUE_000895,bank_transactions_raw.csv,BT_0010264,SME_004,missing_reference,transaction_reference missing
ISSUE_000896,bank_transactions_raw.csv,BT_0018168,SME_004,missing_reference,transaction_reference missing
ISSUE_000897,bank_transactions_raw.csv,BT_0015182,SME_004,missing_reference,transaction_reference missing
ISSUE_000898,bank_transactions_raw.csv,BT_0008036,SME_004,missing_reference,transaction_reference missing
ISSUE_000899,bank_transactions_raw.csv,BT_0007439,SME_004,missing_reference,transaction_reference missing
ISSUE_000900,bank_transactions_raw.csv,BT_0018386,SME_004,missing_reference,transaction_reference missing
ISSUE_000901,bank_transactions_raw.csv,BT_0002239,SME_001,missing_reference,transaction_reference missing
ISSUE_000902,bank_transactions_raw.csv,BT_0018188,SME_004,missing_reference,transaction_reference missing
ISSUE_000903,bank_transactions_raw.csv,BT_0014156,SME_004,missing_reference,transaction_reference missing
ISSUE_000904,bank_transactions_raw.csv,BT_0010039,SME_004,missing_reference,transaction_reference missing
ISSUE_000905,bank_transactions_raw.csv,BT_0017733,SME_004,missing_reference,transaction_reference missing
ISSUE_000906,bank_transactions_raw.csv,BT_0003201,SME_001,missing_reference,transaction_reference missing
ISSUE_000907,bank_transactions_raw.csv,BT_0013960,SME_004,missing_reference,transaction_reference missing
ISSUE_000908,bank_transactions_raw.csv,BT_0016069,SME_004,missing_reference,transaction_reference missing
ISSUE_000909,bank_transactions_raw.csv,BT_0012229,SME_004,missing_reference,transaction_reference missing
ISSUE_000910,bank_transactions_raw.csv,BT_0010959,SME_004,missing_reference,transaction_reference missing
ISSUE_000911,bank_transactions_raw.csv,BT_0017760,SME_004,missing_reference,transaction_reference missing
ISSUE_000912,bank_transactions_raw.csv,BT_0012158,SME_004,missing_reference,transaction_reference missing
ISSUE_000913,bank_transactions_raw.csv,BT_0008911,SME_004,missing_reference,transaction_reference missing
ISSUE_000914,bank_transactions_raw.csv,BT_0002768,SME_001,missing_reference,transaction_reference missing
ISSUE_000915,bank_transactions_raw.csv,BT_0014477,SME_004,missing_reference,transaction_reference missing
ISSUE_000916,bank_transactions_raw.csv,BT_0007418,SME_004,missing_reference,transaction_reference missing
ISSUE_000917,bank_transactions_raw.csv,BT_0011959,SME_004,missing_reference,transaction_reference missing
ISSUE_000918,bank_transactions_raw.csv,BT_0017710,SME_004,missing_reference,transaction_reference missing
ISSUE_000919,bank_transactions_raw.csv,BT_0011686,SME_004,missing_reference,transaction_reference missing
ISSUE_000920,bank_transactions_raw.csv,BT_0000709,SME_001,missing_reference,transaction_reference missing
ISSUE_000921,bank_transactions_raw.csv,BT_0013125,SME_004,missing_reference,transaction_reference missing
ISSUE_000922,bank_transactions_raw.csv,BT_0007308,SME_004,missing_reference,transaction_reference missing
ISSUE_000923,bank_transactions_raw.csv,BT_0003931,SME_001,missing_reference,transaction_reference missing
ISSUE_000924,bank_transactions_raw.csv,BT_0005949,SME_004,missing_reference,transaction_reference missing
ISSUE_000925,bank_transactions_raw.csv,BT_0005577,SME_004,missing_reference,transaction_reference missing
ISSUE_000926,bank_transactions_raw.csv,BT_0001705,SME_001,missing_reference,transaction_reference missing
ISSUE_000927,bank_transactions_raw.csv,BT_0000004,SME_001,missing_reference,transaction_reference missing
ISSUE_000928,bank_transactions_raw.csv,BT_0011728,SME_004,missing_reference,transaction_reference missing
ISSUE_000929,bank_transactions_raw.csv,BT_0018647,SME_004,missing_reference,transaction_reference missing
ISSUE_000930,bank_transactions_raw.csv,BT_0015730,SME_004,missing_reference,transaction_reference missing
ISSUE_000931,bank_transactions_raw.csv,BT_0002517,SME_001,missing_reference,transaction_reference missing
ISSUE_000932,bank_transactions_raw.csv,BT_0006253,SME_004,missing_reference,transaction_reference missing
ISSUE_000933,bank_transactions_raw.csv,BT_0000961,SME_001,missing_reference,transaction_reference missing
ISSUE_000934,bank_transactions_raw.csv,BT_0000345,SME_001,missing_reference,transaction_reference missing
ISSUE_000935,bank_transactions_raw.csv,BT_0002316,SME_001,missing_reference,transaction_reference missing
ISSUE_000936,bank_transactions_raw.csv,BT_0014130,SME_004,missing_reference,transaction_reference missing
ISSUE_000937,bank_transactions_raw.csv,BT_0014364,SME_004,missing_reference,transaction_reference missing
ISSUE_000938,bank_transactions_raw.csv,BT_0005715,SME_004,missing_reference,transaction_reference missing
ISSUE_000939,bank_transactions_raw.csv,BT_0008884,SME_004,missing_reference,transaction_reference missing
ISSUE_000940,bank_transactions_raw.csv,BT_0019164,SME_004,missing_reference,transaction_reference missing
ISSUE_000941,bank_transactions_raw.csv,BT_0009779,SME_004,missing_reference,transaction_reference missing
ISSUE_000942,bank_transactions_raw.csv,BT_0018904,SME_004,missing_reference,transaction_reference missing
ISSUE_000943,bank_transactions_raw.csv,BT_0009396,SME_004,missing_reference,transaction_reference missing
ISSUE_000944,bank_transactions_raw.csv,BT_0018146,SME_004,missing_reference,transaction_reference missing
ISSUE_000945,bank_transactions_raw.csv,BT_0014165,SME_004,missing_reference,transaction_reference missing
ISSUE_000946,bank_transactions_raw.csv,BT_0007629,SME_004,missing_reference,transaction_reference missing
ISSUE_000947,bank_transactions_raw.csv,BT_0000043,SME_001,missing_reference,transaction_reference missing
ISSUE_000948,bank_transactions_raw.csv,BT_0011716,SME_004,missing_reference,transaction_reference missing
ISSUE_000949,bank_transactions_raw.csv,BT_0004707,SME_004,missing_reference,transaction_reference missing
ISSUE_000950,bank_transactions_raw.csv,BT_0004581,SME_003,missing_reference,transaction_reference missing
ISSUE_000951,bank_transactions_raw.csv,BT_0006336,SME_004,missing_reference,transaction_reference missing
ISSUE_000952,bank_transactions_raw.csv,BT_0017555,SME_004,missing_reference,transaction_reference missing
ISSUE_000953,bank_transactions_raw.csv,BT_0015943,SME_004,missing_reference,transaction_reference missing
ISSUE_000954,bank_transactions_raw.csv,BT_0018241,SME_004,missing_reference,transaction_reference missing
ISSUE_000955,bank_transactions_raw.csv,BT_0010761,SME_004,missing_reference,transaction_reference missing
ISSUE_000956,bank_transactions_raw.csv,BT_0002603,SME_001,missing_reference,transaction_reference missing
ISSUE_000957,bank_transactions_raw.csv,BT_0016278,SME_004,missing_reference,transaction_reference missing
ISSUE_000958,bank_transactions_raw.csv,BT_0004287,SME_001,missing_reference,transaction_reference missing
ISSUE_000959,bank_transactions_raw.csv,BT_0013897,SME_004,missing_reference,transaction_reference missing
ISSUE_000960,bank_transactions_raw.csv,BT_0007114,SME_004,missing_reference,transaction_reference missing
ISSUE_000961,bank_transactions_raw.csv,BT_0008247,SME_004,missing_reference,transaction_reference missing
ISSUE_000962,bank_transactions_raw.csv,BT_0015670,SME_004,missing_reference,transaction_reference missing
ISSUE_000963,bank_transactions_raw.csv,BT_0005246,SME_004,missing_reference,transaction_reference missing
ISSUE_000964,bank_transactions_raw.csv,BT_0015155,SME_004,missing_reference,transaction_reference missing
ISSUE_000965,bank_transactions_raw.csv,BT_0001839,SME_001,missing_reference,transaction_reference missing
ISSUE_000966,bank_transactions_raw.csv,BT_0017685,SME_004,missing_reference,transaction_reference missing
ISSUE_000967,bank_transactions_raw.csv,BT_0009548,SME_004,missing_reference,transaction_reference missing
ISSUE_000968,bank_transactions_raw.csv,BT_0005156,SME_004,missing_reference,transaction_reference missing
ISSUE_000969,bank_transactions_raw.csv,BT_0005039,SME_004,missing_reference,transaction_reference missing
ISSUE_000970,bank_transactions_raw.csv,BT_0019326,SME_004,missing_reference,transaction_reference missing
ISSUE_000971,bank_transactions_raw.csv,BT_0011914,SME_004,missing_reference,transaction_reference missing
ISSUE_000972,bank_transactions_raw.csv,BT_0001444,SME_001,missing_reference,transaction_reference missing
ISSUE_000973,bank_transactions_raw.csv,BT_0006600,SME_004,missing_reference,transaction_reference missing
ISSUE_000974,bank_transactions_raw.csv,BT_0008770,SME_004,missing_reference,transaction_reference missing
ISSUE_000975,bank_transactions_raw.csv,BT_0011828,SME_004,missing_reference,transaction_reference missing
ISSUE_000976,bank_transactions_raw.csv,BT_0007886,SME_004,missing_reference,transaction_reference missing
ISSUE_000977,bank_transactions_raw.csv,BT_0001513,SME_001,missing_reference,transaction_reference missing
ISSUE_000978,bank_transactions_raw.csv,BT_0007008,SME_004,missing_reference,transaction_reference missing
ISSUE_000979,bank_transactions_raw.csv,BT_0008204,SME_004,missing_reference,transaction_reference missing
ISSUE_000980,bank_transactions_raw.csv,BT_0000853,SME_001,missing_reference,transaction_reference missing
ISSUE_000981,bank_transactions_raw.csv,BT_0011582,SME_004,missing_reference,transaction_reference missing
ISSUE_000982,bank_transactions_raw.csv,BT_0013509,SME_004,missing_reference,transaction_reference missing
ISSUE_000983,bank_transactions_raw.csv,BT_0017289,SME_004,missing_reference,transaction_reference missing
ISSUE_000984,bank_transactions_raw.csv,BT_0002931,SME_001,missing_reference,transaction_reference missing
ISSUE_000985,bank_transactions_raw.csv,BT_0000879,SME_001,missing_reference,transaction_reference missing
ISSUE_000986,bank_transactions_raw.csv,BT_0014307,SME_004,missing_reference,transaction_reference missing
ISSUE_000987,bank_transactions_raw.csv,BT_0004280,SME_001,missing_reference,transaction_reference missing
ISSUE_000988,bank_transactions_raw.csv,BT_0009968,SME_004,missing_reference,transaction_reference missing
ISSUE_000989,bank_transactions_raw.csv,BT_0019053,SME_004,missing_reference,transaction_reference missing
ISSUE_000990,bank_transactions_raw.csv,BT_0008077,SME_004,missing_reference,transaction_reference missing
ISSUE_000991,bank_transactions_raw.csv,BT_0000352,SME_001,missing_reference,transaction_reference missing
ISSUE_000992,bank_transactions_raw.csv,BT_0010969,SME_004,missing_reference,transaction_reference missing
ISSUE_000993,bank_transactions_raw.csv,BT_0010598,SME_004,missing_reference,transaction_reference missing
ISSUE_000994,bank_transactions_raw.csv,BT_0016925,SME_004,missing_reference,transaction_reference missing
ISSUE_000995,bank_transactions_raw.csv,BT_0002606,SME_001,missing_reference,transaction_reference missing
ISSUE_000996,bank_transactions_raw.csv,BT_0012651,SME_004,missing_reference,transaction_reference missing
ISSUE_000997,bank_transactions_raw.csv,BT_0011326,SME_004,missing_reference,transaction_reference missing
ISSUE_000998,bank_transactions_raw.csv,BT_0002178,SME_001,missing_reference,transaction_reference missing
ISSUE_000999,bank_transactions_raw.csv,BT_0011215,SME_004,missing_reference,transaction_reference missing
ISSUE_001000,bank_transactions_raw.csv,BT_0002513,SME_001,missing_reference,transaction_reference missing
ISSUE_001001,bank_transactions_raw.csv,BT_0003699,SME_001,missing_reference,transaction_reference missing
ISSUE_001002,bank_transactions_raw.csv,BT_0016972,SME_004,missing_reference,transaction_reference missing
ISSUE_001003,bank_transactions_raw.csv,BT_0011762,SME_004,missing_reference,transaction_reference missing
ISSUE_001004,bank_transactions_raw.csv,BT_0011903,SME_004,missing_reference,transaction_reference missing
ISSUE_001005,bank_transactions_raw.csv,BT_0002326,SME_001,missing_reference,transaction_reference missing
ISSUE_001006,bank_transactions_raw.csv,BT_0017622,SME_004,missing_reference,transaction_reference missing
ISSUE_001007,bank_transactions_raw.csv,BT_0017269,SME_004,missing_reference,transaction_reference missing
ISSUE_001008,bank_transactions_raw.csv,BT_0009615,SME_004,missing_reference,transaction_reference missing
ISSUE_001009,bank_transactions_raw.csv,BT_0016817,SME_004,missing_reference,transaction_reference missing
ISSUE_001010,bank_transactions_raw.csv,BT_0019272,SME_004,missing_reference,transaction_reference missing
ISSUE_001011,bank_transactions_raw.csv,BT_0001384,SME_001,missing_reference,transaction_reference missing
ISSUE_001012,bank_transactions_raw.csv,BT_0007223,SME_004,missing_reference,transaction_reference missing
ISSUE_001013,bank_transactions_raw.csv,BT_0015908,SME_004,missing_reference,transaction_reference missing
ISSUE_001014,bank_transactions_raw.csv,BT_0011370,SME_004,missing_reference,transaction_reference missing
ISSUE_001015,bank_transactions_raw.csv,BT_0013708,SME_004,missing_reference,transaction_reference missing
ISSUE_001016,bank_transactions_raw.csv,BT_0005853,SME_004,missing_reference,transaction_reference missing
ISSUE_001017,bank_transactions_raw.csv,BT_0017068,SME_004,missing_reference,transaction_reference missing
ISSUE_001018,bank_transactions_raw.csv,BT_0002535,SME_001,missing_reference,transaction_reference missing
ISSUE_001019,bank_transactions_raw.csv,BT_0006115,SME_004,missing_reference,transaction_reference missing
ISSUE_001020,bank_transactions_raw.csv,BT_0008243,SME_004,missing_reference,transaction_reference missing
ISSUE_001021,bank_transactions_raw.csv,BT_0008141,SME_004,missing_reference,transaction_reference missing
ISSUE_001022,bank_transactions_raw.csv,BT_0010709,SME_004,missing_reference,transaction_reference missing
ISSUE_001023,bank_transactions_raw.csv,BT_0014291,SME_004,missing_reference,transaction_reference missing
ISSUE_001024,bank_transactions_raw.csv,BT_0009420,SME_004,missing_reference,transaction_reference missing
ISSUE_001025,bank_transactions_raw.csv,BT_0015081,SME_004,missing_reference,transaction_reference missing
ISSUE_001026,bank_transactions_raw.csv,BT_0010812,SME_004,missing_reference,transaction_reference missing
ISSUE_001027,bank_transactions_raw.csv,BT_0012948,SME_004,missing_reference,transaction_reference missing
ISSUE_001028,bank_transactions_raw.csv,BT_0008345,SME_004,missing_reference,transaction_reference missing
ISSUE_001029,bank_transactions_raw.csv,BT_0011037,SME_004,missing_reference,transaction_reference missing
ISSUE_001030,bank_transactions_raw.csv,BT_0002815,SME_001,missing_reference,transaction_reference missing
ISSUE_001031,bank_transactions_raw.csv,BT_0001748,SME_001,missing_reference,transaction_reference missing
ISSUE_001032,bank_transactions_raw.csv,BT_0010925,SME_004,missing_reference,transaction_reference missing
ISSUE_001033,bank_transactions_raw.csv,BT_0004739,SME_004,missing_reference,transaction_reference missing
ISSUE_001034,bank_transactions_raw.csv,BT_0012623,SME_004,missing_reference,transaction_reference missing
ISSUE_001035,bank_transactions_raw.csv,BT_0008391,SME_004,missing_reference,transaction_reference missing
ISSUE_001036,bank_transactions_raw.csv,BT_0007334,SME_004,missing_reference,transaction_reference missing
ISSUE_001037,bank_transactions_raw.csv,BT_0003499,SME_001,missing_reference,transaction_reference missing
ISSUE_001038,bank_transactions_raw.csv,BT_0014441,SME_004,missing_reference,transaction_reference missing
ISSUE_001039,bank_transactions_raw.csv,BT_0019193,SME_004,missing_reference,transaction_reference missing
ISSUE_001040,bank_transactions_raw.csv,BT_0007460,SME_004,missing_reference,transaction_reference missing
ISSUE_001041,bank_transactions_raw.csv,BT_0009346,SME_004,missing_reference,transaction_reference missing
ISSUE_001042,bank_transactions_raw.csv,BT_0014314,SME_004,missing_reference,transaction_reference missing
ISSUE_001043,bank_transactions_raw.csv,BT_0015422,SME_004,missing_reference,transaction_reference missing
ISSUE_001044,bank_transactions_raw.csv,BT_0017172,SME_004,missing_reference,transaction_reference missing
ISSUE_001045,bank_transactions_raw.csv,BT_0004266,SME_001,missing_reference,transaction_reference missing
ISSUE_001046,bank_transactions_raw.csv,BT_0013264,SME_004,missing_reference,transaction_reference missing
ISSUE_001047,bank_transactions_raw.csv,BT_0013407,SME_004,missing_reference,transaction_reference missing
ISSUE_001048,bank_transactions_raw.csv,BT_0013450,SME_004,missing_reference,transaction_reference missing
ISSUE_001049,bank_transactions_raw.csv,BT_0006393,SME_004,missing_reference,transaction_reference missing
ISSUE_001050,bank_transactions_raw.csv,BT_0005598,SME_004,missing_reference,transaction_reference missing
ISSUE_001051,bank_transactions_raw.csv,BT_0006468,SME_004,missing_reference,transaction_reference missing
ISSUE_001052,bank_transactions_raw.csv,BT_0016659,SME_004,missing_reference,transaction_reference missing
ISSUE_001053,bank_transactions_raw.csv,BT_0013602,SME_004,missing_reference,transaction_reference missing
ISSUE_001054,bank_transactions_raw.csv,BT_0007964,SME_004,missing_reference,transaction_reference missing
ISSUE_001055,bank_transactions_raw.csv,BT_0005413,SME_004,missing_reference,transaction_reference missing
ISSUE_001056,bank_transactions_raw.csv,BT_0009120,SME_004,missing_reference,transaction_reference missing
ISSUE_001057,bank_transactions_raw.csv,BT_0017296,SME_004,missing_reference,transaction_reference missing
ISSUE_001058,bank_transactions_raw.csv,BT_0006881,SME_004,missing_reference,transaction_reference missing
ISSUE_001059,bank_transactions_raw.csv,BT_0015876,SME_004,missing_reference,transaction_reference missing
ISSUE_001060,bank_transactions_raw.csv,BT_0007882,SME_004,missing_reference,transaction_reference missing
ISSUE_001061,bank_transactions_raw.csv,BT_0009124,SME_004,missing_reference,transaction_reference missing
ISSUE_001062,bank_transactions_raw.csv,BT_0003303,SME_001,missing_reference,transaction_reference missing
ISSUE_001063,bank_transactions_raw.csv,BT_0003107,SME_001,missing_reference,transaction_reference missing
ISSUE_001064,bank_transactions_raw.csv,BT_0004849,SME_004,missing_reference,transaction_reference missing
ISSUE_001065,bank_transactions_raw.csv,BT_0009724,SME_004,missing_reference,transaction_reference missing
ISSUE_001066,bank_transactions_raw.csv,BT_0006326,SME_004,missing_reference,transaction_reference missing
ISSUE_001067,bank_transactions_raw.csv,BT_0005071,SME_004,missing_reference,transaction_reference missing
ISSUE_001068,bank_transactions_raw.csv,BT_0013362,SME_004,missing_reference,transaction_reference missing
ISSUE_001069,bank_transactions_raw.csv,BT_0016769,SME_004,missing_reference,transaction_reference missing
ISSUE_001070,bank_transactions_raw.csv,BT_0016677,SME_004,missing_reference,transaction_reference missing
ISSUE_001071,bank_transactions_raw.csv,BT_0007336,SME_004,missing_reference,transaction_reference missing
ISSUE_001072,bank_transactions_raw.csv,BT_0011179,SME_004,missing_reference,transaction_reference missing
ISSUE_001073,bank_transactions_raw.csv,BT_0010825,SME_004,missing_reference,transaction_reference missing
ISSUE_001074,bank_transactions_raw.csv,BT_0010804,SME_004,missing_reference,transaction_reference missing
ISSUE_001075,bank_transactions_raw.csv,BT_0002767,SME_001,missing_reference,transaction_reference missing
ISSUE_001076,bank_transactions_raw.csv,BT_0018421,SME_004,missing_reference,transaction_reference missing
ISSUE_001077,bank_transactions_raw.csv,BT_0007306,SME_004,missing_reference,transaction_reference missing
ISSUE_001078,bank_transactions_raw.csv,BT_0008514,SME_004,missing_reference,transaction_reference missing
ISSUE_001079,bank_transactions_raw.csv,BT_0015644,SME_004,missing_reference,transaction_reference missing
ISSUE_001080,bank_transactions_raw.csv,BT_0014107,SME_004,missing_reference,transaction_reference missing
ISSUE_001081,bank_transactions_raw.csv,BT_0013311,SME_004,missing_reference,transaction_reference missing
ISSUE_001082,bank_transactions_raw.csv,BT_0002445,SME_001,missing_reference,transaction_reference missing
ISSUE_001083,bank_transactions_raw.csv,BT_0001863,SME_001,missing_reference,transaction_reference missing
ISSUE_001084,bank_transactions_raw.csv,BT_0005103,SME_004,missing_reference,transaction_reference missing
ISSUE_001085,bank_transactions_raw.csv,BT_0014863,SME_004,missing_reference,transaction_reference missing
ISSUE_001086,bank_transactions_raw.csv,BT_0003754,SME_001,missing_reference,transaction_reference missing
ISSUE_001087,bank_transactions_raw.csv,BT_0000252,SME_001,missing_reference,transaction_reference missing
ISSUE_001088,bank_transactions_raw.csv,BT_0016478,SME_004,missing_reference,transaction_reference missing
ISSUE_001089,bank_transactions_raw.csv,BT_0001536,SME_001,missing_reference,transaction_reference missing
ISSUE_001090,bank_transactions_raw.csv,BT_0007218,SME_004,missing_reference,transaction_reference missing
ISSUE_001091,bank_transactions_raw.csv,BT_0010471,SME_004,missing_reference,transaction_reference missing
ISSUE_001092,bank_transactions_raw.csv,BT_0003979,SME_001,missing_reference,transaction_reference missing
ISSUE_001093,bank_transactions_raw.csv,BT_0003596,SME_001,missing_reference,transaction_reference missing
ISSUE_001094,bank_transactions_raw.csv,BT_0018515,SME_004,missing_reference,transaction_reference missing
ISSUE_001095,bank_transactions_raw.csv,BT_0015739,SME_004,missing_reference,transaction_reference missing
ISSUE_001096,bank_transactions_raw.csv,BT_0001454,SME_001,missing_reference,transaction_reference missing
ISSUE_001097,bank_transactions_raw.csv,BT_0016587,SME_004,missing_reference,transaction_reference missing
ISSUE_001098,bank_transactions_raw.csv,BT_0008399,SME_004,missing_reference,transaction_reference missing
ISSUE_001099,bank_transactions_raw.csv,BT_0001523,SME_001,missing_reference,transaction_reference missing
ISSUE_001100,bank_transactions_raw.csv,BT_0019325,SME_004,missing_reference,transaction_reference missing
ISSUE_001101,bank_transactions_raw.csv,BT_0005953,SME_004,missing_reference,transaction_reference missing
ISSUE_001102,bank_transactions_raw.csv,BT_0013261,SME_004,missing_reference,transaction_reference missing
ISSUE_001103,bank_transactions_raw.csv,BT_0014526,SME_004,missing_reference,transaction_reference missing
ISSUE_001104,bank_transactions_raw.csv,BT_0002335,SME_001,missing_reference,transaction_reference missing
ISSUE_001105,bank_transactions_raw.csv,BT_0001528,SME_001,missing_reference,transaction_reference missing
ISSUE_001106,bank_transactions_raw.csv,BT_0003700,SME_001,missing_reference,transaction_reference missing
ISSUE_001107,bank_transactions_raw.csv,BT_0008232,SME_004,missing_reference,transaction_reference missing
ISSUE_001108,bank_transactions_raw.csv,BT_0007094,SME_004,missing_reference,transaction_reference missing
ISSUE_001109,bank_transactions_raw.csv,BT_0009004,SME_004,missing_reference,transaction_reference missing
ISSUE_001110,bank_transactions_raw.csv,BT_0010609,SME_004,missing_reference,transaction_reference missing
ISSUE_001111,bank_transactions_raw.csv,BT_0004490,SME_002,missing_reference,transaction_reference missing
ISSUE_001112,bank_transactions_raw.csv,BT_0009842,SME_004,missing_reference,transaction_reference missing
ISSUE_001113,bank_transactions_raw.csv,BT_0006649,SME_004,missing_reference,transaction_reference missing
ISSUE_001114,bank_transactions_raw.csv,BT_0006135,SME_004,missing_reference,transaction_reference missing
ISSUE_001115,bank_transactions_raw.csv,BT_0010478,SME_004,missing_reference,transaction_reference missing
ISSUE_001116,bank_transactions_raw.csv,BT_0001494,SME_001,missing_reference,transaction_reference missing
ISSUE_001117,bank_transactions_raw.csv,BT_0004133,SME_001,missing_reference,transaction_reference missing
ISSUE_001118,bank_transactions_raw.csv,BT_0002141,SME_001,missing_reference,transaction_reference missing
ISSUE_001119,bank_transactions_raw.csv,BT_0001912,SME_001,missing_reference,transaction_reference missing
ISSUE_001120,bank_transactions_raw.csv,BT_0002200,SME_001,missing_reference,transaction_reference missing
ISSUE_001121,bank_transactions_raw.csv,BT_0005668,SME_004,missing_reference,transaction_reference missing
ISSUE_001122,bank_transactions_raw.csv,BT_0019393,SME_005,missing_reference,transaction_reference missing
ISSUE_001123,bank_transactions_raw.csv,BT_0006516,SME_004,missing_reference,transaction_reference missing
ISSUE_001124,bank_transactions_raw.csv,BT_0007591,SME_004,missing_reference,transaction_reference missing
ISSUE_001125,bank_transactions_raw.csv,BT_0002831,SME_001,missing_reference,transaction_reference missing
ISSUE_001126,bank_transactions_raw.csv,BT_0013902,SME_004,missing_reference,transaction_reference missing
ISSUE_001127,bank_transactions_raw.csv,BT_0005815,SME_004,missing_reference,transaction_reference missing
ISSUE_001128,bank_transactions_raw.csv,BT_0002860,SME_001,missing_reference,transaction_reference missing
ISSUE_001129,bank_transactions_raw.csv,BT_0001154,SME_001,missing_reference,transaction_reference missing
ISSUE_001130,bank_transactions_raw.csv,BT_0005567,SME_004,missing_reference,transaction_reference missing
ISSUE_001131,bank_transactions_raw.csv,BT_0015875,SME_004,missing_reference,transaction_reference missing
ISSUE_001132,bank_transactions_raw.csv,BT_0007721,SME_004,missing_reference,transaction_reference missing
ISSUE_001133,bank_transactions_raw.csv,BT_0003959,SME_001,missing_reference,transaction_reference missing
ISSUE_001134,bank_transactions_raw.csv,BT_0000291,SME_001,missing_reference,transaction_reference missing
ISSUE_001135,bank_transactions_raw.csv,BT_0018981,SME_004,missing_reference,transaction_reference missing
ISSUE_001136,bank_transactions_raw.csv,BT_0009030,SME_004,missing_reference,transaction_reference missing
ISSUE_001137,bank_transactions_raw.csv,BT_0015456,SME_004,missing_reference,transaction_reference missing
ISSUE_001138,bank_transactions_raw.csv,BT_0010821,SME_004,missing_reference,transaction_reference missing
ISSUE_001139,bank_transactions_raw.csv,BT_0009976,SME_004,missing_reference,transaction_reference missing
ISSUE_001140,bank_transactions_raw.csv,BT_0004751,SME_004,missing_reference,transaction_reference missing
ISSUE_001141,bank_transactions_raw.csv,BT_0006236,SME_004,missing_reference,transaction_reference missing
ISSUE_001142,bank_transactions_raw.csv,BT_0018076,SME_004,missing_reference,transaction_reference missing
ISSUE_001143,bank_transactions_raw.csv,BT_0011549,SME_004,missing_reference,transaction_reference missing
ISSUE_001144,bank_transactions_raw.csv,BT_0003480,SME_001,missing_reference,transaction_reference missing
ISSUE_001145,bank_transactions_raw.csv,BT_0016172,SME_004,missing_reference,transaction_reference missing
ISSUE_001146,bank_transactions_raw.csv,BT_0006585,SME_004,missing_reference,transaction_reference missing
ISSUE_001147,bank_transactions_raw.csv,BT_0001228,SME_001,missing_reference,transaction_reference missing
ISSUE_001148,bank_transactions_raw.csv,BT_0014470,SME_004,missing_reference,transaction_reference missing
ISSUE_001149,bank_transactions_raw.csv,BT_0006887,SME_004,missing_reference,transaction_reference missing
ISSUE_001150,bank_transactions_raw.csv,BT_0002857,SME_001,missing_reference,transaction_reference missing
ISSUE_001151,bank_transactions_raw.csv,BT_0012591,SME_004,missing_reference,transaction_reference missing
ISSUE_001152,bank_transactions_raw.csv,BT_0001085,SME_001,missing_reference,transaction_reference missing
ISSUE_001153,bank_transactions_raw.csv,BT_0007500,SME_004,missing_reference,transaction_reference missing
ISSUE_001154,bank_transactions_raw.csv,BT_0006581,SME_004,missing_reference,transaction_reference missing
ISSUE_001155,bank_transactions_raw.csv,BT_0004573,SME_003,missing_reference,transaction_reference missing
ISSUE_001156,bank_transactions_raw.csv,BT_0004721,SME_004,missing_reference,transaction_reference missing
ISSUE_001157,bank_transactions_raw.csv,BT_0010385,SME_004,missing_reference,transaction_reference missing
ISSUE_001158,bank_transactions_raw.csv,BT_0004149,SME_001,missing_reference,transaction_reference missing
ISSUE_001159,bank_transactions_raw.csv,BT_0006280,SME_004,missing_reference,transaction_reference missing
ISSUE_001160,bank_transactions_raw.csv,BT_0010756,SME_004,missing_reference,transaction_reference missing
ISSUE_001161,bank_transactions_raw.csv,BT_0010565,SME_004,missing_value,balance_after_transaction missing
ISSUE_001162,bank_transactions_raw.csv,BT_0013848,SME_004,missing_value,balance_after_transaction missing
ISSUE_001163,bank_transactions_raw.csv,BT_0004682,SME_004,missing_value,balance_after_transaction missing
ISSUE_001164,bank_transactions_raw.csv,BT_0000150,SME_001,missing_value,balance_after_transaction missing
ISSUE_001165,bank_transactions_raw.csv,BT_0015577,SME_004,missing_value,balance_after_transaction missing
ISSUE_001166,bank_transactions_raw.csv,BT_0017613,SME_004,missing_value,balance_after_transaction missing
ISSUE_001167,bank_transactions_raw.csv,BT_0002109,SME_001,missing_value,balance_after_transaction missing
ISSUE_001168,bank_transactions_raw.csv,BT_0019041,SME_004,missing_value,balance_after_transaction missing
ISSUE_001169,bank_transactions_raw.csv,BT_0009505,SME_004,missing_value,balance_after_transaction missing
ISSUE_001170,bank_transactions_raw.csv,BT_0008990,SME_004,missing_value,balance_after_transaction missing
ISSUE_001171,bank_transactions_raw.csv,BT_0009497,SME_004,missing_value,balance_after_transaction missing
ISSUE_001172,bank_transactions_raw.csv,BT_0011149,SME_004,missing_value,balance_after_transaction missing
ISSUE_001173,bank_transactions_raw.csv,BT_0019389,SME_005,missing_value,balance_after_transaction missing
ISSUE_001174,bank_transactions_raw.csv,BT_0008847,SME_004,missing_value,balance_after_transaction missing
ISSUE_001175,bank_transactions_raw.csv,BT_0004064,SME_001,missing_value,balance_after_transaction missing
ISSUE_001176,bank_transactions_raw.csv,BT_0010192,SME_004,missing_value,balance_after_transaction missing
ISSUE_001177,bank_transactions_raw.csv,BT_0000814,SME_001,missing_value,balance_after_transaction missing
ISSUE_001178,bank_transactions_raw.csv,BT_0002923,SME_001,missing_value,balance_after_transaction missing
ISSUE_001179,bank_transactions_raw.csv,BT_0007337,SME_004,missing_value,balance_after_transaction missing
ISSUE_001180,bank_transactions_raw.csv,BT_0000278,SME_001,missing_value,balance_after_transaction missing
ISSUE_001181,bank_transactions_raw.csv,BT_0009404,SME_004,missing_value,balance_after_transaction missing
ISSUE_001182,bank_transactions_raw.csv,BT_0004114,SME_001,missing_value,balance_after_transaction missing
ISSUE_001183,bank_transactions_raw.csv,BT_0018825,SME_004,missing_value,balance_after_transaction missing
ISSUE_001184,bank_transactions_raw.csv,BT_0017360,SME_004,missing_value,balance_after_transaction missing
ISSUE_001185,bank_transactions_raw.csv,BT_0008952,SME_004,missing_value,balance_after_transaction missing
ISSUE_001186,bank_transactions_raw.csv,BT_0013396,SME_004,missing_value,balance_after_transaction missing
ISSUE_001187,bank_transactions_raw.csv,BT_0000768,SME_001,missing_value,balance_after_transaction missing
ISSUE_001188,bank_transactions_raw.csv,BT_0007372,SME_004,missing_value,balance_after_transaction missing
ISSUE_001189,bank_transactions_raw.csv,BT_0014985,SME_004,missing_value,balance_after_transaction missing
ISSUE_001190,bank_transactions_raw.csv,BT_0014446,SME_004,missing_value,balance_after_transaction missing
ISSUE_001191,bank_transactions_raw.csv,BT_0004468,SME_001,missing_value,balance_after_transaction missing
ISSUE_001192,bank_transactions_raw.csv,BT_0016966,SME_004,missing_value,balance_after_transaction missing
ISSUE_001193,bank_transactions_raw.csv,BT_0009183,SME_004,missing_value,balance_after_transaction missing
ISSUE_001194,bank_transactions_raw.csv,BT_0005025,SME_004,missing_value,balance_after_transaction missing
ISSUE_001195,bank_transactions_raw.csv,BT_0011675,SME_004,missing_value,balance_after_transaction missing
ISSUE_001196,bank_transactions_raw.csv,BT_0005824,SME_004,missing_value,balance_after_transaction missing
ISSUE_001197,bank_transactions_raw.csv,BT_0012113,SME_004,missing_value,balance_after_transaction missing
ISSUE_001198,bank_transactions_raw.csv,BT_0018744,SME_004,missing_value,balance_after_transaction missing
ISSUE_001199,bank_transactions_raw.csv,BT_0003267,SME_001,missing_value,balance_after_transaction missing
ISSUE_001200,bank_transactions_raw.csv,BT_0013643,SME_004,missing_value,balance_after_transaction missing
ISSUE_001201,bank_transactions_raw.csv,BT_0009504,SME_004,missing_value,balance_after_transaction missing
ISSUE_001202,bank_transactions_raw.csv,BT_0009375,SME_004,missing_value,balance_after_transaction missing
ISSUE_001203,bank_transactions_raw.csv,BT_0019436,SME_005,missing_value,balance_after_transaction missing
ISSUE_001204,bank_transactions_raw.csv,BT_0006819,SME_004,missing_value,balance_after_transaction missing
ISSUE_001205,bank_transactions_raw.csv,BT_0009805,SME_004,missing_value,balance_after_transaction missing
ISSUE_001206,bank_transactions_raw.csv,BT_0010939,SME_004,missing_value,balance_after_transaction missing
ISSUE_001207,bank_transactions_raw.csv,BT_0012975,SME_004,missing_value,balance_after_transaction missing
ISSUE_001208,bank_transactions_raw.csv,BT_0006250,SME_004,missing_value,balance_after_transaction missing
ISSUE_001209,bank_transactions_raw.csv,BT_0014182,SME_004,missing_value,balance_after_transaction missing
ISSUE_001210,bank_transactions_raw.csv,BT_0014222,SME_004,missing_value,balance_after_transaction missing
ISSUE_001211,bank_transactions_raw.csv,BT_0018735,SME_004,missing_value,balance_after_transaction missing
ISSUE_001212,bank_transactions_raw.csv,BT_0001907,SME_001,missing_value,balance_after_transaction missing
ISSUE_001213,bank_transactions_raw.csv,BT_0005475,SME_004,missing_value,balance_after_transaction missing
ISSUE_001214,bank_transactions_raw.csv,BT_0012613,SME_004,missing_value,balance_after_transaction missing
ISSUE_001215,bank_transactions_raw.csv,BT_0003886,SME_001,missing_value,balance_after_transaction missing
ISSUE_001216,bank_transactions_raw.csv,BT_0014157,SME_004,missing_value,balance_after_transaction missing
ISSUE_001217,bank_transactions_raw.csv,BT_0011816,SME_004,missing_value,balance_after_transaction missing
ISSUE_001218,bank_transactions_raw.csv,BT_0019190,SME_004,missing_value,balance_after_transaction missing
ISSUE_001219,bank_transactions_raw.csv,BT_0009533,SME_004,missing_value,balance_after_transaction missing
ISSUE_001220,bank_transactions_raw.csv,BT_0009210,SME_004,missing_value,balance_after_transaction missing
ISSUE_001221,bank_transactions_raw.csv,BT_0005180,SME_004,missing_value,balance_after_transaction missing
ISSUE_001222,bank_transactions_raw.csv,BT_0016716,SME_004,missing_value,balance_after_transaction missing
ISSUE_001223,bank_transactions_raw.csv,BT_0002423,SME_001,missing_value,balance_after_transaction missing
ISSUE_001224,bank_transactions_raw.csv,BT_0017654,SME_004,missing_value,balance_after_transaction missing
ISSUE_001225,bank_transactions_raw.csv,BT_0006877,SME_004,missing_value,balance_after_transaction missing
ISSUE_001226,bank_transactions_raw.csv,BT_0010346,SME_004,missing_value,balance_after_transaction missing
ISSUE_001227,bank_transactions_raw.csv,BT_0001306,SME_001,missing_value,balance_after_transaction missing
ISSUE_001228,bank_transactions_raw.csv,BT_0012754,SME_004,missing_value,balance_after_transaction missing
ISSUE_001229,bank_transactions_raw.csv,BT_0019169,SME_004,missing_value,balance_after_transaction missing
ISSUE_001230,bank_transactions_raw.csv,BT_0011128,SME_004,missing_value,balance_after_transaction missing
ISSUE_001231,bank_transactions_raw.csv,BT_0016635,SME_004,missing_value,balance_after_transaction missing
ISSUE_001232,bank_transactions_raw.csv,BT_0004945,SME_004,missing_value,balance_after_transaction missing
ISSUE_001233,bank_transactions_raw.csv,BT_0007703,SME_004,missing_value,balance_after_transaction missing
ISSUE_001234,bank_transactions_raw.csv,BT_0002287,SME_001,missing_value,balance_after_transaction missing
ISSUE_001235,bank_transactions_raw.csv,BT_0015913,SME_004,missing_value,balance_after_transaction missing
ISSUE_001236,bank_transactions_raw.csv,BT_0011266,SME_004,missing_value,balance_after_transaction missing
ISSUE_001237,bank_transactions_raw.csv,BT_0002766,SME_001,missing_value,balance_after_transaction missing
ISSUE_001238,bank_transactions_raw.csv,BT_0009559,SME_004,missing_value,balance_after_transaction missing
ISSUE_001239,bank_transactions_raw.csv,BT_0011184,SME_004,missing_value,balance_after_transaction missing
ISSUE_001240,bank_transactions_raw.csv,BT_0003624,SME_001,missing_value,balance_after_transaction missing
ISSUE_001241,bank_transactions_raw.csv,BT_0013881,SME_004,missing_value,balance_after_transaction missing
ISSUE_001242,bank_transactions_raw.csv,BT_0006090,SME_004,missing_value,balance_after_transaction missing
ISSUE_001243,bank_transactions_raw.csv,BT_0008152,SME_004,missing_value,balance_after_transaction missing
ISSUE_001244,bank_transactions_raw.csv,BT_0003063,SME_001,missing_value,balance_after_transaction missing
ISSUE_001245,bank_transactions_raw.csv,BT_0018806,SME_004,missing_value,balance_after_transaction missing
ISSUE_001246,bank_transactions_raw.csv,BT_0013865,SME_004,missing_value,balance_after_transaction missing
ISSUE_001247,bank_transactions_raw.csv,BT_0019464,SME_005,missing_value,balance_after_transaction missing
ISSUE_001248,bank_transactions_raw.csv,BT_0001014,SME_001,missing_value,balance_after_transaction missing
ISSUE_001249,bank_transactions_raw.csv,BT_0010220,SME_004,missing_value,balance_after_transaction missing
ISSUE_001250,bank_transactions_raw.csv,BT_0002619,SME_001,missing_value,balance_after_transaction missing
ISSUE_001251,bank_transactions_raw.csv,BT_0000591,SME_001,missing_value,balance_after_transaction missing
ISSUE_001252,bank_transactions_raw.csv,BT_0005487,SME_004,missing_value,balance_after_transaction missing
ISSUE_001253,bank_transactions_raw.csv,BT_0006821,SME_004,missing_value,balance_after_transaction missing
ISSUE_001254,bank_transactions_raw.csv,BT_0019181,SME_004,missing_value,balance_after_transaction missing
ISSUE_001255,bank_transactions_raw.csv,BT_0019021,SME_004,missing_value,balance_after_transaction missing
ISSUE_001256,bank_transactions_raw.csv,BT_0000778,SME_001,missing_value,balance_after_transaction missing
ISSUE_001257,bank_transactions_raw.csv,BT_0008048,SME_004,missing_value,balance_after_transaction missing
ISSUE_001258,bank_transactions_raw.csv,BT_0015524,SME_004,missing_value,balance_after_transaction missing
ISSUE_001259,bank_transactions_raw.csv,BT_0004443,SME_001,missing_value,balance_after_transaction missing
ISSUE_001260,bank_transactions_raw.csv,BT_0015590,SME_004,missing_value,balance_after_transaction missing
ISSUE_001261,bank_transactions_raw.csv,BT_0008644,SME_004,missing_value,balance_after_transaction missing
ISSUE_001262,bank_transactions_raw.csv,BT_0015550,SME_004,missing_value,balance_after_transaction missing
ISSUE_001263,bank_transactions_raw.csv,BT_0004744,SME_004,missing_value,balance_after_transaction missing
ISSUE_001264,bank_transactions_raw.csv,BT_0014634,SME_004,missing_value,balance_after_transaction missing
ISSUE_001265,bank_transactions_raw.csv,BT_0015317,SME_004,missing_value,balance_after_transaction missing
ISSUE_001266,bank_transactions_raw.csv,BT_0008504,SME_004,missing_value,balance_after_transaction missing
ISSUE_001267,bank_transactions_raw.csv,BT_0010286,SME_004,missing_value,balance_after_transaction missing
ISSUE_001268,bank_transactions_raw.csv,BT_0010658,SME_004,missing_value,balance_after_transaction missing
ISSUE_001269,bank_transactions_raw.csv,BT_0002515,SME_001,missing_value,balance_after_transaction missing
ISSUE_001270,bank_transactions_raw.csv,BT_0008858,SME_004,missing_value,balance_after_transaction missing
ISSUE_001271,bank_transactions_raw.csv,BT_0003921,SME_001,missing_value,balance_after_transaction missing
ISSUE_001272,bank_transactions_raw.csv,BT_0012460,SME_004,missing_value,balance_after_transaction missing
ISSUE_001273,bank_transactions_raw.csv,BT_0003331,SME_001,missing_value,balance_after_transaction missing
ISSUE_001274,bank_transactions_raw.csv,BT_0012668,SME_004,missing_value,balance_after_transaction missing
ISSUE_001275,bank_transactions_raw.csv,BT_0004138,SME_001,missing_value,balance_after_transaction missing
ISSUE_001276,bank_transactions_raw.csv,BT_0007628,SME_004,missing_value,balance_after_transaction missing
ISSUE_001277,bank_transactions_raw.csv,BT_0003568,SME_001,missing_value,balance_after_transaction missing
ISSUE_001278,bank_transactions_raw.csv,BT_0000607,SME_001,missing_value,balance_after_transaction missing
ISSUE_001279,bank_transactions_raw.csv,BT_0017336,SME_004,missing_value,balance_after_transaction missing
ISSUE_001280,bank_transactions_raw.csv,BT_0004323,SME_001,missing_value,balance_after_transaction missing
ISSUE_001281,bank_transactions_raw.csv,BT_0008666,SME_004,missing_value,balance_after_transaction missing
ISSUE_001282,bank_transactions_raw.csv,BT_0014596,SME_004,missing_value,balance_after_transaction missing
ISSUE_001283,bank_transactions_raw.csv,BT_0011103,SME_004,missing_value,balance_after_transaction missing
ISSUE_001284,bank_transactions_raw.csv,BT_0009311,SME_004,missing_value,balance_after_transaction missing
ISSUE_001285,bank_transactions_raw.csv,BT_0016746,SME_004,missing_value,balance_after_transaction missing
ISSUE_001286,bank_transactions_raw.csv,BT_0010523,SME_004,missing_value,balance_after_transaction missing
ISSUE_001287,bank_transactions_raw.csv,BT_0018900,SME_004,missing_value,balance_after_transaction missing
ISSUE_001288,bank_transactions_raw.csv,BT_0000319,SME_001,missing_value,balance_after_transaction missing
ISSUE_001289,bank_transactions_raw.csv,BT_0009794,SME_004,missing_value,balance_after_transaction missing
ISSUE_001290,bank_transactions_raw.csv,BT_0000004,SME_001,missing_value,balance_after_transaction missing
ISSUE_001291,bank_transactions_raw.csv,BT_0000377,SME_001,missing_value,balance_after_transaction missing
ISSUE_001292,bank_transactions_raw.csv,BT_0017734,SME_004,missing_value,balance_after_transaction missing
ISSUE_001293,bank_transactions_raw.csv,BT_0014002,SME_004,missing_value,balance_after_transaction missing
ISSUE_001294,bank_transactions_raw.csv,BT_0003132,SME_001,missing_value,balance_after_transaction missing
ISSUE_001295,bank_transactions_raw.csv,BT_0000121,SME_001,missing_value,balance_after_transaction missing
ISSUE_001296,bank_transactions_raw.csv,BT_0017753,SME_004,missing_value,balance_after_transaction missing
ISSUE_001297,bank_transactions_raw.csv,BT_0012594,SME_004,missing_value,balance_after_transaction missing
ISSUE_001298,bank_transactions_raw.csv,BT_0017029,SME_004,missing_value,balance_after_transaction missing
ISSUE_001299,bank_transactions_raw.csv,BT_0011146,SME_004,missing_value,balance_after_transaction missing
ISSUE_001300,bank_transactions_raw.csv,BT_0008421,SME_004,missing_value,balance_after_transaction missing
ISSUE_001301,bank_transactions_raw.csv,BT_0016192,SME_004,missing_value,balance_after_transaction missing
ISSUE_001302,bank_transactions_raw.csv,BT_0006178,SME_004,missing_value,balance_after_transaction missing
ISSUE_001303,bank_transactions_raw.csv,BT_0016803,SME_004,missing_value,balance_after_transaction missing
ISSUE_001304,bank_transactions_raw.csv,BT_0001036,SME_001,missing_value,balance_after_transaction missing
ISSUE_001305,bank_transactions_raw.csv,BT_0016915,SME_004,missing_value,balance_after_transaction missing
ISSUE_001306,bank_transactions_raw.csv,BT_0019254,SME_004,missing_value,balance_after_transaction missing
ISSUE_001307,bank_transactions_raw.csv,BT_0014986,SME_004,missing_value,balance_after_transaction missing
ISSUE_001308,bank_transactions_raw.csv,BT_0018176,SME_004,missing_value,balance_after_transaction missing
ISSUE_001309,bank_transactions_raw.csv,BT_0015054,SME_004,missing_value,balance_after_transaction missing
ISSUE_001310,bank_transactions_raw.csv,BT_0000632,SME_001,missing_value,balance_after_transaction missing
ISSUE_001311,bank_transactions_raw.csv,BT_0007673,SME_004,missing_value,balance_after_transaction missing
ISSUE_001312,bank_transactions_raw.csv,BT_0004412,SME_001,missing_value,balance_after_transaction missing
ISSUE_001313,bank_transactions_raw.csv,BT_0000404,SME_001,missing_value,balance_after_transaction missing
ISSUE_001314,bank_transactions_raw.csv,BT_0000191,SME_001,missing_value,balance_after_transaction missing
ISSUE_001315,bank_transactions_raw.csv,BT_0012657,SME_004,missing_value,balance_after_transaction missing
ISSUE_001316,bank_transactions_raw.csv,BT_0002485,SME_001,missing_value,balance_after_transaction missing
ISSUE_001317,bank_transactions_raw.csv,BT_0003601,SME_001,missing_value,balance_after_transaction missing
ISSUE_001318,bank_transactions_raw.csv,BT_0010473,SME_004,missing_value,balance_after_transaction missing
ISSUE_001319,bank_transactions_raw.csv,BT_0011215,SME_004,missing_value,balance_after_transaction missing
ISSUE_001320,bank_transactions_raw.csv,BT_0006886,SME_004,missing_value,balance_after_transaction missing
ISSUE_001321,bank_transactions_raw.csv,BT_0010144,SME_004,missing_value,balance_after_transaction missing
ISSUE_001322,bank_transactions_raw.csv,BT_0017144,SME_004,missing_value,balance_after_transaction missing
ISSUE_001323,bank_transactions_raw.csv,BT_0010887,SME_004,missing_value,balance_after_transaction missing
ISSUE_001324,bank_transactions_raw.csv,BT_0011651,SME_004,missing_value,balance_after_transaction missing
ISSUE_001325,bank_transactions_raw.csv,BT_0000672,SME_001,missing_value,balance_after_transaction missing
ISSUE_001326,bank_transactions_raw.csv,BT_0006945,SME_004,missing_value,balance_after_transaction missing
ISSUE_001327,bank_transactions_raw.csv,BT_0008283,SME_004,missing_value,balance_after_transaction missing
ISSUE_001328,bank_transactions_raw.csv,BT_0003288,SME_001,missing_value,balance_after_transaction missing
ISSUE_001329,bank_transactions_raw.csv,BT_0000692,SME_001,missing_value,balance_after_transaction missing
ISSUE_001330,bank_transactions_raw.csv,BT_0001235,SME_001,missing_value,balance_after_transaction missing
ISSUE_001331,bank_transactions_raw.csv,BT_0012842,SME_004,missing_value,balance_after_transaction missing
ISSUE_001332,bank_transactions_raw.csv,BT_0015121,SME_004,missing_value,balance_after_transaction missing
ISSUE_001333,bank_transactions_raw.csv,BT_0001138,SME_001,missing_value,balance_after_transaction missing
ISSUE_001334,bank_transactions_raw.csv,BT_0012046,SME_004,missing_value,balance_after_transaction missing
ISSUE_001335,bank_transactions_raw.csv,BT_0003713,SME_001,missing_value,balance_after_transaction missing
ISSUE_001336,bank_transactions_raw.csv,BT_0002238,SME_001,missing_value,balance_after_transaction missing
ISSUE_001337,bank_transactions_raw.csv,BT_0013051,SME_004,missing_value,balance_after_transaction missing
ISSUE_001338,bank_transactions_raw.csv,BT_0017274,SME_004,missing_value,balance_after_transaction missing
ISSUE_001339,bank_transactions_raw.csv,BT_0003904,SME_001,missing_value,balance_after_transaction missing
ISSUE_001340,bank_transactions_raw.csv,BT_0005264,SME_004,missing_value,balance_after_transaction missing
ISSUE_001341,bank_transactions_raw.csv,BT_0009907,SME_004,missing_value,balance_after_transaction missing
ISSUE_001342,bank_transactions_raw.csv,BT_0009993,SME_004,missing_value,balance_after_transaction missing
ISSUE_001343,bank_transactions_raw.csv,BT_0000286,SME_001,missing_value,balance_after_transaction missing
ISSUE_001344,bank_transactions_raw.csv,BT_0003068,SME_001,missing_value,balance_after_transaction missing
ISSUE_001345,bank_transactions_raw.csv,BT_0001878,SME_001,missing_value,balance_after_transaction missing
ISSUE_001346,bank_transactions_raw.csv,BT_0014352,SME_004,missing_value,balance_after_transaction missing
ISSUE_001347,bank_transactions_raw.csv,BT_0015860,SME_004,missing_value,balance_after_transaction missing
ISSUE_001348,bank_transactions_raw.csv,BT_0011671,SME_004,missing_value,balance_after_transaction missing
ISSUE_001349,bank_transactions_raw.csv,BT_0009254,SME_004,missing_value,balance_after_transaction missing
ISSUE_001350,bank_transactions_raw.csv,BT_0005933,SME_004,missing_value,balance_after_transaction missing
ISSUE_001351,bank_transactions_raw.csv,BT_0013019,SME_004,missing_value,balance_after_transaction missing
ISSUE_001352,bank_transactions_raw.csv,BT_0012993,SME_004,missing_value,balance_after_transaction missing
ISSUE_001353,bank_transactions_raw.csv,BT_0003169,SME_001,missing_value,balance_after_transaction missing
ISSUE_001354,bank_transactions_raw.csv,BT_0003010,SME_001,missing_value,balance_after_transaction missing
ISSUE_001355,bank_transactions_raw.csv,BT_0007894,SME_004,missing_value,balance_after_transaction missing
ISSUE_001356,bank_transactions_raw.csv,BT_0011607,SME_004,missing_value,balance_after_transaction missing
ISSUE_001357,bank_transactions_raw.csv,BT_0004290,SME_001,missing_value,balance_after_transaction missing
ISSUE_001358,bank_transactions_raw.csv,BT_0013593,SME_004,missing_value,balance_after_transaction missing
ISSUE_001359,bank_transactions_raw.csv,BT_0002657,SME_001,missing_value,balance_after_transaction missing
ISSUE_001360,bank_transactions_raw.csv,BT_0005830,SME_004,missing_value,balance_after_transaction missing
ISSUE_001361,bank_transactions_raw.csv,BT_0015805,SME_004,missing_value,balance_after_transaction missing
ISSUE_001362,bank_transactions_raw.csv,BT_0002835,SME_001,missing_value,balance_after_transaction missing
ISSUE_001363,bank_transactions_raw.csv,BT_0005769,SME_004,missing_value,balance_after_transaction missing
ISSUE_001364,bank_transactions_raw.csv,BT_0010878,SME_004,missing_value,balance_after_transaction missing
ISSUE_001365,bank_transactions_raw.csv,BT_0004498,SME_002,missing_value,balance_after_transaction missing
ISSUE_001366,bank_transactions_raw.csv,BT_0011508,SME_004,missing_value,balance_after_transaction missing
ISSUE_001367,bank_transactions_raw.csv,BT_0017907,SME_004,missing_value,balance_after_transaction missing
ISSUE_001368,bank_transactions_raw.csv,BT_0008045,SME_004,missing_value,balance_after_transaction missing
ISSUE_001369,bank_transactions_raw.csv,BT_0011548,SME_004,missing_value,balance_after_transaction missing
ISSUE_001370,bank_transactions_raw.csv,BT_0013342,SME_004,missing_value,balance_after_transaction missing
ISSUE_001371,bank_transactions_raw.csv,BT_0000683,SME_001,missing_value,balance_after_transaction missing
ISSUE_001372,bank_transactions_raw.csv,BT_0005705,SME_004,missing_value,balance_after_transaction missing
ISSUE_001373,bank_transactions_raw.csv,BT_0012676,SME_004,missing_value,balance_after_transaction missing
ISSUE_001374,bank_transactions_raw.csv,BT_0009723,SME_004,missing_value,balance_after_transaction missing
ISSUE_001375,bank_transactions_raw.csv,BT_0005394,SME_004,missing_value,balance_after_transaction missing
ISSUE_001376,bank_transactions_raw.csv,BT_0017481,SME_004,missing_value,balance_after_transaction missing
ISSUE_001377,bank_transactions_raw.csv,BT_0013565,SME_004,missing_value,balance_after_transaction missing
ISSUE_001378,bank_transactions_raw.csv,BT_0008704,SME_004,missing_value,balance_after_transaction missing
ISSUE_001379,bank_transactions_raw.csv,BT_0012721,SME_004,missing_value,balance_after_transaction missing
ISSUE_001380,bank_transactions_raw.csv,BT_0015305,SME_004,missing_value,balance_after_transaction missing
ISSUE_001381,bank_transactions_raw.csv,BT_0010718,SME_004,missing_value,balance_after_transaction missing
ISSUE_001382,bank_transactions_raw.csv,BT_0010107,SME_004,missing_value,balance_after_transaction missing
ISSUE_001383,bank_transactions_raw.csv,BT_0017595,SME_004,missing_value,balance_after_transaction missing
ISSUE_001384,bank_transactions_raw.csv,BT_0012451,SME_004,missing_value,balance_after_transaction missing
ISSUE_001385,bank_transactions_raw.csv,BT_0019282,SME_004,missing_value,balance_after_transaction missing
ISSUE_001386,bank_transactions_raw.csv,BT_0003140,SME_001,missing_value,balance_after_transaction missing
ISSUE_001387,bank_transactions_raw.csv,BT_0014167,SME_004,missing_value,balance_after_transaction missing
ISSUE_001388,bank_transactions_raw.csv,BT_0003030,SME_001,missing_value,balance_after_transaction missing
ISSUE_001389,bank_transactions_raw.csv,BT_0019126,SME_004,missing_value,balance_after_transaction missing
ISSUE_001390,bank_transactions_raw.csv,BT_0002191,SME_001,missing_value,balance_after_transaction missing
ISSUE_001391,bank_transactions_raw.csv,BT_0014191,SME_004,missing_value,balance_after_transaction missing
ISSUE_001392,bank_transactions_raw.csv,BT_0018958,SME_004,missing_value,balance_after_transaction missing
ISSUE_001393,bank_transactions_raw.csv,BT_0009066,SME_004,missing_value,balance_after_transaction missing
ISSUE_001394,bank_transactions_raw.csv,BT_0005488,SME_004,missing_value,balance_after_transaction missing
ISSUE_001395,bank_transactions_raw.csv,BT_0018028,SME_004,missing_value,balance_after_transaction missing
ISSUE_001396,bank_transactions_raw.csv,BT_0005600,SME_004,missing_value,balance_after_transaction missing
ISSUE_001397,bank_transactions_raw.csv,BT_0014608,SME_004,missing_value,balance_after_transaction missing
ISSUE_001398,bank_transactions_raw.csv,BT_0015140,SME_004,missing_value,balance_after_transaction missing
ISSUE_001399,bank_transactions_raw.csv,BT_0015145,SME_004,missing_value,balance_after_transaction missing
ISSUE_001400,bank_transactions_raw.csv,BT_0008285,SME_004,missing_value,balance_after_transaction missing
ISSUE_001401,bank_transactions_raw.csv,BT_0000893,SME_001,missing_value,balance_after_transaction missing
ISSUE_001402,bank_transactions_raw.csv,BT_0004096,SME_001,missing_value,balance_after_transaction missing
ISSUE_001403,bank_transactions_raw.csv,BT_0006951,SME_004,missing_value,balance_after_transaction missing
ISSUE_001404,bank_transactions_raw.csv,BT_0005219,SME_004,missing_value,balance_after_transaction missing
ISSUE_001405,bank_transactions_raw.csv,BT_0018810,SME_004,missing_value,balance_after_transaction missing
ISSUE_001406,bank_transactions_raw.csv,BT_0010477,SME_004,missing_value,balance_after_transaction missing
ISSUE_001407,bank_transactions_raw.csv,BT_0016388,SME_004,missing_value,balance_after_transaction missing
ISSUE_001408,bank_transactions_raw.csv,BT_0012645,SME_004,missing_value,balance_after_transaction missing
ISSUE_001409,bank_transactions_raw.csv,BT_0013907,SME_004,missing_value,balance_after_transaction missing
ISSUE_001410,bank_transactions_raw.csv,BT_0015276,SME_004,missing_value,balance_after_transaction missing
ISSUE_001411,bank_transactions_raw.csv,BT_0012692,SME_004,missing_value,balance_after_transaction missing
ISSUE_001412,bank_transactions_raw.csv,BT_0004828,SME_004,missing_value,balance_after_transaction missing
ISSUE_001413,bank_transactions_raw.csv,BT_0009604,SME_004,missing_value,balance_after_transaction missing
ISSUE_001414,bank_transactions_raw.csv,BT_0008795,SME_004,missing_value,balance_after_transaction missing
ISSUE_001415,bank_transactions_raw.csv,BT_0002221,SME_001,missing_value,balance_after_transaction missing
ISSUE_001416,bank_transactions_raw.csv,BT_0001440,SME_001,missing_value,balance_after_transaction missing
ISSUE_001417,bank_transactions_raw.csv,BT_0013682,SME_004,missing_value,balance_after_transaction missing
ISSUE_001418,bank_transactions_raw.csv,BT_0001774,SME_001,missing_value,balance_after_transaction missing
ISSUE_001419,bank_transactions_raw.csv,BT_0003796,SME_001,missing_value,balance_after_transaction missing
ISSUE_001420,bank_transactions_raw.csv,BT_0009174,SME_004,missing_value,balance_after_transaction missing
ISSUE_001421,bank_transactions_raw.csv,BT_0009501,SME_004,missing_value,balance_after_transaction missing
ISSUE_001422,bank_transactions_raw.csv,BT_0013108,SME_004,missing_value,balance_after_transaction missing
ISSUE_001423,bank_transactions_raw.csv,BT_0006745,SME_004,missing_value,balance_after_transaction missing
ISSUE_001424,bank_transactions_raw.csv,BT_0016854,SME_004,missing_value,balance_after_transaction missing
ISSUE_001425,bank_transactions_raw.csv,BT_0013007,SME_004,missing_value,balance_after_transaction missing
ISSUE_001426,bank_transactions_raw.csv,BT_0004112,SME_001,missing_value,balance_after_transaction missing
ISSUE_001427,bank_transactions_raw.csv,BT_0011139,SME_004,missing_value,balance_after_transaction missing
ISSUE_001428,bank_transactions_raw.csv,BT_0006302,SME_004,missing_value,balance_after_transaction missing
ISSUE_001429,bank_transactions_raw.csv,BT_0011014,SME_004,missing_value,balance_after_transaction missing
ISSUE_001430,bank_transactions_raw.csv,BT_0014127,SME_004,missing_value,balance_after_transaction missing
ISSUE_001431,bank_transactions_raw.csv,BT_0008102,SME_004,missing_value,balance_after_transaction missing
ISSUE_001432,bank_transactions_raw.csv,BT_0004038,SME_001,missing_value,balance_after_transaction missing
ISSUE_001433,bank_transactions_raw.csv,BT_0004909,SME_004,missing_value,balance_after_transaction missing
ISSUE_001434,bank_transactions_raw.csv,BT_0007128,SME_004,missing_value,balance_after_transaction missing
ISSUE_001435,bank_transactions_raw.csv,BT_0004976,SME_004,missing_value,balance_after_transaction missing
ISSUE_001436,bank_transactions_raw.csv,BT_0016609,SME_004,missing_value,balance_after_transaction missing
ISSUE_001437,bank_transactions_raw.csv,BT_0014236,SME_004,missing_value,balance_after_transaction missing
ISSUE_001438,bank_transactions_raw.csv,BT_0003719,SME_001,missing_value,balance_after_transaction missing
ISSUE_001439,bank_transactions_raw.csv,BT_0001507,SME_001,missing_value,balance_after_transaction missing
ISSUE_001440,bank_transactions_raw.csv,BT_0015353,SME_004,missing_value,balance_after_transaction missing
ISSUE_001441,bank_transactions_raw.csv,BT_0005583,SME_004,missing_value,balance_after_transaction missing
ISSUE_001442,bank_transactions_raw.csv,BT_0002646,SME_001,missing_value,balance_after_transaction missing
ISSUE_001443,bank_transactions_raw.csv,BT_0010135,SME_004,missing_value,balance_after_transaction missing
ISSUE_001444,bank_transactions_raw.csv,BT_0010536,SME_004,missing_value,balance_after_transaction missing
ISSUE_001445,bank_transactions_raw.csv,BT_0013642,SME_004,missing_value,balance_after_transaction missing
ISSUE_001446,bank_transactions_raw.csv,BT_0018994,SME_004,missing_value,balance_after_transaction missing
ISSUE_001447,bank_transactions_raw.csv,BT_0012930,SME_004,missing_value,balance_after_transaction missing
ISSUE_001448,bank_transactions_raw.csv,BT_0009633,SME_004,missing_value,balance_after_transaction missing
ISSUE_001449,bank_transactions_raw.csv,BT_0012010,SME_004,missing_value,balance_after_transaction missing
ISSUE_001450,bank_transactions_raw.csv,BT_0014474,SME_004,missing_value,balance_after_transaction missing
ISSUE_001451,bank_transactions_raw.csv,BT_0015696,SME_004,missing_value,balance_after_transaction missing
ISSUE_001452,bank_transactions_raw.csv,BT_0002980,SME_001,missing_value,balance_after_transaction missing
ISSUE_001453,bank_transactions_raw.csv,BT_0018477,SME_004,missing_value,balance_after_transaction missing
ISSUE_001454,bank_transactions_raw.csv,BT_0004219,SME_001,missing_value,balance_after_transaction missing
ISSUE_001455,bank_transactions_raw.csv,BT_0001991,SME_001,missing_value,balance_after_transaction missing
ISSUE_001456,bank_transactions_raw.csv,BT_0001838,SME_001,missing_value,balance_after_transaction missing
ISSUE_001457,bank_transactions_raw.csv,BT_0015663,SME_004,missing_value,balance_after_transaction missing
ISSUE_001458,bank_transactions_raw.csv,BT_0011887,SME_004,missing_value,balance_after_transaction missing
ISSUE_001459,bank_transactions_raw.csv,BT_0017312,SME_004,missing_value,balance_after_transaction missing
ISSUE_001460,bank_transactions_raw.csv,BT_0004085,SME_001,missing_value,balance_after_transaction missing
ISSUE_001461,bank_transactions_raw.csv,BT_0006853,SME_004,missing_value,balance_after_transaction missing
ISSUE_001462,bank_transactions_raw.csv,BT_0018153,SME_004,missing_value,balance_after_transaction missing
ISSUE_001463,bank_transactions_raw.csv,BT_0005004,SME_004,missing_value,balance_after_transaction missing
ISSUE_001464,bank_transactions_raw.csv,BT_0008189,SME_004,missing_value,balance_after_transaction missing
ISSUE_001465,bank_transactions_raw.csv,BT_0012078,SME_004,missing_value,balance_after_transaction missing
ISSUE_001466,bank_transactions_raw.csv,BT_0008486,SME_004,missing_value,balance_after_transaction missing
ISSUE_001467,bank_transactions_raw.csv,BT_0000689,SME_001,missing_value,balance_after_transaction missing
ISSUE_001468,bank_transactions_raw.csv,BT_0009328,SME_004,missing_value,balance_after_transaction missing
ISSUE_001469,bank_transactions_raw.csv,BT_0008362,SME_004,missing_value,balance_after_transaction missing
ISSUE_001470,bank_transactions_raw.csv,BT_0016052,SME_004,missing_value,balance_after_transaction missing
ISSUE_001471,bank_transactions_raw.csv,BT_0016146,SME_004,missing_value,balance_after_transaction missing
ISSUE_001472,bank_transactions_raw.csv,BT_0007542,SME_004,missing_value,balance_after_transaction missing
ISSUE_001473,bank_transactions_raw.csv,BT_0011301,SME_004,missing_value,balance_after_transaction missing
ISSUE_001474,bank_transactions_raw.csv,BT_0000043,SME_001,missing_value,balance_after_transaction missing
ISSUE_001475,bank_transactions_raw.csv,BT_0018563,SME_004,missing_value,balance_after_transaction missing
ISSUE_001476,bank_transactions_raw.csv,BT_0014109,SME_004,missing_value,balance_after_transaction missing
ISSUE_001477,bank_transactions_raw.csv,BT_0005156,SME_004,missing_value,balance_after_transaction missing
ISSUE_001478,bank_transactions_raw.csv,BT_0018377,SME_004,missing_value,balance_after_transaction missing
ISSUE_001479,bank_transactions_raw.csv,BT_0012694,SME_004,missing_value,balance_after_transaction missing
ISSUE_001480,bank_transactions_raw.csv,BT_0006266,SME_004,missing_value,balance_after_transaction missing
ISSUE_001481,bank_transactions_raw.csv,BT_0010045,SME_004,missing_value,balance_after_transaction missing
ISSUE_001482,bank_transactions_raw.csv,BT_0003422,SME_001,missing_value,balance_after_transaction missing
ISSUE_001483,bank_transactions_raw.csv,BT_0011446,SME_004,missing_value,balance_after_transaction missing
ISSUE_001484,bank_transactions_raw.csv,BT_0016030,SME_004,missing_value,balance_after_transaction missing
ISSUE_001485,bank_transactions_raw.csv,BT_0016381,SME_004,missing_value,balance_after_transaction missing
ISSUE_001486,bank_transactions_raw.csv,BT_0019154,SME_004,missing_value,balance_after_transaction missing
ISSUE_001487,bank_transactions_raw.csv,BT_0014669,SME_004,missing_value,balance_after_transaction missing
ISSUE_001488,bank_transactions_raw.csv,BT_0019222,SME_004,missing_value,balance_after_transaction missing
ISSUE_001489,bank_transactions_raw.csv,BT_0009710,SME_004,missing_value,balance_after_transaction missing
ISSUE_001490,bank_transactions_raw.csv,BT_0001153,SME_001,missing_value,balance_after_transaction missing
ISSUE_001491,bank_transactions_raw.csv,BT_0012908,SME_004,missing_value,balance_after_transaction missing
ISSUE_001492,bank_transactions_raw.csv,BT_0009564,SME_004,missing_value,balance_after_transaction missing
ISSUE_001493,bank_transactions_raw.csv,BT_0017524,SME_004,missing_value,balance_after_transaction missing
ISSUE_001494,bank_transactions_raw.csv,BT_0017590,SME_004,missing_value,balance_after_transaction missing
ISSUE_001495,bank_transactions_raw.csv,BT_0014258,SME_004,missing_value,balance_after_transaction missing
ISSUE_001496,bank_transactions_raw.csv,BT_0010051,SME_004,missing_value,balance_after_transaction missing
ISSUE_001497,bank_transactions_raw.csv,BT_0003710,SME_001,missing_value,balance_after_transaction missing
ISSUE_001498,bank_transactions_raw.csv,BT_0011385,SME_004,missing_value,balance_after_transaction missing
ISSUE_001499,bank_transactions_raw.csv,BT_0015630,SME_004,missing_value,balance_after_transaction missing
ISSUE_001500,bank_transactions_raw.csv,BT_0018354,SME_004,missing_value,balance_after_transaction missing
ISSUE_001501,bank_transactions_raw.csv,BT_0003207,SME_001,missing_value,balance_after_transaction missing
ISSUE_001502,bank_transactions_raw.csv,BT_0001810,SME_001,missing_value,balance_after_transaction missing
ISSUE_001503,bank_transactions_raw.csv,BT_0001162,SME_001,missing_value,balance_after_transaction missing
ISSUE_001504,bank_transactions_raw.csv,BT_0004573,SME_003,missing_value,balance_after_transaction missing
ISSUE_001505,bank_transactions_raw.csv,BT_0005744,SME_004,missing_value,balance_after_transaction missing
ISSUE_001506,bank_transactions_raw.csv,BT_0011791,SME_004,missing_value,balance_after_transaction missing
ISSUE_001507,bank_transactions_raw.csv,BT_0006398,SME_004,missing_value,balance_after_transaction missing
ISSUE_001508,bank_transactions_raw.csv,BT_0014694,SME_004,missing_value,balance_after_transaction missing
ISSUE_001509,bank_transactions_raw.csv,BT_0015117,SME_004,missing_value,balance_after_transaction missing
ISSUE_001510,bank_transactions_raw.csv,BT_0009166,SME_004,missing_value,balance_after_transaction missing
ISSUE_001511,bank_transactions_raw.csv,BT_0018309,SME_004,missing_value,balance_after_transaction missing
ISSUE_001512,bank_transactions_raw.csv,BT_0001152,SME_001,missing_value,balance_after_transaction missing
ISSUE_001513,bank_transactions_raw.csv,BT_0010515,SME_004,missing_value,balance_after_transaction missing
ISSUE_001514,bank_transactions_raw.csv,BT_0010773,SME_004,missing_value,balance_after_transaction missing
ISSUE_001515,bank_transactions_raw.csv,BT_0006919,SME_004,missing_value,balance_after_transaction missing
ISSUE_001516,bank_transactions_raw.csv,BT_0003385,SME_001,missing_value,balance_after_transaction missing
ISSUE_001517,bank_transactions_raw.csv,BT_0009189,SME_004,missing_value,balance_after_transaction missing
ISSUE_001518,bank_transactions_raw.csv,BT_0008574,SME_004,missing_value,balance_after_transaction missing
ISSUE_001519,bank_transactions_raw.csv,BT_0005657,SME_004,missing_value,balance_after_transaction missing
ISSUE_001520,bank_transactions_raw.csv,BT_0010792,SME_004,missing_value,balance_after_transaction missing
ISSUE_001521,bank_transactions_raw.csv,BT_0018101,SME_004,missing_value,balance_after_transaction missing
ISSUE_001522,bank_transactions_raw.csv,BT_0008364,SME_004,missing_value,balance_after_transaction missing
ISSUE_001523,bank_transactions_raw.csv,BT_0017778,SME_004,missing_value,balance_after_transaction missing
ISSUE_001524,bank_transactions_raw.csv,BT_0006793,SME_004,missing_value,balance_after_transaction missing
ISSUE_001525,bank_transactions_raw.csv,BT_0003092,SME_001,missing_value,balance_after_transaction missing
ISSUE_001526,bank_transactions_raw.csv,BT_0001731,SME_001,missing_value,balance_after_transaction missing
ISSUE_001527,bank_transactions_raw.csv,BT_0003455,SME_001,missing_value,balance_after_transaction missing
ISSUE_001528,bank_transactions_raw.csv,BT_0001779,SME_001,missing_value,balance_after_transaction missing
ISSUE_001529,bank_transactions_raw.csv,BT_0015366,SME_004,missing_value,balance_after_transaction missing
ISSUE_001530,bank_transactions_raw.csv,BT_0005100,SME_004,missing_value,balance_after_transaction missing
ISSUE_001531,bank_transactions_raw.csv,BT_0009926,SME_004,missing_value,balance_after_transaction missing
ISSUE_001532,bank_transactions_raw.csv,BT_0005673,SME_004,missing_value,balance_after_transaction missing
ISSUE_001533,bank_transactions_raw.csv,BT_0018625,SME_004,missing_value,balance_after_transaction missing
ISSUE_001534,bank_transactions_raw.csv,BT_0002768,SME_001,missing_value,balance_after_transaction missing
ISSUE_001535,bank_transactions_raw.csv,BT_0010960,SME_004,missing_value,balance_after_transaction missing
ISSUE_001536,bank_transactions_raw.csv,BT_0013733,SME_004,missing_value,balance_after_transaction missing
ISSUE_001537,bank_transactions_raw.csv,BT_0018367,SME_004,missing_value,balance_after_transaction missing
ISSUE_001538,bank_transactions_raw.csv,BT_0012697,SME_004,missing_value,balance_after_transaction missing
ISSUE_001539,bank_transactions_raw.csv,BT_0018052,SME_004,missing_value,balance_after_transaction missing
ISSUE_001540,bank_transactions_raw.csv,BT_0017062,SME_004,missing_value,balance_after_transaction missing
ISSUE_001541,bank_transactions_raw.csv,BT_0009728,SME_004,missing_value,balance_after_transaction missing
ISSUE_001542,bank_transactions_raw.csv,BT_0014347,SME_004,missing_value,balance_after_transaction missing
ISSUE_001543,bank_transactions_raw.csv,BT_0007708,SME_004,missing_value,balance_after_transaction missing
ISSUE_001544,bank_transactions_raw.csv,BT_0013036,SME_004,missing_value,balance_after_transaction missing
ISSUE_001545,bank_transactions_raw.csv,BT_0018965,SME_004,missing_value,balance_after_transaction missing
ISSUE_001546,bank_transactions_raw.csv,BT_0016552,SME_004,missing_value,balance_after_transaction missing
ISSUE_001547,bank_transactions_raw.csv,BT_0012493,SME_004,missing_value,balance_after_transaction missing
ISSUE_001548,bank_transactions_raw.csv,BT_0009968,SME_004,missing_value,balance_after_transaction missing
ISSUE_001549,bank_transactions_raw.csv,BT_0003264,SME_001,missing_value,balance_after_transaction missing
ISSUE_001550,bank_transactions_raw.csv,BT_0001753,SME_001,missing_value,balance_after_transaction missing
ISSUE_001551,bank_transactions_raw.csv,BT_0000945,SME_001,missing_value,balance_after_transaction missing
ISSUE_001552,bank_transactions_raw.csv,BT_0003045,SME_001,missing_value,balance_after_transaction missing
ISSUE_001553,bank_transactions_raw.csv,BT_0014261,SME_004,missing_value,balance_after_transaction missing
ISSUE_001554,bank_transactions_raw.csv,BT_0003740,SME_001,missing_value,balance_after_transaction missing
ISSUE_001555,bank_transactions_raw.csv,BT_0014598,SME_004,missing_value,balance_after_transaction missing
ISSUE_001556,bank_transactions_raw.csv,BT_0006591,SME_004,missing_value,balance_after_transaction missing
ISSUE_001557,bank_transactions_raw.csv,BT_0010084,SME_004,missing_value,balance_after_transaction missing
ISSUE_001558,bank_transactions_raw.csv,BT_0010906,SME_004,missing_value,balance_after_transaction missing
ISSUE_001559,bank_transactions_raw.csv,BT_0016136,SME_004,missing_value,balance_after_transaction missing
ISSUE_001560,bank_transactions_raw.csv,BT_0000708,SME_001,missing_value,balance_after_transaction missing
ISSUE_001561,bank_transactions_raw.csv,BT_0012454,SME_004,missing_value,balance_after_transaction missing
ISSUE_001562,bank_transactions_raw.csv,BT_0008222,SME_004,missing_value,balance_after_transaction missing
ISSUE_001563,bank_transactions_raw.csv,BT_0000954,SME_001,missing_value,balance_after_transaction missing
ISSUE_001564,bank_transactions_raw.csv,BT_0018139,SME_004,missing_value,balance_after_transaction missing
ISSUE_001565,bank_transactions_raw.csv,BT_0009845,SME_004,missing_value,balance_after_transaction missing
ISSUE_001566,bank_transactions_raw.csv,BT_0000029,SME_001,missing_value,balance_after_transaction missing
ISSUE_001567,bank_transactions_raw.csv,BT_0016672,SME_004,missing_value,balance_after_transaction missing
ISSUE_001568,bank_transactions_raw.csv,BT_0011095,SME_004,missing_value,balance_after_transaction missing
ISSUE_001569,bank_transactions_raw.csv,BT_0011662,SME_004,missing_value,balance_after_transaction missing
ISSUE_001570,bank_transactions_raw.csv,BT_0013980,SME_004,missing_value,balance_after_transaction missing
ISSUE_001571,bank_transactions_raw.csv,BT_0008979,SME_004,missing_value,balance_after_transaction missing
ISSUE_001572,bank_transactions_raw.csv,BT_0015840,SME_004,missing_value,balance_after_transaction missing
ISSUE_001573,bank_transactions_raw.csv,BT_0007736,SME_004,missing_value,balance_after_transaction missing
ISSUE_001574,bank_transactions_raw.csv,BT_0008521,SME_004,missing_value,balance_after_transaction missing
ISSUE_001575,bank_transactions_raw.csv,BT_0012674,SME_004,missing_value,balance_after_transaction missing
ISSUE_001576,bank_transactions_raw.csv,BT_0007576,SME_004,missing_value,balance_after_transaction missing
ISSUE_001577,bank_transactions_raw.csv,BT_0005509,SME_004,missing_value,balance_after_transaction missing
ISSUE_001578,bank_transactions_raw.csv,BT_0005068,SME_004,missing_value,balance_after_transaction missing
ISSUE_001579,bank_transactions_raw.csv,BT_0010087,SME_004,missing_value,balance_after_transaction missing
ISSUE_001580,bank_transactions_raw.csv,BT_0016548,SME_004,missing_value,balance_after_transaction missing
ISSUE_001581,bank_transactions_raw.csv,BT_0016157,SME_004,missing_value,balance_after_transaction missing
ISSUE_001582,bank_transactions_raw.csv,BT_0016366,SME_004,missing_value,balance_after_transaction missing
ISSUE_001583,bank_transactions_raw.csv,BT_0007158,SME_004,missing_value,balance_after_transaction missing
ISSUE_001584,bank_transactions_raw.csv,BT_0011488,SME_004,missing_value,balance_after_transaction missing
ISSUE_001585,bank_transactions_raw.csv,BT_0004692,SME_004,missing_value,balance_after_transaction missing
ISSUE_001586,bank_transactions_raw.csv,BT_0008021,SME_004,missing_value,balance_after_transaction missing
ISSUE_001587,bank_transactions_raw.csv,BT_0007313,SME_004,missing_value,balance_after_transaction missing
ISSUE_001588,bank_transactions_raw.csv,BT_0018482,SME_004,missing_value,balance_after_transaction missing
ISSUE_001589,bank_transactions_raw.csv,BT_0016367,SME_004,missing_value,balance_after_transaction missing
ISSUE_001590,bank_transactions_raw.csv,BT_0017980,SME_004,missing_value,balance_after_transaction missing
ISSUE_001591,bank_transactions_raw.csv,BT_0010671,SME_004,missing_value,balance_after_transaction missing
ISSUE_001592,bank_transactions_raw.csv,BT_0005465,SME_004,missing_value,balance_after_transaction missing
ISSUE_001593,bank_transactions_raw.csv,BT_0000003,SME_001,missing_value,balance_after_transaction missing
ISSUE_001594,bank_transactions_raw.csv,BT_0019060,SME_004,missing_value,balance_after_transaction missing
ISSUE_001595,bank_transactions_raw.csv,BT_0002327,SME_001,missing_value,balance_after_transaction missing
ISSUE_001596,bank_transactions_raw.csv,BT_0002377,SME_001,missing_value,balance_after_transaction missing
ISSUE_001597,bank_transactions_raw.csv,BT_0002030,SME_001,missing_value,balance_after_transaction missing
ISSUE_001598,bank_transactions_raw.csv,BT_0011148,SME_004,missing_value,balance_after_transaction missing
ISSUE_001599,bank_transactions_raw.csv,BT_0016975,SME_004,missing_value,balance_after_transaction missing
ISSUE_001600,bank_transactions_raw.csv,BT_0009657,SME_004,missing_value,balance_after_transaction missing
ISSUE_001601,bank_transactions_raw.csv,BT_0009241,SME_004,missing_value,balance_after_transaction missing
ISSUE_001602,bank_transactions_raw.csv,BT_0015500,SME_004,missing_value,balance_after_transaction missing
ISSUE_001603,bank_transactions_raw.csv,BT_0008829,SME_004,missing_value,balance_after_transaction missing
ISSUE_001604,bank_transactions_raw.csv,BT_0013434,SME_004,missing_value,balance_after_transaction missing
ISSUE_001605,bank_transactions_raw.csv,BT_0006957,SME_004,missing_value,balance_after_transaction missing
ISSUE_001606,bank_transactions_raw.csv,BT_0011758,SME_004,missing_value,balance_after_transaction missing
ISSUE_001607,bank_transactions_raw.csv,BT_0009620,SME_004,missing_value,balance_after_transaction missing
ISSUE_001608,bank_transactions_raw.csv,BT_0013110,SME_004,missing_value,balance_after_transaction missing
ISSUE_001609,bank_transactions_raw.csv,BT_0006071,SME_004,missing_value,balance_after_transaction missing
ISSUE_001610,bank_transactions_raw.csv,BT_0018156,SME_004,missing_value,balance_after_transaction missing
ISSUE_001611,bank_transactions_raw.csv,BT_0019422,SME_005,missing_value,balance_after_transaction missing
ISSUE_001612,bank_transactions_raw.csv,BT_0008460,SME_004,missing_value,balance_after_transaction missing
ISSUE_001613,bank_transactions_raw.csv,BT_0004352,SME_001,missing_value,balance_after_transaction missing
ISSUE_001614,bank_transactions_raw.csv,BT_0006995,SME_004,missing_value,balance_after_transaction missing
ISSUE_001615,bank_transactions_raw.csv,BT_0010287,SME_004,missing_value,balance_after_transaction missing
ISSUE_001616,bank_transactions_raw.csv,BT_0013347,SME_004,missing_value,balance_after_transaction missing
ISSUE_001617,bank_transactions_raw.csv,BT_0008967,SME_004,missing_value,balance_after_transaction missing
ISSUE_001618,bank_transactions_raw.csv,BT_0007947,SME_004,missing_value,balance_after_transaction missing
ISSUE_001619,bank_transactions_raw.csv,BT_0015109,SME_004,missing_value,balance_after_transaction missing
ISSUE_001620,bank_transactions_raw.csv,BT_0002650,SME_001,missing_value,balance_after_transaction missing
ISSUE_001621,bank_transactions_raw.csv,BT_0010270,SME_004,missing_value,balance_after_transaction missing
ISSUE_001622,bank_transactions_raw.csv,BT_0017186,SME_004,missing_value,balance_after_transaction missing
ISSUE_001623,bank_transactions_raw.csv,BT_0001691,SME_001,missing_value,balance_after_transaction missing
ISSUE_001624,bank_transactions_raw.csv,BT_0003919,SME_001,missing_value,balance_after_transaction missing
ISSUE_001625,bank_transactions_raw.csv,BT_0004858,SME_004,missing_value,balance_after_transaction missing
ISSUE_001626,bank_transactions_raw.csv,BT_0013133,SME_004,missing_value,balance_after_transaction missing
ISSUE_001627,bank_transactions_raw.csv,BT_0012867,SME_004,missing_value,balance_after_transaction missing
ISSUE_001628,bank_transactions_raw.csv,BT_0005314,SME_004,missing_value,balance_after_transaction missing
ISSUE_001629,bank_transactions_raw.csv,BT_0004494,SME_002,missing_value,balance_after_transaction missing
ISSUE_001630,bank_transactions_raw.csv,BT_0004265,SME_001,missing_value,balance_after_transaction missing
ISSUE_001631,bank_transactions_raw.csv,BT_0013968,SME_004,missing_value,balance_after_transaction missing
ISSUE_001632,bank_transactions_raw.csv,BT_0019288,SME_004,missing_value,balance_after_transaction missing
ISSUE_001633,bank_transactions_raw.csv,BT_0010437,SME_004,missing_value,balance_after_transaction missing
ISSUE_001634,bank_transactions_raw.csv,BT_0006320,SME_004,missing_value,balance_after_transaction missing
ISSUE_001635,bank_transactions_raw.csv,BT_0017315,SME_004,missing_value,balance_after_transaction missing
ISSUE_001636,bank_transactions_raw.csv,BT_0017678,SME_004,missing_value,balance_after_transaction missing
ISSUE_001637,bank_transactions_raw.csv,BT_0009661,SME_004,missing_value,balance_after_transaction missing
ISSUE_001638,bank_transactions_raw.csv,BT_0009570,SME_004,missing_value,balance_after_transaction missing
ISSUE_001639,bank_transactions_raw.csv,BT_0015569,SME_004,missing_value,balance_after_transaction missing
ISSUE_001640,bank_transactions_raw.csv,BT_0001638,SME_001,missing_value,balance_after_transaction missing
ISSUE_001641,bank_transactions_raw.csv,BT_0005345,SME_004,missing_value,balance_after_transaction missing
ISSUE_001642,bank_transactions_raw.csv,BT_0001142,SME_001,missing_value,balance_after_transaction missing
ISSUE_001643,bank_transactions_raw.csv,BT_0008520,SME_004,missing_value,balance_after_transaction missing
ISSUE_001644,bank_transactions_raw.csv,BT_0009687,SME_004,missing_value,balance_after_transaction missing
ISSUE_001645,bank_transactions_raw.csv,BT_0017340,SME_004,missing_value,balance_after_transaction missing
ISSUE_001646,bank_transactions_raw.csv,BT_0001042,SME_001,missing_value,balance_after_transaction missing
ISSUE_001647,bank_transactions_raw.csv,BT_0005739,SME_004,missing_value,balance_after_transaction missing
ISSUE_001648,bank_transactions_raw.csv,BT_0008799,SME_004,missing_value,balance_after_transaction missing
ISSUE_001649,bank_transactions_raw.csv,BT_0015548,SME_004,missing_value,balance_after_transaction missing
ISSUE_001650,bank_transactions_raw.csv,BT_0009134,SME_004,missing_value,balance_after_transaction missing
ISSUE_001651,bank_transactions_raw.csv,BT_0007366,SME_004,missing_value,balance_after_transaction missing
ISSUE_001652,bank_transactions_raw.csv,BT_0014529,SME_004,missing_value,balance_after_transaction missing
ISSUE_001653,bank_transactions_raw.csv,BT_0019153,SME_004,missing_value,balance_after_transaction missing
ISSUE_001654,bank_transactions_raw.csv,BT_0000712,SME_001,missing_value,balance_after_transaction missing
ISSUE_001655,bank_transactions_raw.csv,BT_0005756,SME_004,missing_value,balance_after_transaction missing
ISSUE_001656,bank_transactions_raw.csv,BT_0010576,SME_004,missing_value,balance_after_transaction missing
ISSUE_001657,bank_transactions_raw.csv,BT_0011104,SME_004,missing_value,balance_after_transaction missing
ISSUE_001658,bank_transactions_raw.csv,BT_0013894,SME_004,missing_value,balance_after_transaction missing
ISSUE_001659,bank_transactions_raw.csv,BT_0004630,SME_003,missing_value,balance_after_transaction missing
ISSUE_001660,bank_transactions_raw.csv,BT_0002794,SME_001,missing_value,balance_after_transaction missing
ISSUE_001661,bank_transactions_raw.csv,BT_0008881,SME_004,missing_value,balance_after_transaction missing
ISSUE_001662,bank_transactions_raw.csv,BT_0001649,SME_001,missing_value,balance_after_transaction missing
ISSUE_001663,bank_transactions_raw.csv,BT_0012422,SME_004,missing_value,balance_after_transaction missing
ISSUE_001664,bank_transactions_raw.csv,BT_0014266,SME_004,missing_value,balance_after_transaction missing
ISSUE_001665,bank_transactions_raw.csv,BT_0008120,SME_004,missing_value,balance_after_transaction missing
ISSUE_001666,bank_transactions_raw.csv,BT_0019112,SME_004,missing_value,balance_after_transaction missing
ISSUE_001667,bank_transactions_raw.csv,BT_0009045,SME_004,missing_value,balance_after_transaction missing
ISSUE_001668,bank_transactions_raw.csv,BT_0013264,SME_004,missing_value,balance_after_transaction missing
ISSUE_001669,bank_transactions_raw.csv,BT_0005966,SME_004,missing_value,balance_after_transaction missing
ISSUE_001670,bank_transactions_raw.csv,BT_0007451,SME_004,missing_value,balance_after_transaction missing
ISSUE_001671,bank_transactions_raw.csv,BT_0011888,SME_004,missing_value,balance_after_transaction missing
ISSUE_001672,bank_transactions_raw.csv,BT_0007665,SME_004,missing_value,balance_after_transaction missing
ISSUE_001673,bank_transactions_raw.csv,BT_0003739,SME_001,missing_value,balance_after_transaction missing
ISSUE_001674,bank_transactions_raw.csv,BT_0015364,SME_004,missing_value,balance_after_transaction missing
ISSUE_001675,bank_transactions_raw.csv,BT_0012673,SME_004,missing_value,balance_after_transaction missing
ISSUE_001676,bank_transactions_raw.csv,BT_0007363,SME_004,missing_value,balance_after_transaction missing
ISSUE_001677,bank_transactions_raw.csv,BT_0016462,SME_004,missing_value,balance_after_transaction missing
ISSUE_001678,bank_transactions_raw.csv,BT_0012411,SME_004,missing_value,balance_after_transaction missing
ISSUE_001679,bank_transactions_raw.csv,BT_0000837,SME_001,missing_value,balance_after_transaction missing
ISSUE_001680,bank_transactions_raw.csv,BT_0005439,SME_004,missing_value,balance_after_transaction missing
ISSUE_001681,bank_transactions_raw.csv,BT_0018327,SME_004,missing_value,balance_after_transaction missing
ISSUE_001682,bank_transactions_raw.csv,BT_0016896,SME_004,missing_value,balance_after_transaction missing
ISSUE_001683,bank_transactions_raw.csv,BT_0004460,SME_001,missing_value,balance_after_transaction missing
ISSUE_001684,bank_transactions_raw.csv,BT_0019400,SME_005,missing_value,balance_after_transaction missing
ISSUE_001685,bank_transactions_raw.csv,BT_0011645,SME_004,missing_value,balance_after_transaction missing
ISSUE_001686,bank_transactions_raw.csv,BT_0010062,SME_004,missing_value,balance_after_transaction missing
ISSUE_001687,bank_transactions_raw.csv,BT_0008571,SME_004,missing_value,balance_after_transaction missing
ISSUE_001688,bank_transactions_raw.csv,BT_0018080,SME_004,missing_value,balance_after_transaction missing
ISSUE_001689,bank_transactions_raw.csv,BT_0004599,SME_003,missing_value,balance_after_transaction missing
ISSUE_001690,bank_transactions_raw.csv,BT_0014749,SME_004,missing_value,balance_after_transaction missing
ISSUE_001691,bank_transactions_raw.csv,BT_0001117,SME_001,missing_value,balance_after_transaction missing
ISSUE_001692,bank_transactions_raw.csv,BT_0011896,SME_004,missing_value,balance_after_transaction missing
ISSUE_001693,bank_transactions_raw.csv,BT_0000825,SME_001,missing_value,balance_after_transaction missing
ISSUE_001694,bank_transactions_raw.csv,BT_0006070,SME_004,missing_value,balance_after_transaction missing
ISSUE_001695,bank_transactions_raw.csv,BT_0014733,SME_004,missing_value,balance_after_transaction missing
ISSUE_001696,bank_transactions_raw.csv,BT_0010077,SME_004,missing_value,balance_after_transaction missing
ISSUE_001697,bank_transactions_raw.csv,BT_0001209,SME_001,missing_value,balance_after_transaction missing
ISSUE_001698,bank_transactions_raw.csv,BT_0007532,SME_004,missing_value,balance_after_transaction missing
ISSUE_001699,bank_transactions_raw.csv,BT_0014646,SME_004,missing_value,balance_after_transaction missing
ISSUE_001700,bank_transactions_raw.csv,BT_0017939,SME_004,missing_value,balance_after_transaction missing
ISSUE_001701,bank_transactions_raw.csv,BT_0002110,SME_001,missing_value,balance_after_transaction missing
ISSUE_001702,bank_transactions_raw.csv,BT_0012480,SME_004,missing_value,balance_after_transaction missing
ISSUE_001703,bank_transactions_raw.csv,BT_0017271,SME_004,missing_value,balance_after_transaction missing
ISSUE_001704,bank_transactions_raw.csv,BT_0016228,SME_004,missing_value,balance_after_transaction missing
ISSUE_001705,bank_transactions_raw.csv,BT_0019444,SME_005,missing_value,balance_after_transaction missing
ISSUE_001706,bank_transactions_raw.csv,BT_0005209,SME_004,missing_value,balance_after_transaction missing
ISSUE_001707,bank_transactions_raw.csv,BT_0001553,SME_001,missing_value,balance_after_transaction missing
ISSUE_001708,bank_transactions_raw.csv,BT_0004863,SME_004,missing_value,balance_after_transaction missing
ISSUE_001709,bank_transactions_raw.csv,BT_0013244,SME_004,missing_value,balance_after_transaction missing
ISSUE_001710,bank_transactions_raw.csv,BT_0007723,SME_004,missing_value,balance_after_transaction missing
ISSUE_001711,bank_transactions_raw.csv,BT_0010272,SME_004,missing_value,balance_after_transaction missing
ISSUE_001712,bank_transactions_raw.csv,BT_0009127,SME_004,missing_value,balance_after_transaction missing
ISSUE_001713,bank_transactions_raw.csv,BT_0018246,SME_004,missing_value,balance_after_transaction missing
ISSUE_001714,bank_transactions_raw.csv,BT_0014722,SME_004,missing_value,balance_after_transaction missing
ISSUE_001715,bank_transactions_raw.csv,BT_0016703,SME_004,missing_value,balance_after_transaction missing
ISSUE_001716,bank_transactions_raw.csv,BT_0009629,SME_004,missing_value,balance_after_transaction missing
ISSUE_001717,bank_transactions_raw.csv,BT_0013496,SME_004,missing_value,balance_after_transaction missing
ISSUE_001718,bank_transactions_raw.csv,BT_0015871,SME_004,missing_value,balance_after_transaction missing
ISSUE_001719,bank_transactions_raw.csv,BT_0014438,SME_004,missing_value,balance_after_transaction missing
ISSUE_001720,bank_transactions_raw.csv,BT_0015859,SME_004,missing_value,balance_after_transaction missing
ISSUE_001721,bank_transactions_raw.csv,BT_0001054,SME_001,missing_value,balance_after_transaction missing
ISSUE_001722,bank_transactions_raw.csv,BT_0002114,SME_001,missing_value,balance_after_transaction missing
ISSUE_001723,bank_transactions_raw.csv,BT_0009861,SME_004,missing_value,balance_after_transaction missing
ISSUE_001724,bank_transactions_raw.csv,BT_0005324,SME_004,missing_value,balance_after_transaction missing
ISSUE_001725,bank_transactions_raw.csv,BT_0012580,SME_004,missing_value,balance_after_transaction missing
ISSUE_001726,bank_transactions_raw.csv,BT_0011197,SME_004,missing_value,balance_after_transaction missing
ISSUE_001727,bank_transactions_raw.csv,BT_0006457,SME_004,missing_value,balance_after_transaction missing
ISSUE_001728,bank_transactions_raw.csv,BT_0015461,SME_004,missing_value,balance_after_transaction missing
ISSUE_001729,bank_transactions_raw.csv,BT_0016100,SME_004,missing_value,balance_after_transaction missing
ISSUE_001730,bank_transactions_raw.csv,BT_0003627,SME_001,missing_value,balance_after_transaction missing
ISSUE_001731,bank_transactions_raw.csv,BT_0011598,SME_004,missing_value,balance_after_transaction missing
ISSUE_001732,bank_transactions_raw.csv,BT_0002009,SME_001,missing_value,balance_after_transaction missing
ISSUE_001733,bank_transactions_raw.csv,BT_0004847,SME_004,missing_value,balance_after_transaction missing
ISSUE_001734,bank_transactions_raw.csv,BT_0010540,SME_004,missing_value,balance_after_transaction missing
ISSUE_001735,bank_transactions_raw.csv,BT_0000827,SME_001,missing_value,balance_after_transaction missing
ISSUE_001736,bank_transactions_raw.csv,BT_0005123,SME_004,missing_value,balance_after_transaction missing
ISSUE_001737,bank_transactions_raw.csv,BT_0001538,SME_001,missing_value,balance_after_transaction missing
ISSUE_001738,bank_transactions_raw.csv,BT_0007027,SME_004,missing_value,balance_after_transaction missing
ISSUE_001739,bank_transactions_raw.csv,BT_0003636,SME_001,missing_value,balance_after_transaction missing
ISSUE_001740,bank_transactions_raw.csv,BT_0015864,SME_004,missing_value,balance_after_transaction missing
ISSUE_001741,bank_transactions_raw.csv,BT_0000068,SME_001,missing_value,balance_after_transaction missing
ISSUE_001742,bank_transactions_raw.csv,BT_0008806,SME_004,missing_value,balance_after_transaction missing
ISSUE_001743,bank_transactions_raw.csv,BT_0009844,SME_004,missing_value,balance_after_transaction missing
ISSUE_001744,bank_transactions_raw.csv,BT_0014618,SME_004,missing_value,balance_after_transaction missing
ISSUE_001745,bank_transactions_raw.csv,BT_0008323,SME_004,missing_value,balance_after_transaction missing
ISSUE_001746,bank_transactions_raw.csv,BT_0004510,SME_002,sign_inconsistency,Debit incorrectly recorded under credit_amount for Standard Bank export
ISSUE_001747,bank_transactions_raw.csv,BT_0010534_DUP,SME_004,duplicate,Duplicate import of BT_0010534
ISSUE_001748,bank_transactions_raw.csv,BT_0000121_DUP,SME_001,duplicate,Duplicate import of BT_0000121
ISSUE_001749,bank_transactions_raw.csv,BT_0009882_DUP,SME_004,duplicate,Duplicate import of BT_0009882
ISSUE_001750,bank_transactions_raw.csv,BT_0002909_DUP,SME_001,duplicate,Duplicate import of BT_0002909
ISSUE_001751,bank_transactions_raw.csv,BT_0008209_DUP,SME_004,duplicate,Duplicate import of BT_0008209
ISSUE_001752,bank_transactions_raw.csv,BT_0003870_DUP,SME_001,duplicate,Duplicate import of BT_0003870
ISSUE_001753,bank_transactions_raw.csv,BT_0013315_DUP,SME_004,duplicate,Duplicate import of BT_0013315
ISSUE_001754,bank_transactions_raw.csv,BT_0016391_DUP,SME_004,duplicate,Duplicate import of BT_0016391
ISSUE_001755,bank_transactions_raw.csv,BT_0002385_DUP,SME_001,duplicate,Duplicate import of BT_0002385
ISSUE_001756,bank_transactions_raw.csv,BT_0016645_DUP,SME_004,duplicate,Duplicate import of BT_0016645
ISSUE_001757,bank_transactions_raw.csv,BT_0012340_DUP,SME_004,duplicate,Duplicate import of BT_0012340
ISSUE_001758,bank_transactions_raw.csv,BT_0004183_DUP,SME_001,duplicate,Duplicate import of BT_0004183
ISSUE_001759,bank_transactions_raw.csv,BT_0003386_DUP,SME_001,duplicate,Duplicate import of BT_0003386
ISSUE_001760,bank_transactions_raw.csv,BT_0009021_DUP,SME_004,duplicate,Duplicate import of BT_0009021
ISSUE_001761,bank_transactions_raw.csv,BT_0013485_DUP,SME_004,duplicate,Duplicate import of BT_0013485
ISSUE_001762,bank_transactions_raw.csv,BT_0013168_DUP,SME_004,duplicate,Duplicate import of BT_0013168
ISSUE_001763,bank_transactions_raw.csv,BT_0010021_DUP,SME_004,duplicate,Duplicate import of BT_0010021
ISSUE_001764,bank_transactions_raw.csv,BT_0000223_DUP,SME_001,duplicate,Duplicate import of BT_0000223
ISSUE_001765,bank_transactions_raw.csv,BT_0015628_DUP,SME_004,duplicate,Duplicate import of BT_0015628
ISSUE_001766,bank_transactions_raw.csv,BT_0005893_DUP,SME_004,duplicate,Duplicate import of BT_0005893
ISSUE_001767,bank_transactions_raw.csv,BT_0000714_DUP,SME_001,duplicate,Duplicate import of BT_0000714
ISSUE_001768,bank_transactions_raw.csv,BT_0014797_DUP,SME_004,duplicate,Duplicate import of BT_0014797
ISSUE_001769,bank_transactions_raw.csv,BT_0011477_DUP,SME_004,duplicate,Duplicate import of BT_0011477
ISSUE_001770,bank_transactions_raw.csv,BT_0016393_DUP,SME_004,duplicate,Duplicate import of BT_0016393
ISSUE_001771,bank_transactions_raw.csv,BT_0002257_DUP,SME_001,duplicate,Duplicate import of BT_0002257
ISSUE_001772,bank_transactions_raw.csv,BT_0014842_DUP,SME_004,duplicate,Duplicate import of BT_0014842
ISSUE_001773,bank_transactions_raw.csv,BT_0001027_DUP,SME_001,duplicate,Duplicate import of BT_0001027
ISSUE_001774,bank_transactions_raw.csv,BT_0015500_DUP,SME_004,duplicate,Duplicate import of BT_0015500
ISSUE_001775,bank_transactions_raw.csv,BT_0006736_DUP,SME_004,duplicate,Duplicate import of BT_0006736
ISSUE_001776,bank_transactions_raw.csv,BT_0000798_DUP,SME_001,duplicate,Duplicate import of BT_0000798
ISSUE_001777,bank_transactions_raw.csv,BT_0007315_DUP,SME_004,duplicate,Duplicate import of BT_0007315
ISSUE_001778,bank_transactions_raw.csv,BT_0011093_DUP,SME_004,duplicate,Duplicate import of BT_0011093
ISSUE_001779,bank_transactions_raw.csv,BT_0004981_DUP,SME_004,duplicate,Duplicate import of BT_0004981
ISSUE_001780,bank_transactions_raw.csv,BT_0019005_DUP,SME_004,duplicate,Duplicate import of BT_0019005
ISSUE_001781,bank_transactions_raw.csv,BT_0009175_DUP,SME_004,duplicate,Duplicate import of BT_0009175
ISSUE_001782,bank_transactions_raw.csv,BT_0019159_DUP,SME_004,duplicate,Duplicate import of BT_0019159
ISSUE_001783,bank_transactions_raw.csv,BT_0004097_DUP,SME_001,duplicate,Duplicate import of BT_0004097
ISSUE_001784,bank_transactions_raw.csv,BT_0000955_DUP,SME_001,duplicate,Duplicate import of BT_0000955
ISSUE_001785,bank_transactions_raw.csv,BT_0011949_DUP,SME_004,duplicate,Duplicate import of BT_0011949
ISSUE_001786,bank_transactions_raw.csv,BT_0011641_DUP,SME_004,duplicate,Duplicate import of BT_0011641
ISSUE_001787,bank_transactions_raw.csv,BT_0004394_DUP,SME_001,duplicate,Duplicate import of BT_0004394
ISSUE_001788,bank_transactions_raw.csv,BT_0018970_DUP,SME_004,duplicate,Duplicate import of BT_0018970
ISSUE_001789,bank_transactions_raw.csv,BT_0011257_DUP,SME_004,duplicate,Duplicate import of BT_0011257
ISSUE_001790,bank_transactions_raw.csv,BT_0004392_DUP,SME_001,duplicate,Duplicate import of BT_0004392
ISSUE_001791,bank_transactions_raw.csv,BT_0009569_DUP,SME_004,duplicate,Duplicate import of BT_0009569
ISSUE_001792,bank_transactions_raw.csv,BT_0014429_DUP,SME_004,duplicate,Duplicate import of BT_0014429
ISSUE_001793,bank_transactions_raw.csv,BT_0009404_DUP,SME_004,duplicate,Duplicate import of BT_0009404
ISSUE_001794,bank_transactions_raw.csv,BT_0019291_DUP,SME_004,duplicate,Duplicate import of BT_0019291
ISSUE_001795,bank_transactions_raw.csv,BT_0001892_DUP,SME_001,duplicate,Duplicate import of BT_0001892
ISSUE_001796,bank_transactions_raw.csv,BT_0003329_DUP,SME_001,duplicate,Duplicate import of BT_0003329
ISSUE_001797,bank_transactions_raw.csv,BT_0013393_DUP,SME_004,duplicate,Duplicate import of BT_0013393
ISSUE_001798,bank_transactions_raw.csv,BT_0004265_DUP,SME_001,duplicate,Duplicate import of BT_0004265
ISSUE_001799,bank_transactions_raw.csv,BT_0019436_DUP,SME_005,duplicate,Duplicate import of BT_0019436
ISSUE_001800,bank_transactions_raw.csv,BT_0016201_DUP,SME_004,duplicate,Duplicate import of BT_0016201
ISSUE_001801,bank_transactions_raw.csv,BT_0001284_DUP,SME_001,duplicate,Duplicate import of BT_0001284
ISSUE_001802,bank_transactions_raw.csv,BT_0018631_DUP,SME_004,duplicate,Duplicate import of BT_0018631
ISSUE_001803,bank_transactions_raw.csv,BT_0010883_DUP,SME_004,duplicate,Duplicate import of BT_0010883
ISSUE_001804,bank_transactions_raw.csv,BT_0015431_DUP,SME_004,duplicate,Duplicate import of BT_0015431
ISSUE_001805,bank_transactions_raw.csv,BT_0017368_DUP,SME_004,duplicate,Duplicate import of BT_0017368
ISSUE_001806,bank_transactions_raw.csv,BT_0018487_DUP,SME_004,duplicate,Duplicate import of BT_0018487
ISSUE_001807,bank_transactions_raw.csv,BT_0008078_DUP,SME_004,duplicate,Duplicate import of BT_0008078
ISSUE_001808,bank_transactions_raw.csv,BT_0014553_DUP,SME_004,duplicate,Duplicate import of BT_0014553
ISSUE_001809,bank_transactions_raw.csv,BT_0001440_DUP,SME_001,duplicate,Duplicate import of BT_0001440
ISSUE_001810,bank_transactions_raw.csv,BT_0002154_DUP,SME_001,duplicate,Duplicate import of BT_0002154
ISSUE_001811,bank_transactions_raw.csv,BT_0007667_DUP,SME_004,duplicate,Duplicate import of BT_0007667
ISSUE_001812,bank_transactions_raw.csv,BT_0011868_DUP,SME_004,duplicate,Duplicate import of BT_0011868
ISSUE_001813,bank_transactions_raw.csv,BT_0016804_DUP,SME_004,duplicate,Duplicate import of BT_0016804
ISSUE_001814,bank_transactions_raw.csv,BT_0008420_DUP,SME_004,duplicate,Duplicate import of BT_0008420
ISSUE_001815,bank_transactions_raw.csv,BT_0000040_DUP,SME_001,duplicate,Duplicate import of BT_0000040
ISSUE_001816,bank_transactions_raw.csv,BT_0019206_DUP,SME_004,duplicate,Duplicate import of BT_0019206
ISSUE_001817,bank_transactions_raw.csv,BT_0000563_DUP,SME_001,duplicate,Duplicate import of BT_0000563
ISSUE_001818,bank_transactions_raw.csv,BT_0019246_DUP,SME_004,duplicate,Duplicate import of BT_0019246
ISSUE_001819,bank_transactions_raw.csv,BT_0000740_DUP,SME_001,duplicate,Duplicate import of BT_0000740
ISSUE_001820,bank_transactions_raw.csv,BT_0017544_DUP,SME_004,duplicate,Duplicate import of BT_0017544
ISSUE_001821,bank_transactions_raw.csv,BT_0006168_DUP,SME_004,duplicate,Duplicate import of BT_0006168
ISSUE_001822,bank_transactions_raw.csv,BT_0000728_DUP,SME_001,duplicate,Duplicate import of BT_0000728
ISSUE_001823,bank_transactions_raw.csv,BT_0004244_DUP,SME_001,duplicate,Duplicate import of BT_0004244
ISSUE_001824,bank_transactions_raw.csv,BT_0018006_DUP,SME_004,duplicate,Duplicate import of BT_0018006
ISSUE_001825,bank_transactions_raw.csv,BT_0002222_DUP,SME_001,duplicate,Duplicate import of BT_0002222
ISSUE_001826,bank_transactions_raw.csv,BT_0001998_DUP,SME_001,duplicate,Duplicate import of BT_0001998
ISSUE_001827,bank_transactions_raw.csv,BT_0005394_DUP,SME_004,duplicate,Duplicate import of BT_0005394
ISSUE_001828,bank_transactions_raw.csv,BT_0010269_DUP,SME_004,duplicate,Duplicate import of BT_0010269
ISSUE_001829,bank_transactions_raw.csv,BT_0010374_DUP,SME_004,duplicate,Duplicate import of BT_0010374
ISSUE_001830,bank_transactions_raw.csv,BT_0018383_DUP,SME_004,duplicate,Duplicate import of BT_0018383
ISSUE_001831,bank_transactions_raw.csv,BT_0006666_DUP,SME_004,duplicate,Duplicate import of BT_0006666
ISSUE_001832,bank_transactions_raw.csv,BT_0000657_DUP,SME_001,duplicate,Duplicate import of BT_0000657
ISSUE_001833,bank_transactions_raw.csv,BT_0010022_DUP,SME_004,duplicate,Duplicate import of BT_0010022
ISSUE_001834,bank_transactions_raw.csv,BT_0014614_DUP,SME_004,duplicate,Duplicate import of BT_0014614
ISSUE_001835,bank_transactions_raw.csv,BT_0014761_DUP,SME_004,duplicate,Duplicate import of BT_0014761
ISSUE_001836,bank_transactions_raw.csv,BT_0016870_DUP,SME_004,duplicate,Duplicate import of BT_0016870
ISSUE_001837,bank_transactions_raw.csv,BT_0015777_DUP,SME_004,duplicate,Duplicate import of BT_0015777
ISSUE_001838,bank_transactions_raw.csv,BT_0014490_DUP,SME_004,duplicate,Duplicate import of BT_0014490
ISSUE_001839,bank_transactions_raw.csv,BT_0000867_DUP,SME_001,duplicate,Duplicate import of BT_0000867
ISSUE_001840,bank_transactions_raw.csv,BT_0012345_DUP,SME_004,duplicate,Duplicate import of BT_0012345
ISSUE_001841,bank_transactions_raw.csv,BT_0004556_DUP,SME_002,duplicate,Duplicate import of BT_0004556
ISSUE_001842,bank_transactions_raw.csv,BT_0000105_DUP,SME_001,duplicate,Duplicate import of BT_0000105
ISSUE_001843,bank_transactions_raw.csv,BT_0019472_DUP,SME_005,duplicate,Duplicate import of BT_0019472
ISSUE_001844,bank_transactions_raw.csv,BT_0015557_DUP,SME_004,duplicate,Duplicate import of BT_0015557
ISSUE_001845,bank_transactions_raw.csv,BT_0002715_DUP,SME_001,duplicate,Duplicate import of BT_0002715
ISSUE_001846,bank_transactions_raw.csv,BT_0001735_DUP,SME_001,duplicate,Duplicate import of BT_0001735
ISSUE_001847,bank_transactions_raw.csv,BT_0014932_DUP,SME_004,duplicate,Duplicate import of BT_0014932
ISSUE_001848,bank_transactions_raw.csv,BT_0011406_DUP,SME_004,duplicate,Duplicate import of BT_0011406
ISSUE_001849,bank_transactions_raw.csv,BT_0015343_DUP,SME_004,duplicate,Duplicate import of BT_0015343
ISSUE_001850,bank_transactions_raw.csv,BT_0017234_DUP,SME_004,duplicate,Duplicate import of BT_0017234
ISSUE_001851,bank_transactions_raw.csv,BT_0016976_DUP,SME_004,duplicate,Duplicate import of BT_0016976
ISSUE_001852,bank_transactions_raw.csv,BT_0003047_DUP,SME_001,duplicate,Duplicate import of BT_0003047
ISSUE_001853,bank_transactions_raw.csv,BT_0009815_DUP,SME_004,duplicate,Duplicate import of BT_0009815
ISSUE_001854,bank_transactions_raw.csv,BT_0012523_DUP,SME_004,duplicate,Duplicate import of BT_0012523
ISSUE_001855,bank_transactions_raw.csv,BT_0014546_DUP,SME_004,duplicate,Duplicate import of BT_0014546
ISSUE_001856,bank_transactions_raw.csv,BT_0007098_DUP,SME_004,duplicate,Duplicate import of BT_0007098
ISSUE_001857,bank_transactions_raw.csv,BT_0007396_DUP,SME_004,duplicate,Duplicate import of BT_0007396
ISSUE_001858,bank_transactions_raw.csv,BT_0019012_DUP,SME_004,duplicate,Duplicate import of BT_0019012
ISSUE_001859,bank_transactions_raw.csv,BT_0011624_DUP,SME_004,duplicate,Duplicate import of BT_0011624
ISSUE_001860,bank_transactions_raw.csv,BT_0011424_DUP,SME_004,duplicate,Duplicate import of BT_0011424
ISSUE_001861,bank_transactions_raw.csv,BT_0012144_DUP,SME_004,duplicate,Duplicate import of BT_0012144
ISSUE_001862,bank_transactions_raw.csv,BT_0010445_DUP,SME_004,duplicate,Duplicate import of BT_0010445
ISSUE_001863,bank_transactions_raw.csv,BT_0000415_DUP,SME_001,duplicate,Duplicate import of BT_0000415
ISSUE_001864,bank_transactions_raw.csv,BT_0009503_DUP,SME_004,duplicate,Duplicate import of BT_0009503
ISSUE_001865,bank_transactions_raw.csv,BT_0015588_DUP,SME_004,duplicate,Duplicate import of BT_0015588
ISSUE_001866,bank_transactions_raw.csv,BT_0006073_DUP,SME_004,duplicate,Duplicate import of BT_0006073
ISSUE_001867,bank_transactions_raw.csv,BT_0007821_DUP,SME_004,duplicate,Duplicate import of BT_0007821
ISSUE_001868,bank_transactions_raw.csv,BT_0009512_DUP,SME_004,duplicate,Duplicate import of BT_0009512
ISSUE_001869,bank_transactions_raw.csv,BT_0016529_DUP,SME_004,duplicate,Duplicate import of BT_0016529
ISSUE_001870,bank_transactions_raw.csv,BT_0013336_DUP,SME_004,duplicate,Duplicate import of BT_0013336
ISSUE_001871,bank_transactions_raw.csv,BT_0005846_DUP,SME_004,duplicate,Duplicate import of BT_0005846
ISSUE_001872,bank_transactions_raw.csv,BT_0019237_DUP,SME_004,duplicate,Duplicate import of BT_0019237
ISSUE_001873,bank_transactions_raw.csv,BT_0009052_DUP,SME_004,duplicate,Duplicate import of BT_0009052
ISSUE_001874,bank_transactions_raw.csv,BT_0017349_DUP,SME_004,duplicate,Duplicate import of BT_0017349
ISSUE_001875,bank_transactions_raw.csv,BT_0017323_DUP,SME_004,duplicate,Duplicate import of BT_0017323
ISSUE_001876,bank_transactions_raw.csv,BT_0008980_DUP,SME_004,duplicate,Duplicate import of BT_0008980
ISSUE_001877,bank_transactions_raw.csv,BT_0006348_DUP,SME_004,duplicate,Duplicate import of BT_0006348
ISSUE_001878,bank_transactions_raw.csv,BT_0006413_DUP,SME_004,duplicate,Duplicate import of BT_0006413
ISSUE_001879,bank_transactions_raw.csv,BT_0006814_DUP,SME_004,duplicate,Duplicate import of BT_0006814
ISSUE_001880,bank_transactions_raw.csv,BT_0011700_DUP,SME_004,duplicate,Duplicate import of BT_0011700
ISSUE_001881,bank_transactions_raw.csv,BT_0018080_DUP,SME_004,duplicate,Duplicate import of BT_0018080
ISSUE_001882,bank_transactions_raw.csv,BT_0003696_DUP,SME_001,duplicate,Duplicate import of BT_0003696
ISSUE_001883,bank_transactions_raw.csv,BT_0006084_DUP,SME_004,duplicate,Duplicate import of BT_0006084
ISSUE_001884,bank_transactions_raw.csv,BT_0018368_DUP,SME_004,duplicate,Duplicate import of BT_0018368
ISSUE_001885,bank_transactions_raw.csv,BT_0006901_DUP,SME_004,duplicate,Duplicate import of BT_0006901
ISSUE_001886,bank_transactions_raw.csv,BT_0015980_DUP,SME_004,duplicate,Duplicate import of BT_0015980
ISSUE_001887,bank_transactions_raw.csv,BT_0001505_DUP,SME_001,duplicate,Duplicate import of BT_0001505
ISSUE_001888,bank_transactions_raw.csv,BT_0005753_DUP,SME_004,duplicate,Duplicate import of BT_0005753
ISSUE_001889,bank_transactions_raw.csv,BT_0006651_DUP,SME_004,duplicate,Duplicate import of BT_0006651
ISSUE_001890,bank_transactions_raw.csv,BT_0018902_DUP,SME_004,duplicate,Duplicate import of BT_0018902
ISSUE_001891,bank_transactions_raw.csv,BT_0004455_DUP,SME_001,duplicate,Duplicate import of BT_0004455
ISSUE_001892,bank_transactions_raw.csv,BT_0000039_DUP,SME_001,duplicate,Duplicate import of BT_0000039
ISSUE_001893,bank_transactions_raw.csv,BT_0014382_DUP,SME_004,duplicate,Duplicate import of BT_0014382
ISSUE_001894,bank_transactions_raw.csv,BT_0016405_DUP,SME_004,duplicate,Duplicate import of BT_0016405
ISSUE_001895,bank_transactions_raw.csv,BT_0013789_DUP,SME_004,duplicate,Duplicate import of BT_0013789
ISSUE_001896,bank_transactions_raw.csv,BT_0002782_DUP,SME_001,duplicate,Duplicate import of BT_0002782
ISSUE_001897,bank_transactions_raw.csv,BT_0010500_DUP,SME_004,duplicate,Duplicate import of BT_0010500
ISSUE_001898,bank_transactions_raw.csv,BT_0013281_DUP,SME_004,duplicate,Duplicate import of BT_0013281
ISSUE_001899,bank_transactions_raw.csv,BT_0018939_DUP,SME_004,duplicate,Duplicate import of BT_0018939
ISSUE_001900,bank_transactions_raw.csv,BT_0001832_DUP,SME_001,duplicate,Duplicate import of BT_0001832
ISSUE_001901,bank_transactions_raw.csv,BT_0003053_DUP,SME_001,duplicate,Duplicate import of BT_0003053
ISSUE_001902,bank_transactions_raw.csv,BT_0002876_DUP,SME_001,duplicate,Duplicate import of BT_0002876
ISSUE_001903,bank_transactions_raw.csv,BT_0012583_DUP,SME_004,duplicate,Duplicate import of BT_0012583
ISSUE_001904,bank_transactions_raw.csv,BT_0002536_DUP,SME_001,duplicate,Duplicate import of BT_0002536
ISSUE_001905,bank_transactions_raw.csv,BT_0003655_DUP,SME_001,duplicate,Duplicate import of BT_0003655
ISSUE_001906,bank_transactions_raw.csv,BT_0015197_DUP,SME_004,duplicate,Duplicate import of BT_0015197
ISSUE_001907,bank_transactions_raw.csv,BT_0009693_DUP,SME_004,duplicate,Duplicate import of BT_0009693
ISSUE_001908,bank_transactions_raw.csv,BT_0003731_DUP,SME_001,duplicate,Duplicate import of BT_0003731
ISSUE_001909,bank_transactions_raw.csv,BT_0003679_DUP,SME_001,duplicate,Duplicate import of BT_0003679
ISSUE_001910,bank_transactions_raw.csv,BT_0010064_DUP,SME_004,duplicate,Duplicate import of BT_0010064
ISSUE_001911,bank_transactions_raw.csv,BT_0013084_DUP,SME_004,duplicate,Duplicate import of BT_0013084
ISSUE_001912,bank_transactions_raw.csv,BT_0015081_DUP,SME_004,duplicate,Duplicate import of BT_0015081
ISSUE_001913,bank_transactions_raw.csv,BT_0001438_DUP,SME_001,duplicate,Duplicate import of BT_0001438
ISSUE_001914,bank_transactions_raw.csv,BT_0005923_DUP,SME_004,duplicate,Duplicate import of BT_0005923
ISSUE_001915,bank_transactions_raw.csv,BT_0013127_DUP,SME_004,duplicate,Duplicate import of BT_0013127
ISSUE_001916,bank_transactions_raw.csv,BT_0007269_DUP,SME_004,duplicate,Duplicate import of BT_0007269
ISSUE_001917,bank_transactions_raw.csv,BT_0008838_DUP,SME_004,duplicate,Duplicate import of BT_0008838
ISSUE_001918,bank_transactions_raw.csv,BT_0006187_DUP,SME_004,duplicate,Duplicate import of BT_0006187
ISSUE_001919,bank_transactions_raw.csv,BT_0005544_DUP,SME_004,duplicate,Duplicate import of BT_0005544
ISSUE_001920,bank_transactions_raw.csv,BT_0011512_DUP,SME_004,duplicate,Duplicate import of BT_0011512
ISSUE_001921,bank_transactions_raw.csv,BT_0002632_DUP,SME_001,duplicate,Duplicate import of BT_0002632
ISSUE_001922,bank_transactions_raw.csv,BT_0005372_DUP,SME_004,duplicate,Duplicate import of BT_0005372
ISSUE_001923,bank_transactions_raw.csv,BT_0017353_DUP,SME_004,duplicate,Duplicate import of BT_0017353
ISSUE_001924,bank_transactions_raw.csv,BT_0001099_DUP,SME_001,duplicate,Duplicate import of BT_0001099
ISSUE_001925,bank_transactions_raw.csv,BT_0006265_DUP,SME_004,duplicate,Duplicate import of BT_0006265
ISSUE_001926,bank_transactions_raw.csv,BT_0008183_DUP,SME_004,duplicate,Duplicate import of BT_0008183
ISSUE_001927,bank_transactions_raw.csv,BT_0016501_DUP,SME_004,duplicate,Duplicate import of BT_0016501
ISSUE_001928,bank_transactions_raw.csv,BT_0003651_DUP,SME_001,duplicate,Duplicate import of BT_0003651
ISSUE_001929,bank_transactions_raw.csv,BT_0014342_DUP,SME_004,duplicate,Duplicate import of BT_0014342
ISSUE_001930,bank_transactions_raw.csv,BT_0015868_DUP,SME_004,duplicate,Duplicate import of BT_0015868
ISSUE_001931,bank_transactions_raw.csv,BT_0012146_DUP,SME_004,duplicate,Duplicate import of BT_0012146
ISSUE_001932,bank_transactions_raw.csv,BT_0010583_DUP,SME_004,duplicate,Duplicate import of BT_0010583
ISSUE_001933,bank_transactions_raw.csv,BT_0016581_DUP,SME_004,duplicate,Duplicate import of BT_0016581
ISSUE_001934,bank_transactions_raw.csv,BT_0012813_DUP,SME_004,duplicate,Duplicate import of BT_0012813
ISSUE_001935,bank_transactions_raw.csv,BT_0016098_DUP,SME_004,duplicate,Duplicate import of BT_0016098
ISSUE_001936,bank_transactions_raw.csv,BT_0007684_DUP,SME_004,duplicate,Duplicate import of BT_0007684
ISSUE_001937,bank_transactions_raw.csv,BT_0015679_DUP,SME_004,duplicate,Duplicate import of BT_0015679
ISSUE_001938,bank_transactions_raw.csv,BT_0017717_DUP,SME_004,duplicate,Duplicate import of BT_0017717
ISSUE_001939,bank_transactions_raw.csv,BT_0008872_DUP,SME_004,duplicate,Duplicate import of BT_0008872
ISSUE_001940,bank_transactions_raw.csv,BT_0002643_DUP,SME_001,duplicate,Duplicate import of BT_0002643
ISSUE_001941,bank_transactions_raw.csv,BT_0017154_DUP,SME_004,duplicate,Duplicate import of BT_0017154
ISSUE_001942,bank_transactions_raw.csv,BT_0018125_DUP,SME_004,duplicate,Duplicate import of BT_0018125
ISSUE_001943,bank_transactions_raw.csv,BT_0016237_DUP,SME_004,duplicate,Duplicate import of BT_0016237
ISSUE_001944,bank_transactions_raw.csv,BT_0013390_DUP,SME_004,duplicate,Duplicate import of BT_0013390
ISSUE_001945,bank_transactions_raw.csv,BT_0000275_DUP,SME_001,duplicate,Duplicate import of BT_0000275
ISSUE_001946,bank_transactions_raw.csv,BT_0013101_DUP,SME_004,duplicate,Duplicate import of BT_0013101
ISSUE_001947,bank_transactions_raw.csv,BT_0003602_DUP,SME_001,duplicate,Duplicate import of BT_0003602
ISSUE_001948,bank_transactions_raw.csv,BT_0011436_DUP,SME_004,duplicate,Duplicate import of BT_0011436
ISSUE_001949,bank_transactions_raw.csv,BT_0006077_DUP,SME_004,duplicate,Duplicate import of BT_0006077
ISSUE_001950,bank_transactions_raw.csv,BT_0001767_DUP,SME_001,duplicate,Duplicate import of BT_0001767
ISSUE_001951,bank_transactions_raw.csv,BT_0007807_DUP,SME_004,duplicate,Duplicate import of BT_0007807
ISSUE_001952,bank_transactions_raw.csv,BT_0009805_DUP,SME_004,duplicate,Duplicate import of BT_0009805
ISSUE_001953,bank_transactions_raw.csv,BT_0004175_DUP,SME_001,duplicate,Duplicate import of BT_0004175
ISSUE_001954,bank_transactions_raw.csv,BT_0004904_DUP,SME_004,duplicate,Duplicate import of BT_0004904
ISSUE_001955,bank_transactions_raw.csv,BT_0006249_DUP,SME_004,duplicate,Duplicate import of BT_0006249
ISSUE_001956,bank_transactions_raw.csv,BT_0014010_DUP,SME_004,duplicate,Duplicate import of BT_0014010
ISSUE_001957,bank_transactions_raw.csv,BT_0011812_DUP,SME_004,duplicate,Duplicate import of BT_0011812
ISSUE_001958,bank_transactions_raw.csv,BT_0017991_DUP,SME_004,duplicate,Duplicate import of BT_0017991
ISSUE_001959,bank_transactions_raw.csv,BT_0018903_DUP,SME_004,duplicate,Duplicate import of BT_0018903
ISSUE_001960,bank_transactions_raw.csv,BT_0018972_DUP,SME_004,duplicate,Duplicate import of BT_0018972
ISSUE_001961,bank_transactions_raw.csv,BT_0015787_DUP,SME_004,duplicate,Duplicate import of BT_0015787
ISSUE_001962,bank_transactions_raw.csv,BT_0007651_DUP,SME_004,duplicate,Duplicate import of BT_0007651
ISSUE_001963,bank_transactions_raw.csv,BT_0001659_DUP,SME_001,duplicate,Duplicate import of BT_0001659
ISSUE_001964,bank_transactions_raw.csv,BT_0002574_DUP,SME_001,duplicate,Duplicate import of BT_0002574
ISSUE_001965,bank_transactions_raw.csv,BT_0008659_DUP,SME_004,duplicate,Duplicate import of BT_0008659
ISSUE_001966,bank_transactions_raw.csv,BT_0016562_DUP,SME_004,duplicate,Duplicate import of BT_0016562
ISSUE_001967,bank_transactions_raw.csv,BT_0002882_DUP,SME_001,duplicate,Duplicate import of BT_0002882
ISSUE_001968,bank_transactions_raw.csv,BT_0003390_DUP,SME_001,duplicate,Duplicate import of BT_0003390
ISSUE_001969,bank_transactions_raw.csv,BT_0008587_DUP,SME_004,duplicate,Duplicate import of BT_0008587
ISSUE_001970,bank_transactions_raw.csv,BT_0003472_DUP,SME_001,duplicate,Duplicate import of BT_0003472
ISSUE_001971,bank_transactions_raw.csv,BT_0007981_DUP,SME_004,duplicate,Duplicate import of BT_0007981
ISSUE_001972,bank_transactions_raw.csv,BT_0015719_DUP,SME_004,duplicate,Duplicate import of BT_0015719
ISSUE_001973,bank_transactions_raw.csv,BT_0007881_DUP,SME_004,duplicate,Duplicate import of BT_0007881
ISSUE_001974,bank_transactions_raw.csv,BT_0014419_DUP,SME_004,duplicate,Duplicate import of BT_0014419
ISSUE_001975,bank_transactions_raw.csv,BT_0006447_DUP,SME_004,duplicate,Duplicate import of BT_0006447
ISSUE_001976,bank_transactions_raw.csv,BT_0005358_DUP,SME_004,duplicate,Duplicate import of BT_0005358
ISSUE_001977,bank_transactions_raw.csv,BT_0016176_DUP,SME_004,duplicate,Duplicate import of BT_0016176
ISSUE_001978,bank_transactions_raw.csv,BT_0012998_DUP,SME_004,duplicate,Duplicate import of BT_0012998
ISSUE_001979,bank_transactions_raw.csv,BT_0011306_DUP,SME_004,duplicate,Duplicate import of BT_0011306
ISSUE_001980,bank_transactions_raw.csv,BT_0002564_DUP,SME_001,duplicate,Duplicate import of BT_0002564
ISSUE_001981,bank_transactions_raw.csv,BT_0008389_DUP,SME_004,duplicate,Duplicate import of BT_0008389
ISSUE_001982,bank_transactions_raw.csv,BT_0010342_DUP,SME_004,duplicate,Duplicate import of BT_0010342
ISSUE_001983,bank_transactions_raw.csv,BT_0006645_DUP,SME_004,duplicate,Duplicate import of BT_0006645
ISSUE_001984,bank_transactions_raw.csv,BT_0013657_DUP,SME_004,duplicate,Duplicate import of BT_0013657
ISSUE_001985,bank_transactions_raw.csv,BT_0009181_DUP,SME_004,duplicate,Duplicate import of BT_0009181
ISSUE_001986,bank_transactions_raw.csv,BT_0007440_DUP,SME_004,duplicate,Duplicate import of BT_0007440
ISSUE_001987,bank_transactions_raw.csv,BT_0011886_DUP,SME_004,duplicate,Duplicate import of BT_0011886
ISSUE_001988,bank_transactions_raw.csv,BT_0006048_DUP,SME_004,duplicate,Duplicate import of BT_0006048
ISSUE_001989,bank_transactions_raw.csv,BT_0009112_DUP,SME_004,duplicate,Duplicate import of BT_0009112
ISSUE_001990,bank_transactions_raw.csv,BT_0007384_DUP,SME_004,duplicate,Duplicate import of BT_0007384
ISSUE_001991,bank_transactions_raw.csv,BT_0008360_DUP,SME_004,duplicate,Duplicate import of BT_0008360
ISSUE_001992,bank_transactions_raw.csv,BT_0013044_DUP,SME_004,duplicate,Duplicate import of BT_0013044
ISSUE_001993,bank_transactions_raw.csv,BT_0008200_DUP,SME_004,duplicate,Duplicate import of BT_0008200
ISSUE_001994,bank_transactions_raw.csv,BT_0009629_DUP,SME_004,duplicate,Duplicate import of BT_0009629
ISSUE_001995,bank_transactions_raw.csv,BT_0019032_DUP,SME_004,duplicate,Duplicate import of BT_0019032
ISSUE_001996,bank_transactions_raw.csv,BT_0010950_DUP,SME_004,duplicate,Duplicate import of BT_0010950
ISSUE_001997,bank_transactions_raw.csv,BT_0018048_DUP,SME_004,duplicate,Duplicate import of BT_0018048
ISSUE_001998,bank_transactions_raw.csv,BT_0015553_DUP,SME_004,duplicate,Duplicate import of BT_0015553
ISSUE_001999,bank_transactions_raw.csv,BT_0017464_DUP,SME_004,duplicate,Duplicate import of BT_0017464
ISSUE_002000,bank_transactions_raw.csv,BT_0015082_DUP,SME_004,duplicate,Duplicate import of BT_0015082
ISSUE_002001,bank_transactions_raw.csv,BT_0010116_DUP,SME_004,duplicate,Duplicate import of BT_0010116
ISSUE_002002,bank_transactions_raw.csv,BT_0001315_DUP,SME_001,duplicate,Duplicate import of BT_0001315
ISSUE_002003,bank_transactions_raw.csv,BT_0001029_DUP,SME_001,duplicate,Duplicate import of BT_0001029
ISSUE_002004,bank_transactions_raw.csv,BT_0008848_DUP,SME_004,duplicate,Duplicate import of BT_0008848
ISSUE_002005,bank_transactions_raw.csv,BT_0009191_DUP,SME_004,duplicate,Duplicate import of BT_0009191
ISSUE_002006,bank_transactions_raw.csv,BT_0005438_DUP,SME_004,duplicate,Duplicate import of BT_0005438
ISSUE_002007,bank_transactions_raw.csv,BT_0007727_DUP,SME_004,duplicate,Duplicate import of BT_0007727
ISSUE_002008,bank_transactions_raw.csv,BT_0010324_DUP,SME_004,duplicate,Duplicate import of BT_0010324
ISSUE_002009,bank_transactions_raw.csv,BT_0016384_DUP,SME_004,duplicate,Duplicate import of BT_0016384
ISSUE_002010,bank_transactions_raw.csv,BT_0010713_DUP,SME_004,duplicate,Duplicate import of BT_0010713
ISSUE_002011,bank_transactions_raw.csv,BT_0001311_DUP,SME_001,duplicate,Duplicate import of BT_0001311
ISSUE_002012,bank_transactions_raw.csv,BT_0005128_DUP,SME_004,duplicate,Duplicate import of BT_0005128
ISSUE_002013,bank_transactions_raw.csv,BT_0007643_DUP,SME_004,duplicate,Duplicate import of BT_0007643
ISSUE_002014,bank_transactions_raw.csv,BT_0012591_DUP,SME_004,duplicate,Duplicate import of BT_0012591
ISSUE_002015,bank_transactions_raw.csv,BT_0012459_DUP,SME_004,duplicate,Duplicate import of BT_0012459
ISSUE_002016,bank_transactions_raw.csv,BT_0015188_DUP,SME_004,duplicate,Duplicate import of BT_0015188
ISSUE_002017,bank_transactions_raw.csv,BT_0001234_DUP,SME_001,duplicate,Duplicate import of BT_0001234
ISSUE_002018,bank_transactions_raw.csv,BT_0018854_DUP,SME_004,duplicate,Duplicate import of BT_0018854
ISSUE_002019,bank_transactions_raw.csv,BT_0018940_DUP,SME_004,duplicate,Duplicate import of BT_0018940
ISSUE_002020,bank_transactions_raw.csv,BT_0015086_DUP,SME_004,duplicate,Duplicate import of BT_0015086
ISSUE_002021,bank_transactions_raw.csv,BT_0002829_DUP,SME_001,duplicate,Duplicate import of BT_0002829
ISSUE_002022,bank_transactions_raw.csv,BT_0008512_DUP,SME_004,duplicate,Duplicate import of BT_0008512
ISSUE_002023,bank_transactions_raw.csv,BT_0008602_DUP,SME_004,duplicate,Duplicate import of BT_0008602
ISSUE_002024,bank_transactions_raw.csv,BT_0007150_DUP,SME_004,duplicate,Duplicate import of BT_0007150
ISSUE_002025,bank_transactions_raw.csv,BT_0015350_DUP,SME_004,duplicate,Duplicate import of BT_0015350
ISSUE_002026,bank_transactions_raw.csv,BT_0018376_DUP,SME_004,duplicate,Duplicate import of BT_0018376
ISSUE_002027,bank_transactions_raw.csv,BT_0010828_DUP,SME_004,duplicate,Duplicate import of BT_0010828
ISSUE_002028,bank_transactions_raw.csv,BT_0017853_DUP,SME_004,duplicate,Duplicate import of BT_0017853
ISSUE_002029,bank_transactions_raw.csv,BT_0005471_DUP,SME_004,duplicate,Duplicate import of BT_0005471
ISSUE_002030,bank_transactions_raw.csv,BT_0016001_DUP,SME_004,duplicate,Duplicate import of BT_0016001
ISSUE_002031,bank_transactions_raw.csv,BT_0006233_DUP,SME_004,duplicate,Duplicate import of BT_0006233
ISSUE_002032,bank_transactions_raw.csv,BT_0002726_DUP,SME_001,duplicate,Duplicate import of BT_0002726
ISSUE_002033,bank_transactions_raw.csv,BT_0016265_DUP,SME_004,duplicate,Duplicate import of BT_0016265
ISSUE_002034,bank_transactions_raw.csv,BT_0012154_DUP,SME_004,duplicate,Duplicate import of BT_0012154
ISSUE_002035,bank_transactions_raw.csv,BT_0015214_DUP,SME_004,duplicate,Duplicate import of BT_0015214
ISSUE_002036,bank_transactions_raw.csv,BT_0011987_DUP,SME_004,duplicate,Duplicate import of BT_0011987
ISSUE_002037,bank_transactions_raw.csv,BT_0016039_DUP,SME_004,duplicate,Duplicate import of BT_0016039
ISSUE_002038,bank_transactions_raw.csv,BT_0002087_DUP,SME_001,duplicate,Duplicate import of BT_0002087
ISSUE_002039,bank_transactions_raw.csv,BT_0004592_REV,SME_003,reversal,Reversal of BT_0004592
ISSUE_002040,bank_transactions_raw.csv,BT_0019238_REV,SME_004,reversal,Reversal of BT_0019238
ISSUE_002041,invoices_raw.csv,INV_000010,SME_001,missing_value,due_date missing
ISSUE_002042,invoices_raw.csv,INV_000095,SME_002,missing_value,due_date missing
ISSUE_002043,invoices_raw.csv,INV_000116,SME_003,missing_value,due_date missing
ISSUE_002044,invoices_raw.csv,INV_000126,SME_003,missing_value,due_date missing
ISSUE_002045,invoices_raw.csv,INV_000132,SME_004,missing_value,due_date missing
ISSUE_002046,invoices_raw.csv,INV_000133,SME_004,missing_value,due_date missing
ISSUE_002047,invoices_raw.csv,INV_000134,SME_004,missing_value,due_date missing
ISSUE_002048,invoices_raw.csv,INV_000155,SME_004,missing_value,due_date missing
ISSUE_002049,invoices_raw.csv,INV_000182,SME_004,missing_value,due_date missing
ISSUE_002050,invoices_raw.csv,INV_000210,SME_004,missing_value,due_date missing
ISSUE_002051,invoices_raw.csv,INV_000247,SME_004,missing_value,due_date missing
ISSUE_002052,invoices_raw.csv,INV_000268,SME_004,missing_value,due_date missing
ISSUE_002053,invoices_raw.csv,INV_000287,SME_004,missing_value,due_date missing
ISSUE_002054,invoices_raw.csv,INV_000323,SME_004,missing_value,due_date missing
ISSUE_002055,invoices_raw.csv,INV_000338,SME_004,missing_value,due_date missing
ISSUE_002056,invoices_raw.csv,INV_000341,SME_004,missing_value,due_date missing
ISSUE_002057,invoices_raw.csv,INV_000365,SME_004,missing_value,due_date missing
ISSUE_002058,invoices_raw.csv,INV_000383,SME_005,missing_value,due_date missing
ISSUE_002059,invoices_raw.csv,INV_000400,SME_005,missing_value,due_date missing
ISSUE_002060,invoices_raw.csv,INV_000411,SME_005,missing_value,due_date missing
ISSUE_002061,invoices_raw.csv,INV_000056_DUP,SME_002,duplicate,Duplicate invoice import of INV_000056
ISSUE_002062,invoices_raw.csv,INV_000074_DUP,SME_002,duplicate,Duplicate invoice import of INV_000074
ISSUE_002063,invoices_raw.csv,INV_000034_DUP,SME_001,duplicate,Duplicate invoice import of INV_000034
ISSUE_002064,invoices_raw.csv,INV_000447_DUP,SME_005,duplicate,Duplicate invoice import of INV_000447
ISSUE_002065,invoices_raw.csv,INV_000426_DUP,SME_005,duplicate,Duplicate invoice import of INV_000426
ISSUE_002066,supplier_bills_raw.csv,BILL_000025,SME_001,missing_value,supplier_id missing
ISSUE_002067,supplier_bills_raw.csv,BILL_000030,SME_001,missing_value,supplier_id missing
ISSUE_002068,supplier_bills_raw.csv,BILL_000044,SME_001,missing_value,supplier_id missing
ISSUE_002069,supplier_bills_raw.csv,BILL_000086,SME_003,missing_value,supplier_id missing
ISSUE_002070,supplier_bills_raw.csv,BILL_000088,SME_003,missing_value,supplier_id missing
ISSUE_002071,supplier_bills_raw.csv,BILL_000107,SME_003,missing_value,supplier_id missing
ISSUE_002072,supplier_bills_raw.csv,BILL_000112,SME_003,missing_value,supplier_id missing
ISSUE_002073,supplier_bills_raw.csv,BILL_000113,SME_003,missing_value,supplier_id missing
ISSUE_002074,supplier_bills_raw.csv,BILL_000177,SME_004,missing_value,supplier_id missing
ISSUE_002075,supplier_bills_raw.csv,BILL_000192,SME_004,missing_value,supplier_id missing
ISSUE_002076,supplier_bills_raw.csv,BILL_000217,SME_004,missing_value,supplier_id missing
ISSUE_002077,supplier_bills_raw.csv,BILL_000219,SME_004,missing_value,supplier_id missing
ISSUE_002078,supplier_bills_raw.csv,BILL_000255,SME_004,missing_value,supplier_id missing
ISSUE_002079,supplier_bills_raw.csv,BILL_000268,SME_004,missing_value,supplier_id missing
ISSUE_002080,supplier_bills_raw.csv,BILL_000290,SME_004,missing_value,supplier_id missing
ISSUE_002081,supplier_bills_raw.csv,BILL_000228_DUP,SME_004,duplicate,Duplicate bill import of BILL_000228
ISSUE_002082,supplier_bills_raw.csv,BILL_000043_DUP,SME_001,duplicate,Duplicate bill import of BILL_000043
ISSUE_002083,supplier_bills_raw.csv,BILL_000257_DUP,SME_004,duplicate,Duplicate bill import of BILL_000257
ISSUE_002084,supplier_bills_raw.csv,BILL_000183_DUP,SME_004,duplicate,Duplicate bill import of BILL_000183
